work_year,salary,salary_in_usd,remote_ratio
0.01723728410763968,0.6816523621409661,0.7314726291589441,0.0008520654526762077
0.04762832134464871,0.7063023432226698,0.7063023432226698,0.002354341144075566
0.0560088653610997,0.7059941011903322,0.7059941011903322,0.00276860431839346
0.008173880651570252,0.7070831013469077,0.7070831013469077,0.00040404748648394725
0.01191979286890324,0.7070564232666282,0.7070564232666282,0.0005892136860555235
0.006437656958137902,0.7070921285705595,0.7070921285705595,0.0
0.010517631588658734,0.7070676698257973,0.7070676698257973,0.0
0.006531719194246746,0.707091697251625,0.707091697251625,0.0
0.010144705018770944,0.7070703942890277,0.7070703942890277,0.0
0.009724061085475879,0.7070733493195758,0.7070733493195758,0.0
0.015769560556287393,0.7070188544020101,0.7070188544020101,0.0
0.011003001638658975,0.7070638719850058,0.7070638719850058,0.0005438952861423122
0.014303303265714818,0.7070342691900553,0.7070342691900553,0.0007070342691900553
0.006694959090233808,0.7070909338701706,0.7070909338701706,0.0
0.010939059560850962,0.7070644726529273,0.7070644726529273,0.0
0.009724061085475879,0.7070733493195758,0.7070733493195758,0.0
0.015769560556287393,0.7070188544020101,0.7070188544020101,0.0
0.008414272815099351,0.7070817491680128,0.7070817491680128,0.0
0.009536079835647096,0.7070746294350294,0.7070746294350294,0.0
0.0095360787761792,0.707074550878339,0.707074550878339,0.00047138303391889273
0.01300323438397342,0.7070468523168938,0.7070468523168938,0.0006427698657426308
0.0052016642391956285,0.7070972149178437,0.7070972149178437,0.0
0.008220854482494308,0.7070828867790457,0.7070828867790457,0.0
0.006219344716816791,0.7070930721047265,0.7070930721047265,0.0003074317704803159
0.00998886506645684,0.7070714174575479,0.7070714174575479,0.0004937649563251033
0.00635754715221318,0.7070924909777389,0.7070924909777389,0.0
0.009145889957268878,0.707077206780451,0.707077206780451,0.0
0.0071522021528245055,0.707088695286654,0.707088695286654,0.0
0.011003003266124764,0.7070639765675825,0.7070639765675825,0.0
0.01589218183625367,0.7070174815930945,0.7070174815930945,0.0
0.019863816360826552,0.7069672654372278,0.7069672654372278,0.0
0.005649503119955085,0.7070954967734194,0.7070954967734194,0.0
0.015769560556287393,0.7070188544020101,0.7070188544020101,0.0
0.004172762068183024,0.7071006251081674,0.7071006251081674,0.0
0.007749250051445244,0.7070855496768549,0.7070855496768549,0.0
0.008802594440199847,0.7070793853348863,0.7070793853348863,0.0
0.011003003266124764,0.7070639765675825,0.7070639765675825,0.0
0.013573213535394316,0.7070416422935507,0.7070416422935507,0.0
0.022172486049214162,0.7069329462057902,0.7069329462057902,0.0
0.014303303265714818,0.7070342691900553,0.7070342691900553,0.0007070342691900553
0.04762832134464871,0.7063023432226698,0.7063023432226698,0.002354341144075566
0.0012253545364720334,0.9999183902961697,0.012716537879984741,3.030055728170211e-05
0.006990724582361171,0.7070895027398629,0.7070895027398629,0.0
0.012923360670795801,0.7070477306197129,0.7070477306197129,0.0
0.005284230490723631,0.7070969088138206,0.7070969088138206,0.0
0.006458467357205008,0.7070920336842283,0.7070920336842283,0.0
0.006723593914844965,0.7070907589635523,0.7070907589635523,0.0003323575835316345
0.007732076500942979,0.7070855920288933,0.7070855920288933,0.0003822084281237261
0.0054597543725140195,0.7070962163117513,0.7070962163117513,0.000269884052027386
0.005838581945966102,0.7070946993384553,0.7070946993384553,0.0002886100813626348
0.005195995861784036,0.7070972124316091,0.7070972124316091,0.0002568460633605554
0.007795277651450744,0.7070852442121659,0.7070852442121659,0.00038533255815376887
0.00654666493742556,0.7070915911159095,0.7070915911159095,0.00032361171218119424
0.007184602598218923,0.7070884864558532,0.7070884864558532,0.00035514595146905205
0.00703611176664704,0.7070892348785681,0.7070892348785681,0.00034780582138640835
0.011572661744886996,0.7070593137261655,0.7070593137261655,0.0005720544609434995
0.0075640425972682305,0.7070865524317326,0.7070865524317326,0.0
0.010290656649520091,0.7070693397346973,0.7070693397346973,0.0
0.005528329115948342,0.7070959756557754,0.7070959756557754,0.0
0.007732077065706599,0.7070856436755911,0.7070856436755911,0.0
0.0061790481342992535,0.7070932491795735,0.7070932491795735,0.00030543984845769913
0.008617010717262315,0.7070804641945351,0.7070804641945351,0.00042595208686417775
0.00829233458263417,0.7070824100367743,0.7070824100367743,0.00040990284639813004
0.01294440612467165,0.7070473933644179,0.7070473933644179,0.000639861894447437
0.006010299080038945,0.7070940094163465,0.7070940094163465,0.0
0.008127441887826926,0.7070834267214725,0.7070834267214725,0.0
0.00603565780124084,0.7070938699426985,0.7070938699426985,0.0002983518438576787
0.0071007240865619305,0.7070889111408308,0.7070889111408308,0.00035099970768966534
0.004623341078970044,0.7070992238424773,0.7070992238424773,0.0
0.008990692662578272,0.7070782019852708,0.7070782019852708,0.0
0.012437968386750634,0.7070520832804364,0.7070520832804364,0.0
0.01754916229643139,0.7069978878690847,0.7069978878690847,0.0
0.00603565780124084,0.7070938699426985,0.7070938699426985,0.0002983518438576787
0.0071007240865619305,0.7070889111408308,0.7070889111408308,0.00035099970768966534
0.005108779824132877,0.707097553513201,0.707097553513201,0.0
0.006811637295386182,0.7070903766836868,0.7070903766836868,0.0
0.005106955796156523,0.7070975375696699,0.7070975375696699,0.00025244467603344157
0.008509370023051339,0.7070811175852348,0.7070811175852348,0.00042063124187104986
0.007392443595781428,0.7070874126464193,0.7070874126464193,0.0003654198514968575
0.010290655318123567,0.7070692482546593,0.7070692482546593,0.000508682912413424
0.003934746664597448,0.9919529406548189,0.12654596514683103,0.0
0.0095360787761792,0.707074550878339,0.707074550878339,0.00047138303391889273
0.02121344177610483,0.6815984752579406,0.7314180807341017,0.0010486130388583702
0.0047658455471776065,0.7070987458720484,0.7070987458720484,0.00011784979097867473
0.01532249863191027,0.6816731966742087,0.7314959332044636,0.000757414662971343
0.007694645885829201,0.7070858478376907,0.7070858478376907,0.0
0.011062563685598879,0.707063511887264,0.707063511887264,0.0
0.006357546838272948,0.7070924560610051,0.7070924560610051,0.00031426331380489115
0.008173880651570252,0.7070831013469077,0.7070831013469077,0.00040404748648394725
0.007732077065706599,0.7070856436755911,0.7070856436755911,0.0
0.010217159659945307,0.7070698726605749,0.7070698726605749,0.0
0.03063421954129613,0.6814334549472693,0.7312386690210819,0.0
0.03828277733054943,0.6812555530893621,0.7310439797609763,0.0
0.013622326542474366,0.7070411700246211,0.7070411700246211,0.0
0.02043112035257377,0.7069591817499574,0.7069591817499574,0.0
0.0087650559341176,0.707079618499385,0.707079618499385,0.0
0.009805039959622197,0.7070727901678123,0.7070727901678123,0.0
0.006591916417240199,0.7070913803960075,0.7070913803960075,0.0003258485623944735
0.007732076500942979,0.7070855920288933,0.7070855920288933,0.0003822084281237261
0.007053458746874952,0.7070891912339299,0.7070891912339299,0.0
0.01371373441614634,0.7070402865071987,0.7070402865071987,0.0
0.009864878707699106,0.7070723740071035,0.7070723740071035,0.0
0.0220020113490494,0.706935609336733,0.706935609336733,0.0
0.008669231897964575,0.7070802091765471,0.7070802091765471,0.0
0.010811741564485514,0.7070654517950734,0.7070654517950734,0.0
0.007983654792709708,0.7070842457784471,0.7070842457784471,0.0
0.015167682525029053,0.7070254385122292,0.7070254385122292,0.0
0.009379764526456927,0.7070756748812068,0.7070756748812068,0.0
0.012283118099327577,0.7070534368100329,0.7070534368100329,0.0
0.005784282603087965,0.7070949519246928,0.7070949519246928,0.0
0.010690547630514392,0.7070663731897309,0.7070663731897309,0.0
0.007046509871656553,0.7070892258755711,0.7070892258755711,0.0
0.010754844260810165,0.7070658856587998,0.7070658856587998,0.0
0.006502030735623497,0.7070918249318682,0.7070918249318682,0.0001607026874845155
0.025854287877733553,0.6904705961412521,0.7228971411748487,0.0012786492521134297
0.009536079835647096,0.7070746294350294,0.7070746294350294,0.0
0.01191979493801752,0.7070565460020279,0.7070565460020279,0.0
0.0049360234366082004,0.7070981670435277,0.7070981670435277,0.0
0.006684322714977213,0.7070909841844407,0.7070909841844407,0.0
0.007954797898915152,0.7070844083949198,0.7070844083949198,0.0
0.009943043967498996,0.7070718265765722,0.7070718265765722,0.0
0.005051054822189494,0.7070977388255386,0.7070977388255386,0.0002496814049525207
0.007576461126909424,0.7070864363620857,0.7070864363620857,0.00037451612095449455
0.0049360234366082004,0.7070981670435277,0.7070981670435277,0.0
0.006678081795764852,0.7070910136692197,0.7070910136692197,0.0
0.007694645885829201,0.7070858478376907,0.7070858478376907,0.0
0.011062563685598879,0.707063511887264,0.707063511887264,0.0
0.005676404650981022,0.7070953890495392,0.7070953890495392,0.0
0.011088287418435596,0.7070633104192743,0.7070633104192743,0.0
0.009228490991760551,0.707076670154664,0.707076670154664,0.0
0.010217159659945307,0.7070698726605749,0.7070698726605749,0.0
0.008840673543815061,0.707079080271516,0.707079080271516,0.00043700808422219775
0.0101017221169876,0.707070613823749,0.707070613823749,0.0004993436538303312
0.004178979046031152,0.7071006067505998,0.7071006067505998,0.0
0.008122826950016423,0.7070834532367237,0.7070834532367237,0.0
0.014303303265714818,0.7070342691900553,0.7070342691900553,0.0007070342691900553
0.020431109932892058,0.7069588212073377,0.7069588212073377,0.0010099411731533396
0.016826758723629886,0.7070066690600793,0.7070066690600793,0.0
0.0220020113490494,0.706935609336733,0.706935609336733,0.0
0.010306669736466122,0.7070691313424193,0.7070691313424193,0.000509474529731395
0.017176239643761804,0.7070022121285445,0.7070022121285445,0.0008490479309817996
0.01906955866118174,0.7069782004886953,0.7069782004886953,0.0
0.02043112035257377,0.7069591817499574,0.7069591817499574,0.0
0.006994826518386574,0.7070894824567743,0.7070894824567743,0.0
0.010298064544204419,0.7070692858082026,0.7070692858082026,0.0
0.004494070177619172,0.7070996231024135,0.7070996231024135,0.00022214879770732435
0.006741019967716023,0.7070906758029363,0.7070906758029363,0.00033321898011448456
0.015055941912475408,0.7070264368191616,0.7070264368191616,0.0007442383545464859
0.01906955018891003,0.7069778863906339,0.7069778863906339,0.0009426371818541785
0.007335582206617118,0.7070877559517241,0.7070877559517241,0.0
0.00894012406984309,0.7070785225778025,0.7070785225778025,0.0
0.006219345010725297,0.70709310551993,0.70709310551993,0.0
0.009988866284118852,0.7070715036509242,0.7070715036509242,0.0
0.014303303265714818,0.7070342691900553,0.7070342691900553,0.0007070342691900553
0.020431109932892058,0.7069588212073377,0.7069588212073377,0.0010099411731533396
0.013622325770377001,0.7070411299503634,0.7070411299503634,0.0003366862523573159
0.0011899112022929587,0.9999253800781166,0.012157916238949807,5.8819140004595096e-05
0.0338083542869131,0.6350555921417191,0.7717262403663239,0.0
0.036702138985513236,0.6349851035555923,0.771652040272286,0.0
0.009864878707699106,0.7070723740071035,0.7070723740071035,0.0
0.012437968386750634,0.7070520832804364,0.7070520832804364,0.0
0.008494212658977712,0.7070812712663601,0.7070812712663601,0.0
0.013596433375401337,0.7070414192250226,0.7070414192250226,0.0
0.004623341078970044,0.7070992238424773,0.7070992238424773,0.0
0.008990692662578272,0.7070782019852708,0.7070782019852708,0.0
0.007528613042299813,0.7070867414913319,0.7070867414913319,0.0
0.009536079835647096,0.7070746294350294,0.7070746294350294,0.0
0.008802594440199847,0.7070793853348863,0.7070793853348863,0.0
0.011003003266124764,0.7070639765675825,0.7070639765675825,0.0
0.0095360787761792,0.707074550878339,0.707074550878339,0.00047138303391889273
0.01191979286890324,0.7070564232666282,0.7070564232666282,0.0005892136860555235
0.009864878707699106,0.7070723740071035,0.7070723740071035,0.0
0.01191979493801752,0.7070565460020279,0.7070565460020279,0.0
0.006437656958137902,0.7070921285705595,0.7070921285705595,0.0
0.010517631588658734,0.7070676698257973,0.7070676698257973,0.0
0.02855376721352594,0.6351554743493165,0.7718550469953861,0.001411456609665148
0.03670207858351683,0.6349840585383535,0.7716507703374798,0.0018142401672524386
0.005935484731455584,0.7070943253983172,0.7070943253983172,0.0
0.009228490991760551,0.707076670154664,0.707076670154664,0.0
0.006502030483747644,0.7070917975405249,0.7070917975405249,0.00032140536251842037
0.007528612520957324,0.7070866925268866,0.7070866925268866,0.0003721508908036245
0.02336539174882312,0.6352429788360215,0.7719588177538759,0.0
0.028553795656115318,0.6351561070317298,0.7718558158451142,0.0
0.09479490403950443,0.7039225547487953,0.7039225547487953,0.0
0.018360338868350767,0.6353058431955282,0.7720418122467257,0.0009075797759936118
0.02705208595359176,0.635182443299856,0.7718870773599492,0.0013372261964207494
0.0168267529028736,0.7070064244904873,0.7070064244904873,0.0008317722641064557
0.01906955018891003,0.7069778863906339,0.7069778863906339,0.0009426371818541785
0.00894012406984309,0.7070785225778025,0.7070785225778025,0.0
0.010217159659945307,0.7070698726605749,0.7070698726605749,0.0
0.004768202522534109,0.7070987428374852,0.7070987428374852,0.0
0.005721814407362619,0.7070952060507437,0.7070952060507437,0.0
0.006273898530641263,0.70709286455077,0.70709286455077,0.0
0.007690509224177683,0.7070858703396189,0.7070858703396189,0.0
0.007528613042299813,0.7070867414913319,0.7070867414913319,0.0
0.008414272815099351,0.7070817491680128,0.7070817491680128,0.0
0.006219345010725297,0.70709310551993,0.70709310551993,0.0
0.0071522021528245055,0.707088695286654,0.707088695286654,0.0
0.007946842990488041,0.7070843985604782,0.7070843985604782,0.00039282466586693234
0.012437966035892284,0.7070519496429128,0.7070519496429128,0.0006148277822981851
0.007152201705834779,0.7070886510958753,0.7070886510958753,0.00035354432554793764
0.012437966035892284,0.7070519496429128,0.7070519496429128,0.0006148277822981851
0.02757337169034429,0.6814970758859192,0.7313008821916622,0.0006814970758859192
0.00650203081958212,0.7070918340623166,0.7070918340623166,0.0
0.006977766797583293,0.7070895667348368,0.7070895667348368,0.0
0.007946843603631622,0.707084453116012,0.707084453116012,0.0
0.011003003266124764,0.7070639765675825,0.7070639765675825,0.0
0.007152201705834779,0.7070886510958753,0.7070886510958753,0.00035354432554793764
0.0095360787761792,0.707074550878339,0.707074550878339,0.00047138303391889273
0.006653234221309169,0.7070911307866887,0.7070911307866887,0.0
0.008414272815099351,0.7070817491680128,0.7070817491680128,0.0
0.005779608591526346,0.7070949710344887,0.7070949710344887,0.0
0.00830678086043157,0.707082384659573,0.707082384659573,0.0
0.006385927904298336,0.7070923631056981,0.7070923631056981,0.0
0.008127441887826926,0.7070834267214725,0.7070834267214725,0.0
0.01191979286890324,0.7070564232666282,0.7070564232666282,0.0005892136860555235
0.01906955018891003,0.7069778863906339,0.7069778863906339,0.0009426371818541785
0.001444891692098265,0.9999250464347855,0.012157660100294941,7.142321760248468e-05
0.016701648499925573,0.8255881611431326,0.5640253199297653,0.0008255881611431326
0.016180327907341606,0.799818482814711,0.6000238258075963,0.0
0.010217159659945307,0.7070698726605749,0.7070698726605749,0.0
0.01191979493801752,0.7070565460020279,0.7070565460020279,0.0
0.01117490388793822,0.7070626285991558,0.7070626285991558,0.0
0.01754916229643139,0.7069978878690847,0.7069978878690847,0.0
0.009864878707699106,0.7070723740071035,0.7070723740071035,0.0
0.012437968386750634,0.7070520832804364,0.7070520832804364,0.0
0.007732077065706599,0.7070856436755911,0.7070856436755911,0.0
0.010217159659945307,0.7070698726605749,0.7070698726605749,0.0
0.004341315745555886,0.7071001177264777,0.7071001177264777,0.0
0.0053058489717371475,0.7070968278696663,0.7070968278696663,0.0
0.01430330684080863,0.7070344459124384,0.7070344459124384,0.0
0.017878104884908395,0.7069937670749736,0.7069937670749736,0.0
0.005721814407362619,0.7070952060507437,0.7070952060507437,0.0
0.008802594440199847,0.7070793853348863,0.7070793853348863,0.0
0.007152201705834779,0.7070886510958753,0.7070886510958753,0.00035354432554793764
0.009864878707699106,0.7070723740071035,0.7070723740071035,0.0
0.01430330684080863,0.7070344459124384,0.7070344459124384,0.0
0.009864878707699106,0.7070723740071035,0.7070723740071035,0.0
0.012437968386750634,0.7070520832804364,0.7070520832804364,0.0
0.007029197436085172,0.7070893120332835,0.7070893120332835,0.0
0.009410616287045636,0.7070754699114862,0.7070754699114862,0.0
0.0059851522878777725,0.7070941160666276,0.7070941160666276,0.0
0.011638569011434919,0.7070588885345287,0.7070588885345287,0.0
0.006035658069869345,0.7070939014132648,0.7070939014132648,0.0
0.009864878707699106,0.7070723740071035,0.7070723740071035,0.0
0.007459323759994968,0.7070871086680351,0.7070871086680351,0.0
0.010655828563686817,0.7070666352323597,0.7070666352323597,0.0
0.007528612520957324,0.7070866925268866,0.7070866925268866,0.0003721508908036245
0.012771072079573443,0.7070489732635816,0.7070489732635816,0.0006312937261281978
0.016593168758752046,0.6893304528858417,0.7242565291653911,0.000820631491530764
0.016826758723629886,0.7070066690600793,0.7070066690600793,0.0
0.0220020113490494,0.706935609336733,0.706935609336733,0.0
0.010595531256542732,0.7070670883011709,0.7070670883011709,0.0
0.013557777648557378,0.7070417903721223,0.7070417903721223,0.0
0.004882115940234959,0.7070983541714498,0.7070983541714498,0.0
0.007732077065706599,0.7070856436755911,0.7070856436755911,0.0
0.017878104884908395,0.7069937670749736,0.7069937670749736,0.0
0.02043112035257377,0.7069591817499574,0.7069591817499574,0.0
0.006502030483747644,0.7070917975405249,0.7070917975405249,0.00032140536251842037
0.008940123196854007,0.7070784535326945,0.7070784535326945,0.0004419240334579341
0.008173880651570252,0.7070831013469077,0.7070831013469077,0.00040404748648394725
0.009864877534819565,0.7070722899401072,0.7070722899401072,0.00048763606202766014
0.0071522021528245055,0.707088695286654,0.707088695286654,0.0
0.009632394981836611,0.7070739766696671,0.7070739766696671,0.0
0.03063421954129613,0.6814334549472693,0.7312386690210819,0.0
0.03828277733054943,0.6812555530893621,0.7310439797609763,0.0
0.005947824180461661,0.7070942735546365,0.7070942735546365,0.0
0.01156330946250895,0.7070595059378928,0.7070595059378928,0.0
0.009355227378243505,0.7070757618059476,0.7070757618059476,0.00046244327129231364
0.01221494480363588,0.7070538984210389,0.7070538984210389,0.0006038034999325695
0.008268369942574723,0.7070825506996673,0.7070825506996673,0.00040871823739865165
0.012658071976425048,0.7070499917627437,0.7070499917627437,0.0006257079573121626
0.005501751417038332,0.7070960793029987,0.7070960793029987,0.0
0.010517631588658734,0.7070676698257973,0.7070676698257973,0.0
0.008173881318781207,0.7070831590641183,0.7070831590641183,0.0
0.013003237070137553,0.7070469983762386,0.7070469983762386,0.0
0.005501751417038332,0.7070960793029987,0.7070960793029987,0.0
0.010517631588658734,0.7070676698257973,0.7070676698257973,0.0
0.011003001638658975,0.7070638719850058,0.7070638719850058,0.0005438952861423122
0.01300323438397342,0.7070468523168938,0.7070468523168938,0.0006427698657426308
0.006977766382507359,0.7070895246732618,0.7070895246732618,0.00034492171935281065
0.0077740961168391905,0.7070853610965947,0.7070853610965947,0.00038428552233510583
0.00956796909427711,0.7070743349453426,0.7070743349453426,0.0004729594213681221
0.011256235854940793,0.7070618740813649,0.7070618740813649,0.000556413042755353
0.007335582206617118,0.7070877559517241,0.7070877559517241,0.0
0.00894012406984309,0.7070785225778025,0.7070785225778025,0.0
0.006515801935383652,0.7070917340012111,0.7070917340012111,0.00032208610654392745
0.009789606154905078,0.7070728142975558,0.7070728142975558,0.00048391528200222823
0.008414272815099351,0.7070817491680128,0.7070817491680128,0.0
0.010595531256542732,0.7070670883011709,0.7070670883011709,0.0
0.008173880651570252,0.7070831013469077,0.7070831013469077,0.00040404748648394725
0.009864877534819565,0.7070722899401072,0.7070722899401072,0.00048763606202766014
0.00718814101476854,0.7070885130691742,0.7070885130691742,0.0
0.008829760826633564,0.7070792159736221,0.7070792159736221,0.0
0.006437656958137902,0.7070921285705595,0.7070921285705595,0.0
0.010517631588658734,0.7070676698257973,0.7070676698257973,0.0
0.006472610769734016,0.7070919328280858,0.7070919328280858,0.00031995110082718814
0.00934911338647232,0.7070758023382427,0.7070758023382427,0.00046214104727989723
0.007649385919263192,0.7070860933772699,0.7070860933772699,0.0
0.01117490388793822,0.7070626285991558,0.7070626285991558,0.0
0.006811637295386182,0.7070903766836868,0.7070903766836868,0.0
0.010517631588658734,0.7070676698257973,0.7070676698257973,0.0
0.008173880651570252,0.7070831013469077,0.7070831013469077,0.00040404748648394725
0.014303303265714818,0.7070342691900553,0.7070342691900553,0.0007070342691900553
0.007991236550720383,0.7070842029554862,0.7070842029554862,0.0
0.013122512373666738,0.7070458965544609,0.7070458965544609,0.0
0.005838582189130734,0.7070947287874592,0.7070947287874592,0.0
0.007946843603631622,0.707084453116012,0.707084453116012,0.0
0.01007326946027835,0.7070708172810309,0.7070708172810309,0.0004979371952683317
0.01906955018891003,0.7069778863906339,0.7069778863906339,0.0009426371818541785
0.00719537217075185,0.7070884762953376,0.7070884762953376,0.0
0.013596433375401337,0.7070414192250226,0.7070414192250226,0.0
0.011443065043274643,0.7070603709388682,0.7070603709388682,0.0005656482967510946
0.012771072079573443,0.7070489732635816,0.7070489732635816,0.0006312937261281978
0.006811637295386182,0.7070903766836868,0.7070903766836868,0.0
0.009228490991760551,0.707076670154664,0.707076670154664,0.0
0.012437966035892284,0.7070519496429128,0.7070519496429128,0.0006148277822981851
0.01663114755523703,0.7070087443155633,0.7070087443155633,0.0008221031910646085
0.008669231897964575,0.7070802091765471,0.7070802091765471,0.0
0.010217159659945307,0.7070698726605749,0.7070698726605749,0.0
0.010290656649520091,0.7070693397346973,0.7070693397346973,0.0
0.01349383753935886,0.70704240196344,0.70704240196344,0.0
0.029563350086358714,0.8037490137171178,0.594233566268712,0.0
0.005199093046115804,0.707097224372822,0.707097224372822,0.0
0.028597831868565158,0.7068173966526238,0.7068173966526238,0.0007068173966526238
0.005096039894402376,0.7070975770433746,0.7070975770433746,0.00025190508622849117
0.009507558696300808,0.7070747433803543,0.7070747433803543,0.0004699732425259915
0.023232201928844242,0.8038824196831917,0.5943332409409176,0.001148403456690274
0.005710393992910656,0.707095252211626,0.707095252211626,0.0
0.008968147286645384,0.7070783451408497,0.7070783451408497,0.0
0.009864878707699106,0.7070723740071035,0.7070723740071035,0.0
0.012437968386750634,0.7070520832804364,0.7070520832804364,0.0
0.010217159659945307,0.7070698726605749,0.7070698726605749,0.0
0.01191979493801752,0.7070565460020279,0.7070565460020279,0.0
0.011002917011107578,0.7070638726450797,0.7070638726450797,0.0005438911028723469
0.019889487204772276,0.7069665627452102,0.7069665627452102,0.0009831679290544873
0.015229356627066502,0.707024575235211,0.707024575235211,0.0007528105104827733
0.02751883975351881,0.7068383347861317,0.7068383347861317,0.0013602985543014737
0.008173880651570252,0.7070831013469077,0.7070831013469077,0.00040404748648394725
0.010595529803272557,0.7070669913207095,0.7070669913207095,0.0005237533269042292
0.016826758723629886,0.7070066690600793,0.7070066690600793,0.0
0.0220020113490494,0.706935609336733,0.706935609336733,0.0
0.005565972218079101,0.7070958280011512,0.7070958280011512,0.0
0.009730675466880997,0.7070733038218026,0.7070733038218026,0.0
0.006443456081567452,0.7070920662916333,0.7070920662916333,0.000318509939771006
0.008173880651570252,0.7070831013469077,0.7070831013469077,0.00040404748648394725
0.0070465094441917175,0.7070891829811758,0.7070891829811758,0.0003483197945720078
0.010738696196654005,0.7070659087465712,0.7070659087465712,0.0005308302618217501
0.006694959090233808,0.7070909338701706,0.7070909338701706,0.0
0.010939059560850962,0.7070644726529273,0.7070644726529273,0.0
0.006472611101030439,0.707091969020132,0.707091969020132,0.0
0.009730675466880997,0.7070733038218026,0.7070733038218026,0.0
0.01430330684080863,0.7070344459124384,0.7070344459124384,0.0
0.017878104884908395,0.7069937670749736,0.7069937670749736,0.0
0.007694645885829201,0.7070858478376907,0.7070858478376907,0.0
0.011062563685598879,0.707063511887264,0.707063511887264,0.0
0.006010298814782184,0.7070939782096688,0.7070939782096688,0.0002970983101721297
0.009169338046123129,0.707076982301141,0.707076982301141,0.00045325447583406474
0.004705464286772129,0.7070989338500876,0.7070989338500876,0.0002325983335033183
0.007188140561006709,0.707088468433186,0.707088468433186,0.00035532083840863614
0.030634184417782623,0.6814326736530983,0.7312378306229882,0.0015142948303402187
0.009536079835647096,0.7070746294350294,0.7070746294350294,0.0
0.011003003266124764,0.7070639765675825,0.7070639765675825,0.0
0.01021715835687246,0.7070697824825232,0.7070697824825232,0.0005050498446303737
0.01300323438397342,0.7070468523168938,0.7070468523168938,0.0006427698657426308
0.01589218183625367,0.7070174815930945,0.7070174815930945,0.0
0.01906955866118174,0.7069782004886953,0.7069782004886953,0.0
0.007973942059999097,0.6353927138269176,0.7721479880590821,0.0
0.015197961160688896,0.6353393847550469,0.7720834722720312,0.0
0.005960215041104608,0.7070942213866069,0.7070942213866069,0.0
0.007791032693724545,0.7070853201027317,0.7070853201027317,0.0
0.011003003266124764,0.7070639765675825,0.7070639765675825,0.0
0.017878104884908395,0.7069937670749736,0.7069937670749736,0.0
0.005721814407362619,0.7070952060507437,0.7070952060507437,0.0
0.009536079835647096,0.7070746294350294,0.7070746294350294,0.0
0.008940123196854007,0.7070784535326945,0.7070784535326945,0.0004419240334579341
0.01191979286890324,0.7070564232666282,0.7070564232666282,0.0005892136860555235
0.004948385561344951,0.7070981238414993,0.7070981238414993,0.0
0.007069039136980957,0.7070891134382143,0.7070891134382143,0.0
0.009864878707699106,0.7070723740071035,0.7070723740071035,0.0
0.01191979493801752,0.7070565460020279,0.7070565460020279,0.0
0.009228490991760551,0.707076670154664,0.707076670154664,0.0
0.01349383753935886,0.70704240196344,0.70704240196344,0.0
0.0071522021528245055,0.707088695286654,0.707088695286654,0.0
0.00894012406984309,0.7070785225778025,0.7070785225778025,0.0
0.009067626403782067,0.7070776397412858,0.7070776397412858,0.0004482267129897216
0.013667874546693593,0.7070405691109661,0.7070405691109661,0.0006756240507510427
0.007946842990488041,0.7070843985604782,0.7070843985604782,0.00039282466586693234
0.01021715835687246,0.7070697824825232,0.7070697824825232,0.0005050498446303737
0.0071522021528245055,0.707088695286654,0.707088695286654,0.0
0.009864878707699106,0.7070723740071035,0.7070723740071035,0.0
0.021031773646486954,0.7069503746718304,0.7069503746718304,0.0
0.023834494209925523,0.7069054140363477,0.7069054140363477,0.0011781756900605795
0.03063421954129613,0.6814334549472693,0.7312386690210819,0.0
0.03828277733054943,0.6812555530893621,0.7310439797609763,0.0
0.016826758723629886,0.7070066690600793,0.7070066690600793,0.0
0.0220020113490494,0.706935609336733,0.706935609336733,0.0
0.01144306687392516,0.7070604840537049,0.7070604840537049,0.0
0.01589218183625367,0.7070174815930945,0.7070174815930945,0.0
0.013622323454085693,0.7070410097276312,0.7070410097276312,0.0006733723902167916
0.015892176932500356,0.7070172634330362,0.7070172634330362,0.000785574737147818
0.007954797898915152,0.7070844083949198,0.7070844083949198,0.0
0.009943043967498996,0.7070718265765722,0.7070718265765722,0.0
0.010595531256542732,0.7070670883011709,0.7070670883011709,0.0
0.013557777648557378,0.7070417903721223,0.7070417903721223,0.0
0.009228490991760551,0.707076670154664,0.707076670154664,0.0
0.01144306687392516,0.7070604840537049,0.7070604840537049,0.0
0.005935484731455584,0.7070943253983172,0.7070943253983172,0.0
0.007902941140133554,0.7070846991419542,0.7070846991419542,0.0
0.005676404650981022,0.7070953890495392,0.7070953890495392,0.0
0.009288411104589668,0.7070762778580371,0.7070762778580371,0.0
0.007946843603631622,0.707084453116012,0.707084453116012,0.0
0.009228490991760551,0.707076670154664,0.707076670154664,0.0
0.007459323759994968,0.7070871086680351,0.7070871086680351,0.0
0.010655828563686817,0.7070666352323597,0.7070666352323597,0.0
0.008173880651570252,0.7070831013469077,0.7070831013469077,0.00040404748648394725
0.009864877534819565,0.7070722899401072,0.7070722899401072,0.00048763606202766014
0.00603565780124084,0.7070938699426985,0.7070938699426985,0.0002983518438576787
0.009864877534819565,0.7070722899401072,0.7070722899401072,0.00048763606202766014
0.009228490991760551,0.707076670154664,0.707076670154664,0.0
0.01144306687392516,0.7070604840537049,0.7070604840537049,0.0
0.017878104884908395,0.7069937670749736,0.7069937670749736,0.0
0.02043112035257377,0.7069591817499574,0.7069591817499574,0.0
0.009797317553326088,0.7070728436903653,0.7070728436903653,0.0
0.01906955866118174,0.7069782004886953,0.7069782004886953,0.0
0.02227603099824022,0.7069308898106881,0.7069308898106881,0.001101138457649047
0.025490393465276033,0.7068764574404278,0.7068764574404278,0.001260029335900941
0.008414272815099351,0.7070817491680128,0.7070817491680128,0.0
0.011003003266124764,0.7070639765675825,0.7070639765675825,0.0
0.006862284741570236,0.7070900911420246,0.7070900911420246,0.0003392132843089588
0.008387139148059858,0.7070818495806273,0.7070818495806273,0.00041458918181215315
0.01144306687392516,0.7070604840537049,0.7070604840537049,0.0
0.01430330684080863,0.7070344459124384,0.7070344459124384,0.0
0.010595531256542732,0.7070670883011709,0.7070670883011709,0.0
0.01191979493801752,0.7070565460020279,0.7070565460020279,0.0
0.007152201705834779,0.7070886510958753,0.7070886510958753,0.00035354432554793764
0.008414272087272709,0.70708168800611,0.70708168800611,0.00041593040470947645
0.0083528590662602,0.7070821132461983,0.7070821132461983,0.0
0.012574627863304466,0.7070508746667736,0.7070508746667736,0.0
0.006437656958137902,0.7070921285705595,0.7070921285705595,0.0
0.010517631588658734,0.7070676698257973,0.7070676698257973,0.0
0.005501751417038332,0.7070960793029987,0.7070960793029987,0.0
0.010517631588658734,0.7070676698257973,0.7070676698257973,0.0
0.009312597580157587,0.7070761187900175,0.7070761187900175,0.0
0.014232160560203473,0.7070351637669051,0.7070351637669051,0.0
0.006977766382507359,0.7070895246732618,0.7070895246732618,0.00034492171935281065
0.0077740961168391905,0.7070853610965947,0.7070853610965947,0.00038428552233510583
0.012437966035892284,0.7070519496429128,0.7070519496429128,0.0006148277822981851
0.015055941912475408,0.7070264368191616,0.7070264368191616,0.0007442383545464859
0.007837989466556287,0.7070850606260615,0.7070850606260615,0.0
0.011772657498699437,0.7070577785921807,0.7070577785921807,0.0
0.007043040565773968,0.7070892431580291,0.7070892431580291,0.0
0.012492274201487557,0.7070516045824643,0.7070516045824643,0.0
0.021419050498602397,0.6352659564587957,0.7719963658206105,0.0
0.028553795656115318,0.6351561070317298,0.7718558158451142,0.0
0.005676404650981022,0.7070953890495392,0.7070953890495392,0.0
0.011088287418435596,0.7070633104192743,0.7070633104192743,0.0
0.015429410114612824,0.7070224011985213,0.7070224011985213,0.0007626994619185775
0.02314066387768296,0.7069169686805769,0.7069169686805769,0.0011438785900980209
0.008940123196854007,0.7070784535326945,0.7070784535326945,0.0004419240334579341
0.011003001638658975,0.7070638719850058,0.7070638719850058,0.0005438952861423122
0.005544399346818647,0.7070959127430603,0.7070959127430603,0.0
0.007528613042299813,0.7070867414913319,0.7070867414913319,0.0
0.008414272815099351,0.7070817491680128,0.7070817491680128,0.0
0.010595531256542732,0.7070670883011709,0.7070670883011709,0.0
0.0085398498849809,0.7070809964084532,0.7070809964084532,0.0
0.013430497643561608,0.7070430049625859,0.7070430049625859,0.0
0.007335582206617118,0.7070877559517241,0.7070877559517241,0.0
0.00894012406984309,0.7070785225778025,0.7070785225778025,0.0
0.009797317553326088,0.7070728436903653,0.7070728436903653,0.0
0.01906955866118174,0.7069782004886953,0.7069782004886953,0.0
0.02444913758034475,0.6892190119088283,0.7241394418455422,0.0012091561612435583
0.005001605182037441,0.7070979150087533,0.7070979150087533,0.00024723703321984385
0.0069103515928452975,0.7070898565096276,0.7070898565096276,0.00034158930266165583
0.014303303265714818,0.7070342691900553,0.7070342691900553,0.0007070342691900553
0.017878097903509922,0.7069934909939662,0.7069934909939662,0.0008837418637424578
0.00640738031025118,0.7070922660719603,0.7070922660719603,0.0
0.008009132910218462,0.7070841017128113,0.7070841017128113,0.0
0.004050014967457298,0.707100981960414,0.707100981960414,0.0
0.0057378799444792955,0.7070951409583235,0.7070951409583235,0.0
0.006219345010725297,0.70709310551993,0.70709310551993,0.0
0.00650203081958212,0.7070918340623166,0.7070918340623166,0.0
0.004811504943149486,0.7070985761731795,0.7070985761731795,0.00023784008616655887
0.007217152734527351,0.7070883203081171,0.7070883203081171,0.0003567549547467796
0.006811636909256894,0.7070903366010616,0.7070903366010616,0.0003367096840957436
0.009423012868557139,0.7070753106510004,0.7070753106510004,0.0004657940122865615
0.007152201705834779,0.7070886510958753,0.7070886510958753,0.00035354432554793764
0.008414272087272709,0.70708168800611,0.70708168800611,0.00041593040470947645
0.004511503644435622,0.7070995850426113,0.7070995850426113,0.0
0.008378297959732179,0.7070819627607884,0.7070819627607884,0.0
0.01117490388793822,0.7070626285991558,0.7070626285991558,0.0
0.01754916229643139,0.7069978878690847,0.7069978878690847,0.0
0.06879730532594971,0.6801513131581781,0.729836366584383,0.0
0.013243995903264843,0.7070447639904117,0.7070447639904117,0.0
0.0238345107522491,0.7069059046638388,0.7069059046638388,0.0
0.01067459192272993,0.7070663952772173,0.7070663952772173,0.0005276614890128487
0.011535335565595441,0.7070596194433192,0.7070596194433192,0.0005702093705188058
0.0083528590662602,0.7070821132461983,0.7070821132461983,0.0
0.012574627863304466,0.7070508746667736,0.7070508746667736,0.0
0.008669231897964575,0.7070802091765471,0.7070802091765471,0.0
0.010811741564485514,0.7070654517950734,0.7070654517950734,0.0
0.00635754715221318,0.7070924909777389,0.7070924909777389,0.0
0.008173881318781207,0.7070831590641183,0.7070831590641183,0.0
0.006219345010725297,0.70709310551993,0.70709310551993,0.0
0.011489016911829221,0.7070601114793564,0.7070601114793564,0.0
0.005779608591526346,0.7070949710344887,0.7070949710344887,0.0
0.00830678086043157,0.707082384659573,0.707082384659573,0.0
0.008173881318781207,0.7070831590641183,0.7070831590641183,0.0
0.009864878707699106,0.7070723740071035,0.7070723740071035,0.0
0.009619440707376473,0.7070740648476924,0.7070740648476924,0.0
0.011388409648476393,0.7070609252835566,0.7070609252835566,0.0
0.009864878707699106,0.7070723740071035,0.7070723740071035,0.0
0.012437968386750634,0.7070520832804364,0.7070520832804364,0.0
0.0071522021528245055,0.707088695286654,0.707088695286654,0.0
0.009536079835647096,0.7070746294350294,0.7070746294350294,0.0
0.00894012406984309,0.7070785225778025,0.7070785225778025,0.0
0.01191979493801752,0.7070565460020279,0.7070565460020279,0.0
0.007732076500942979,0.7070855920288933,0.7070855920288933,0.0003822084281237261
0.011895015113312798,0.7070566324151577,0.7070566324151577,0.0005879888835053287
0.005195995861784036,0.7070972124316091,0.7070972124316091,0.0002568460633605554
0.007816574921548143,0.7070851263684184,0.7070851263684184,0.00038638531495541987
0.008414272087272709,0.70708168800611,0.70708168800611,0.00041593040470947645
0.011443065043274643,0.7070603709388682,0.7070603709388682,0.0005656482967510946
0.0085398498849809,0.7070809964084532,0.7070809964084532,0.0
0.013430497643561608,0.7070430049625859,0.7070430049625859,0.0
0.005721814407362619,0.7070952060507437,0.7070952060507437,0.0
0.0071522021528245055,0.707088695286654,0.707088695286654,0.0
0.010595530893225132,0.7070670640560518,0.7070670640560518,0.0002618766903911303
0.0012978514188184786,0.9623218626928907,0.2719098162350524,0.0
0.006622433210200265,0.7070912374707155,0.7070912374707155,0.0003273570543845905
0.0077740961168391905,0.7070853610965947,0.7070853610965947,0.00038428552233510583
0.007946842990488041,0.7070843985604782,0.7070843985604782,0.00039282466586693234
0.008669231101951795,0.7070801442521237,0.7070801442521237,0.00042853342075886285
0.007694645885829201,0.7070858478376907,0.7070858478376907,0.0
0.011062563685598879,0.707063511887264,0.707063511887264,0.0
0.009864878707699106,0.7070723740071035,0.7070723740071035,0.0
0.01191979493801752,0.7070565460020279,0.7070565460020279,0.0
0.009942698433108825,0.7070718290060312,0.7070718290060312,0.0
0.012428027502257247,0.707052170682052,0.707052170682052,0.0
0.011003003266124764,0.7070639765675825,0.7070639765675825,0.0
0.01589218183625367,0.7070174815930945,0.7070174815930945,0.0
0.008268369942574723,0.7070825506996673,0.7070825506996673,0.00040871823739865165
0.010836309267663023,0.7070651622993174,0.7070651622993174,0.0005356554259843314
0.0068755110897870935,0.7070900675823604,0.7070900675823604,0.0
0.011131427169975734,0.7070629714987059,0.7070629714987059,0.0
0.007954797898915152,0.7070844083949198,0.7070844083949198,0.0
0.009943043967498996,0.7070718265765722,0.7070718265765722,0.0
0.0085398498849809,0.7070809964084532,0.7070809964084532,0.0
0.013430497643561608,0.7070430049625859,0.7070430049625859,0.0
0.005195995861784036,0.7070972124316091,0.7070972124316091,0.0002568460633605554
0.007795277651450744,0.7070852442121659,0.7070852442121659,0.00038533255815376887
0.009561575047342563,0.7070744572824753,0.7070744572824753,0.0
0.014022905544906417,0.7070372543650295,0.7070372543650295,0.0
0.009864878707699106,0.7070723740071035,0.7070723740071035,0.0
0.01430330684080863,0.7070344459124384,0.7070344459124384,0.0
0.007528612520957324,0.7070866925268866,0.7070866925268866,0.0003721508908036245
0.015055941912475408,0.7070264368191616,0.7070264368191616,0.0007442383545464859
0.009312597580157587,0.7070761187900175,0.7070761187900175,0.0
0.013392778302916266,0.7070433627046254,0.7070433627046254,0.0
0.015322503026994465,0.6816733922044004,0.7314961430257397,0.0
0.01838613547700921,0.6816412065129466,0.7314555458849127,0.0
0.01117490388793822,0.7070626285991558,0.7070626285991558,0.0
0.016826758723629886,0.7070066690600793,0.7070066690600793,0.0
0.009472932675054554,0.707075053847374,0.707075053847374,0.0
0.010217159659945307,0.7070698726605749,0.7070698726605749,0.0
0.005195995861784036,0.7070972124316091,0.7070972124316091,0.0002568460633605554
0.007795277651450744,0.7070852442121659,0.7070852442121659,0.00038533255815376887
0.00650203081958212,0.7070918340623166,0.7070918340623166,0.0
0.008414272815099351,0.7070817491680128,0.7070817491680128,0.0
0.010595531256542732,0.7070670883011709,0.7070670883011709,0.0
0.013557777648557378,0.7070417903721223,0.7070417903721223,0.0
0.014303303265714818,0.7070342691900553,0.7070342691900553,0.0007070342691900553
0.017878097903509922,0.7069934909939662,0.7069934909939662,0.0008837418637424578
0.20021605582687793,0.6927891205082282,0.6927891205082282,0.0
0.0344594282298314,0.6813530050386831,0.7311428758818849,0.0008516912562983539
0.008940123196854007,0.7070784535326945,0.7070784535326945,0.0004419240334579341
0.009864877534819565,0.7070722899401072,0.7070722899401072,0.00048763606202766014
0.009288411104589668,0.7070762778580371,0.7070762778580371,0.0
0.010002835329613746,0.7070714049109074,0.7070714049109074,0.0
0.019772127034919176,0.6352883130349711,0.7720219053328056,0.0
0.030591626370208222,0.6351202706617624,0.7718072260548974,0.0
0.007528613042299813,0.7070867414913319,0.7070867414913319,0.0
0.01191979493801752,0.7070565460020279,0.7070565460020279,0.0
0.018360346430070635,0.6353061048467348,0.7720421302127478,0.0
0.030591626370208222,0.6351202706617624,0.7718072260548974,0.0
0.014281187076700138,0.6353469287706438,0.7720947660730454,0.0
0.021419050498602397,0.6352659564587957,0.7719963658206105,0.0
0.009536079835647096,0.7070746294350294,0.7070746294350294,0.0
0.01288611033098665,0.7070480705583382,0.7070480705583382,0.0
0.005397947840312058,0.7070964793290634,0.7070964793290634,0.0
0.006087023477368106,0.707093681256305,0.707093681256305,0.0
0.012263622296567613,0.6789548676300409,0.7340775159457548,0.000303104851620554
0.01991068820595822,0.6892918765663082,0.7242094336277958,0.0009847026808090117
0.008940123196854007,0.7070784535326945,0.7070784535326945,0.0004419240334579341
0.011003001638658975,0.7070638719850058,0.7070638719850058,0.0005438952861423122
0.01906955018891003,0.7069778863906339,0.7069778863906339,0.0009426371818541785
0.023676738874760565,0.7069080711989808,0.7069080711989808,0.001170377601322816
0.0168267529028736,0.7070064244904873,0.7070064244904873,0.0008317722641064557
0.01906955018891003,0.7069778863906339,0.7069778863906339,0.0009426371818541785
0.005676404650981022,0.7070953890495392,0.7070953890495392,0.0
0.011088287418435596,0.7070633104192743,0.7070633104192743,0.0
0.015429410114612824,0.7070224011985213,0.7070224011985213,0.0007626994619185775
0.02314066387768296,0.7069169686805769,0.7069169686805769,0.0011438785900980209
0.008499814038668967,0.6894013364696887,0.7243296029619244,0.00042036666857907847
0.02462085363968631,0.6815461215138079,0.7313598407165939,0.0012170466455603713
0.017128941780383353,0.7070027872773159,0.7070027872773159,0.000846709924883013
0.027237047968670797,0.7068438054153321,0.7068438054153321,0.001346369153172061
0.007115346538306424,0.7070888812036433,0.7070888812036433,0.0
0.010672682101416118,0.7070665081365268,0.7070665081365268,0.0
0.008669231101951795,0.7070801442521237,0.7070801442521237,0.00042853342075886285
0.01021715835687246,0.7070697824825232,0.7070697824825232,0.0005050498446303737
0.023066056451855017,0.7069181908131542,0.7069181908131542,0.0011401906303437973
0.024655880811830254,0.7068912936659193,0.7068912936659193,0.001218778092527447
0.008316439240281357,0.7070823278934224,0.7070823278934224,0.0
0.012437968386750634,0.7070520832804364,0.7070520832804364,0.0
0.01144306687392516,0.7070604840537049,0.7070604840537049,0.0
0.01589218183625367,0.7070174815930945,0.7070174815930945,0.0
0.008732737928587777,0.7070798184392871,0.7070798184392871,0.0
0.011352260633733995,0.7070612159419097,0.7070612159419097,0.0
0.00603565780124084,0.7070938699426985,0.7070938699426985,0.0002983518438576787
0.009864877534819565,0.7070722899401072,0.7070722899401072,0.00048763606202766014
0.015892176932500356,0.7070172634330362,0.7070172634330362,0.000785574737147818
0.015892176932500356,0.7070172634330362,0.7070172634330362,0.000785574737147818
0.010253776460470562,0.7070696076300759,0.7070696076300759,0.0
0.013074540655024286,0.7070463409093707,0.7070463409093707,0.0
0.005544399346818647,0.7070959127430603,0.7070959127430603,0.0
0.007528613042299813,0.7070867414913319,0.7070867414913319,0.0
0.009864878707699106,0.7070723740071035,0.7070723740071035,0.0
0.01191979493801752,0.7070565460020279,0.7070565460020279,0.0
0.00695740465203512,0.7070896670580429,0.7070896670580429,0.0
0.013532129034336732,0.70704203605012,0.70704203605012,0.0
0.005676404650981022,0.7070953890495392,0.7070953890495392,0.0
0.011088287418435596,0.7070633104192743,0.7070633104192743,0.0
0.005966479622038883,0.7070941949701326,0.7070941949701326,0.0
0.00894952031471623,0.7070784631446981,0.7070784631446981,0.0
0.007678125329003684,0.7070858866996472,0.7070858866996472,0.0003795415387545073
0.01395451116066423,0.707037762712844,0.707037762712844,0.000689792939232043
0.008669231897964575,0.7070802091765471,0.7070802091765471,0.0
0.010811741564485514,0.7070654517950734,0.7070654517950734,0.0
0.007528613042299813,0.7070867414913319,0.7070867414913319,0.0
0.011352260633733995,0.7070612159419097,0.7070612159419097,0.0
0.00959749714049794,0.7070741343647123,0.7070741343647123,0.0004744190380868977
0.012558067967646743,0.707050885573388,0.707050885573388,0.0006207646054200071
0.009312596593444977,0.7070760438720457,0.7070760438720457,0.0004603359660625297
0.013392775368037707,0.7070432077639284,0.7070432077639284,0.0006620254754343899
0.008287530548171988,0.7070824382671702,0.7070824382671702,0.00040966537558932226
0.013256265225551558,0.7070444972006985,0.7070444972006985,0.0006552775692314166
0.007938905199541975,0.7070844977031503,0.7070844977031503,0.0
0.013491292475931728,0.7070424262472971,0.7070424262472971,0.0
0.0038036232856555148,0.7071016536180553,0.7071016536180553,0.0001880189463991851
0.0067119215363492515,0.7070908145460961,0.7070908145460961,0.000331780599918401
0.009312597580157587,0.7070761187900175,0.7070761187900175,0.0
0.014232160560203473,0.7070351637669051,0.7070351637669051,0.0
0.00692708287515628,0.7070897744536687,0.7070897744536687,0.0003424163556676362
0.011762975388573047,0.7070577396196157,0.7070577396196157,0.000581461956924026
0.005501751417038332,0.7070960793029987,0.7070960793029987,0.0
0.00635754715221318,0.7070924909777389,0.7070924909777389,0.0
0.007354438725768757,0.7070876580138523,0.7070876580138523,0.0
0.012384132643591254,0.7070525557759713,0.7070525557759713,0.0
0.008414272087272709,0.70708168800611,0.70708168800611,0.00041593040470947645
0.015892176932500356,0.7070172634330362,0.7070172634330362,0.000785574737147818
0.015055941912475408,0.7070264368191616,0.7070264368191616,0.0007442383545464859
0.020431109932892058,0.7069588212073377,0.7069588212073377,0.0010099411731533396
0.0052016642391956285,0.7070972149178437,0.7070972149178437,0.0
0.00894012406984309,0.7070785225778025,0.7070785225778025,0.0
0.01233777730436004,0.7070528294630138,0.7070528294630138,0.0006098752992763243
0.017513495036298166,0.7069980650688711,0.7069980650688711,0.0008657189835046054
0.008173881318781207,0.7070831590641183,0.7070831590641183,0.0
0.01191979493801752,0.7070565460020279,0.7070565460020279,0.0
0.0095360787761792,0.707074550878339,0.707074550878339,0.00047138303391889273
0.01191979286890324,0.7070564232666282,0.7070564232666282,0.0005892136860555235
0.0071522021528245055,0.707088695286654,0.707088695286654,0.0
0.008173881318781207,0.7070831590641183,0.7070831590641183,0.0
0.006943895780470563,0.7070897334537498,0.7070897334537498,0.0
0.011003003266124764,0.7070639765675825,0.7070639765675825,0.0
0.010365217281879004,0.7070687023723691,0.7070687023723691,0.0005123686249075138
0.015546779463006703,0.7070211125045065,0.7070211125045065,0.0007685012092440288
0.0220020113490494,0.706935609336733,0.706935609336733,0.0
0.02978837942391451,0.7067929868254555,0.7067929868254555,0.0
0.01300323438397342,0.7070468523168938,0.7070468523168938,0.0006427698657426308
0.01906955018891003,0.7069778863906339,0.7069778863906339,0.0009426371818541785
0.011003003266124764,0.7070639765675825,0.7070639765675825,0.0
0.01644004246197148,0.7070112180877502,0.7070112180877502,0.0
0.00894012406984309,0.7070785225778025,0.7070785225778025,0.0
0.012771074624413174,0.7070491141543626,0.7070491141543626,0.0
0.008802594440199847,0.7070793853348863,0.7070793853348863,0.0
0.011003003266124764,0.7070639765675825,0.7070639765675825,0.0
0.0047761626124209694,0.7070987159763126,0.7070987159763126,0.0
0.005836200147809133,0.7070947386198806,0.7070947386198806,0.0
0.009864878707699106,0.7070723740071035,0.7070723740071035,0.0
0.01430330684080863,0.7070344459124384,0.7070344459124384,0.0
0.009724061085475879,0.7070733493195758,0.7070733493195758,0.0
0.015769560556287393,0.7070188544020101,0.7070188544020101,0.0
0.012427163828365288,0.7070521782722909,0.7070521782722909,0.0
0.019353303118036933,0.706974345241191,0.706974345241191,0.0
0.008494212658977712,0.7070812712663601,0.7070812712663601,0.0
0.013596433375401337,0.7070414192250226,0.7070414192250226,0.0
0.006811637295386182,0.7070903766836868,0.7070903766836868,0.0
0.00894012406984309,0.7070785225778025,0.7070785225778025,0.0
0.009864878707699106,0.7070723740071035,0.7070723740071035,0.0
0.01430330684080863,0.7070344459124384,0.7070344459124384,0.0
0.006437656958137902,0.7070921285705595,0.7070921285705595,0.0
0.010517631588658734,0.7070676698257973,0.7070676698257973,0.0
0.01430330684080863,0.7070344459124384,0.7070344459124384,0.0
0.016826758723629886,0.7070066690600793,0.7070066690600793,0.0
0.018360338868350767,0.6353058431955282,0.7720418122467257,0.0009075797759936118
0.02705208595359176,0.635182443299856,0.7718870773599492,0.0013372261964207494
0.0071522021528245055,0.707088695286654,0.707088695286654,0.0
0.009864878707699106,0.7070723740071035,0.7070723740071035,0.0
0.010217159659945307,0.7070698726605749,0.7070698726605749,0.0
0.015055946082150459,0.707026632626937,0.707026632626937,0.0
0.007732076500942979,0.7070855920288933,0.7070855920288933,0.0003822084281237261
0.011895015113312798,0.7070566324151577,0.7070566324151577,0.0005879888835053287
0.011003001638658975,0.7070638719850058,0.7070638719850058,0.0005438952861423122
0.006977766797583293,0.7070895667348368,0.7070895667348368,0.0
0.010217159659945307,0.7070698726605749,0.7070698726605749,0.0
0.004811504943149486,0.7070985761731795,0.7070985761731795,0.00023784008616655887
0.007217152734527351,0.7070883203081171,0.7070883203081171,0.0003567549547467796
0.010124028278497524,0.7070705424677993,0.7070705424677993,0.0
0.015185069693825007,0.7070252519034923,0.7070252519034923,0.0
0.0077740961168391905,0.7070853610965947,0.7070853610965947,0.00038428552233510583
0.010002834106836025,0.7070713184762983,0.7070713184762983,0.0004944554674659429
0.02043112035257377,0.7069591817499574,0.7069591817499574,0.0
0.025999880723754695,0.7068677408830984,0.7068677408830984,0.0
0.005195995861784036,0.7070972124316091,0.7070972124316091,0.0002568460633605554
0.007795277651450744,0.7070852442121659,0.7070852442121659,0.00038533255815376887
0.01906955018891003,0.7069778863906339,0.7069778863906339,0.0009426371818541785
0.02200199833642164,0.7069351912345064,0.7069351912345064,0.0010875926018992406
0.00894012406984309,0.7070785225778025,0.7070785225778025,0.0
0.009730675466880997,0.7070733038218026,0.7070733038218026,0.0
0.00959749714049794,0.7070741343647123,0.7070741343647123,0.0004744190380868977
0.012558067967646743,0.707050885573388,0.707050885573388,0.0006207646054200071
0.016180322731988498,0.7998182269890508,0.6000236338871859,0.0007998182269890508
0.007938905199541975,0.7070844977031503,0.7070844977031503,0.0
0.013491292475931728,0.7070424262472971,0.7070424262472971,0.0
0.001444891692098265,0.9999250464347855,0.012157660100294941,7.142321760248468e-05
0.02043112035257377,0.7069591817499574,0.7069591817499574,0.0
0.01787810313955801,0.7069936980546915,0.7069936980546915,0.00044187106128418214
0.0013485657618589621,0.9999251818034814,0.012157756977154597,3.333083939344938e-05
0.005721814407362619,0.7070952060507437,0.7070952060507437,0.0
0.009536079835647096,0.7070746294350294,0.7070746294350294,0.0
0.010253776460470562,0.7070696076300759,0.7070696076300759,0.0
0.013074540655024286,0.7070463409093707,0.7070463409093707,0.0
0.013622326542474366,0.7070411700246211,0.7070411700246211,0.0
0.02043112035257377,0.7069591817499574,0.7069591817499574,0.0
0.0067821199097219745,0.7070904788131984,0.7070904788131984,0.0003352506134316349
0.012256386322102339,0.7070535389691702,0.7070535389691702,0.0006058520178992753
0.009536079835647096,0.7070746294350294,0.7070746294350294,0.0
0.01430330684080863,0.7070344459124384,0.7070344459124384,0.0
0.009797317553326088,0.7070728436903653,0.7070728436903653,0.0
0.01906955866118174,0.7069782004886953,0.7069782004886953,0.0
0.01906955018891003,0.7069778863906339,0.7069778863906339,0.0009426371818541785
0.023834494209925523,0.7069054140363477,0.7069054140363477,0.0011781756900605795
0.007702932573571028,0.7070858027247355,0.7070858027247355,0.0
0.008669231897964575,0.7070802091765471,0.7070802091765471,0.0
0.008940123196854007,0.7070784535326945,0.7070784535326945,0.0004419240334579341
0.011003001638658975,0.7070638719850058,0.7070638719850058,0.0005438952861423122
0.008464057855259678,0.7070814520706306,0.7070814520706306,0.0
0.012932706927545407,0.7070476451737627,0.7070476451737627,0.0
0.007411593950832622,0.7070873121654454,0.7070873121654454,0.0003663664829872774
0.010452310448568364,0.7070680597560952,0.7070680597560952,0.0005166737740271065
0.010253776460470562,0.7070696076300759,0.7070696076300759,0.0
0.013074540655024286,0.7070463409093707,0.7070463409093707,0.0
0.005182817966714956,0.707097260906242,0.707097260906242,0.00025619465974863843
0.008013618902621514,0.7070840208195454,0.7070840208195454,0.00039612550185968927
0.025068225003454254,0.6815384949036005,0.7313527630765546,0.0
0.03063421954129613,0.6814334549472693,0.7312386690210819,0.0
0.019698872767447632,0.6816218950673921,0.7314387181411747,0.0009737455643819888
0.030634184417782623,0.6814326736530983,0.7312378306229882,0.0015142948303402187
0.007983845830229914,0.6353925747241801,0.7721480001859334,0.0
0.01542967580195771,0.6353395918453175,0.7720787059221825,0.0
0.011405135580481517,0.6353726050026036,0.7721214772913627,0.0
0.01542967580195771,0.6353395918453175,0.7720787059221825,0.0
0.005676404650981022,0.7070953890495392,0.7070953890495392,0.0
0.011088287418435596,0.7070633104192743,0.7070633104192743,0.0
0.010997563343781965,0.7070639142886526,0.7070639142886526,0.0005438953186835788
0.009526651971551274,0.7070746144149882,0.7070746144149882,0.0004713830762766588
0.008732737928587777,0.7070798184392871,0.7070798184392871,0.0
0.011352260633733995,0.7070612159419097,0.7070612159419097,0.0
0.005501751213577364,0.7070960531537888,0.7070960531537888,0.0002719600204437649
0.01300323438397342,0.7070468523168938,0.7070468523168938,0.0006427698657426308
0.008414272087272709,0.70708168800611,0.70708168800611,0.00041593040470947645
0.011003001638658975,0.7070638719850058,0.7070638719850058,0.0005438952861423122
0.005779608591526346,0.7070949710344887,0.7070949710344887,0.0
0.00830678086043157,0.707082384659573,0.707082384659573,0.0
0.005966479622038883,0.7070941949701326,0.7070941949701326,0.0
0.00894952031471623,0.7070784631446981,0.7070784631446981,0.0
0.008732737928587777,0.7070798184392871,0.7070798184392871,0.0
0.011352260633733995,0.7070612159419097,0.7070612159419097,0.0
0.011109815418706113,0.7070631414525023,0.7070631414525023,0.0
0.013462093094192829,0.7070427045269343,0.7070427045269343,0.0
0.005676404650981022,0.7070953890495392,0.7070953890495392,0.0
0.011088287418435596,0.7070633104192743,0.7070633104192743,0.0
0.0047761626124209694,0.7070987159763126,0.7070987159763126,0.0
0.005836200147809133,0.7070947386198806,0.7070947386198806,0.0
0.009228490991760551,0.707076670154664,0.707076670154664,0.0
0.010217159659945307,0.7070698726605749,0.7070698726605749,0.0
0.0085398498849809,0.7070809964084532,0.7070809964084532,0.0
0.013430497643561608,0.7070430049625859,0.7070430049625859,0.0
0.007588518459715479,0.707086371555298,0.707086371555298,0.0003751121334510864
0.012225383363873826,0.70705380799468,0.70705380799468,0.000604319494012547
0.00572181417849755,0.7070951777678633,0.7070951777678633,0.00028283807110714534
0.010365217281879004,0.7070687023723691,0.7070687023723691,0.0005123686249075138
0.011003001638658975,0.7070638719850058,0.7070638719850058,0.0005438952861423122
0.014303303265714818,0.7070342691900553,0.7070342691900553,0.0007070342691900553
0.011992081210538838,0.6817050613998845,0.7315288095830673,0.0
0.010217159659945307,0.7070698726605749,0.7070698726605749,0.0
0.01191979493801752,0.7070565460020279,0.7070565460020279,0.0
0.00894012406984309,0.7070785225778025,0.7070785225778025,0.0
0.010595531256542732,0.7070670883011709,0.7070670883011709,0.0
0.013687492956395254,0.7070405407529926,0.7070405407529926,0.0
0.02043112035257377,0.7069591817499574,0.7069591817499574,0.0
0.01589218183625367,0.7070174815930945,0.7070174815930945,0.0
0.02043112035257377,0.7069591817499574,0.7069591817499574,0.0
0.009312596593444977,0.7070760438720457,0.7070760438720457,0.0004603359660625297
0.013392775368037707,0.7070432077639284,0.7070432077639284,0.0006620254754343899
0.01144306687392516,0.7070604840537049,0.7070604840537049,0.0
0.01589218183625367,0.7070174815930945,0.7070174815930945,0.0
0.007732076500942979,0.7070855920288933,0.7070855920288933,0.0003822084281237261
0.011443065043274643,0.7070603709388682,0.7070603709388682,0.0005656482967510946
0.011262882393271348,0.7070618210308756,0.7070618210308756,0.0005567415913628941
0.015216074528391757,0.7070247185708478,0.7070247185708478,0.0007521539559264338
0.006793844717062999,0.7070904622726715,0.7070904622726715,0.0
0.009330820256435396,0.707075998671056,0.707075998671056,0.0
0.007152201705834779,0.7070886510958753,0.7070886510958753,0.00035354432554793764
0.0095360787761792,0.707074550878339,0.707074550878339,0.00047138303391889273
0.008857094557361937,0.70707897726839,0.70707897726839,0.00043781980016618574
0.011969659331165174,0.7070560010253278,0.7070560010253278,0.000591678661945881
0.008173881318781207,0.7070831590641183,0.7070831590641183,0.0
0.009864878707699106,0.7070723740071035,0.7070723740071035,0.0
0.008173881318781207,0.7070831590641183,0.7070831590641183,0.0
0.009616207580978415,0.7070740868366481,0.7070740868366481,0.0
0.013622326542474366,0.7070411700246211,0.7070411700246211,0.0
0.016826758723629886,0.7070066690600793,0.7070066690600793,0.0
0.006653234221309169,0.7070911307866887,0.7070911307866887,0.0
0.009777229282599493,0.7070729827208629,0.7070729827208629,0.0
0.006895767739987604,0.681736800789679,0.7315649435593967,0.00034086840039483955
0.01986380678522648,0.7069669246348523,0.7069669246348523,0.000981898506437295
0.023834494209925523,0.7069054140363477,0.7069054140363477,0.0011781756900605795
0.009324738112582654,0.7070760387890159,0.7070760387890159,0.0
0.01165753720807377,0.7070587322939454,0.7070587322939454,0.0
0.005501751417038332,0.7070960793029987,0.7070960793029987,0.0
0.008173881318781207,0.7070831590641183,0.7070831590641183,0.0
0.007678125329003684,0.7070858866996472,0.7070858866996472,0.0003795415387545073
0.01154464452040935,0.707059543291507,0.707059543291507,0.0005706695264661074
0.004207248020463838,0.7071005076409812,0.7071005076409812,0.00020797073754146505
0.0095360787761792,0.707074550878339,0.707074550878339,0.00047138303391889273
0.009324738112582654,0.7070760387890159,0.7070760387890159,0.0
0.01165753720807377,0.7070587322939454,0.7070587322939454,0.0
0.005721814407362619,0.7070952060507437,0.7070952060507437,0.0
0.008173881318781207,0.7070831590641183,0.7070831590641183,0.0
0.022980442652514095,0.6815751651759,0.731386950164172,0.00056797930431325
0.007694645885829201,0.7070858478376907,0.7070858478376907,0.0
0.011753313160357418,0.7070579395034591,0.7070579395034591,0.0
0.009312597580157587,0.7070761187900175,0.7070761187900175,0.0
0.013392778302916266,0.7070433627046254,0.7070433627046254,0.0
0.028597831868565158,0.7068173966526238,0.7068173966526238,0.0007068173966526238
0.014303303265714818,0.7070342691900553,0.7070342691900553,0.0007070342691900553
0.005779608591526346,0.7070949710344887,0.7070949710344887,0.0
0.00830678086043157,0.707082384659573,0.707082384659573,0.0
0.004614392747562518,0.7070992346734457,0.7070992346734457,0.00022809652731401475
0.005985152025936565,0.7070940851205334,0.7070940851205334,0.00029585526574080895
0.01144306687392516,0.7070604840537049,0.7070604840537049,0.0
0.013003237070137553,0.7070469983762386,0.7070469983762386,0.0
0.009536079835647096,0.7070746294350294,0.7070746294350294,0.0
0.01430330684080863,0.7070344459124384,0.7070344459124384,0.0
0.009595180757517394,0.7070742296627103,0.7070742296627103,0.0
0.017364916273082995,0.7070001625469505,0.7070001625469505,0.0
0.009797317553326088,0.7070728436903653,0.7070728436903653,0.0
0.01906955866118174,0.7069782004886953,0.7069782004886953,0.0
0.010253776460470562,0.7070696076300759,0.7070696076300759,0.0
0.013074540655024286,0.7070463409093707,0.7070463409093707,0.0
0.010253776460470562,0.7070696076300759,0.7070696076300759,0.0
0.013074540655024286,0.7070463409093707,0.7070463409093707,0.0
0.009561575047342563,0.7070744572824753,0.7070744572824753,0.0
0.014022905544906417,0.7070372543650295,0.7070372543650295,0.0
0.016065965955885084,0.6353323165945659,0.7720717144336313,0.0
0.03211949851907276,0.6350864759085074,0.7717729626859159,0.0
0.005676404650981022,0.7070953890495392,0.7070953890495392,0.0
0.011088287418435596,0.7070633104192743,0.7070633104192743,0.0
0.015055946082150459,0.707026632626937,0.707026632626937,0.0
0.016728384243527305,0.7070078362934179,0.7070078362934179,0.0
0.007694645885829201,0.7070858478376907,0.7070858478376907,0.0
0.011753313160357418,0.7070579395034591,0.7070579395034591,0.0
0.009536079835647096,0.7070746294350294,0.7070746294350294,0.0
0.01430330684080863,0.7070344459124384,0.7070344459124384,0.0
0.009864878707699106,0.7070723740071035,0.7070723740071035,0.0
0.01144306687392516,0.7070604840537049,0.7070604840537049,0.0
0.0095360787761792,0.707074550878339,0.707074550878339,0.00047138303391889273
0.01463246544119208,0.7070308931668442,0.7070308931668442,0.0007233052615517588
0.007116620864193824,0.7070888747913785,0.7070888747913785,0.0
0.01172441554838289,0.7070581793883898,0.7070581793883898,0.0
0.005676404650981022,0.7070953890495392,0.7070953890495392,0.0
0.011088287418435596,0.7070633104192743,0.7070633104192743,0.0
0.01191979286890324,0.7070564232666282,0.7070564232666282,0.0005892136860555235
0.01906955018891003,0.7069778863906339,0.7069778863906339,0.0009426371818541785
0.012226428201164067,0.7070537989392902,0.7070537989392902,0.0006043711419260537
0.01724871787200741,0.7070013277048218,0.7070013277048218,0.0008526306412262684
0.007694645885829201,0.7070858478376907,0.7070858478376907,0.0
0.011062563685598879,0.707063511887264,0.707063511887264,0.0
0.0071522021528245055,0.707088695286654,0.707088695286654,0.0
0.01144306687392516,0.7070604840537049,0.7070604840537049,0.0
0.007116620864193824,0.7070888747913785,0.7070888747913785,0.0
0.01172441554838289,0.7070581793883898,0.7070581793883898,0.0
0.006994826518386574,0.7070894824567743,0.7070894824567743,0.0
0.010059104393004973,0.7070710057762271,0.7070710057762271,0.0
0.009228490991760551,0.707076670154664,0.707076670154664,0.0
0.010217159659945307,0.7070698726605749,0.7070698726605749,0.0
0.006946593356526015,0.7070897202055547,0.7070897202055547,0.0
0.00833582353407266,0.7070822137651352,0.7070822137651352,0.0
0.011772655505266377,0.7070576588679509,0.7070576588679509,0.0005819404599736222
0.018336358095865753,0.7069876082439589,0.7069876082439589,0.0009063943695435371
0.009288411104589668,0.7070762778580371,0.7070762778580371,0.0
0.012330760895358237,0.7070530221757565,0.7070530221757565,0.0
0.007528613042299813,0.7070867414913319,0.7070867414913319,0.0
0.010517631588658734,0.7070676698257973,0.7070676698257973,0.0
0.01977211759130786,0.6352880096070247,0.7720215365978289,0.0009773661686261917
0.03563446228390086,0.6350085839518664,0.771680750467332,0.0017614662522936657
0.007946843603631622,0.707084453116012,0.707084453116012,0.0
0.013003237070137553,0.7070469983762386,0.7070469983762386,0.0
0.005195995861784036,0.7070972124316091,0.7070972124316091,0.0002568460633605554
0.007816574921548143,0.7070851263684184,0.7070851263684184,0.00038638531495541987
0.008414272815099351,0.7070817491680128,0.7070817491680128,0.0
0.010217159659945307,0.7070698726605749,0.7070698726605749,0.0
0.009288411104589668,0.7070762778580371,0.7070762778580371,0.0
0.012330760895358237,0.7070530221757565,0.7070530221757565,0.0
0.008940123196854007,0.7070784535326945,0.7070784535326945,0.0004419240334579341
0.011003001638658975,0.7070638719850058,0.7070638719850058,0.0005438952861423122
0.0071522021528245055,0.707088695286654,0.707088695286654,0.0
0.01191979493801752,0.7070565460020279,0.7070565460020279,0.0
0.008173880651570252,0.7070831013469077,0.7070831013469077,0.00040404748648394725
0.008940123196854007,0.7070784535326945,0.7070784535326945,0.0004419240334579341
0.012241377283913599,0.6353656029712941,0.7721144340336585,0.0
0.015121142879990649,0.6353421378147331,0.7720827150992359,0.0
0.009312597580157587,0.7070761187900175,0.7070761187900175,0.0
0.013392778302916266,0.7070433627046254,0.7070433627046254,0.0
0.0168267529028736,0.7070064244904873,0.7070064244904873,0.0008317722641064557
0.01906955018891003,0.7069778863906339,0.7069778863906339,0.0009426371818541785
0.00635754715221318,0.7070924909777389,0.7070924909777389,0.0
0.009145889957268878,0.707077206780451,0.707077206780451,0.0
0.009536079835647096,0.7070746294350294,0.7070746294350294,0.0
0.01191979493801752,0.7070565460020279,0.7070565460020279,0.0
0.008732737928587777,0.7070798184392871,0.7070798184392871,0.0
0.011352260633733995,0.7070612159419097,0.7070612159419097,0.0
0.009864877534819565,0.7070722899401072,0.7070722899401072,0.00048763606202766014
0.015892176932500356,0.7070172634330362,0.7070172634330362,0.000785574737147818
0.006994826518386574,0.7070894824567743,0.7070894824567743,0.0
0.010059104393004973,0.7070710057762271,0.7070710057762271,0.0
0.015055946082150459,0.707026632626937,0.707026632626937,0.0
0.016728384243527305,0.7070078362934179,0.7070078362934179,0.0
0.0085398498849809,0.7070809964084532,0.7070809964084532,0.0
0.013430497643561608,0.7070430049625859,0.7070430049625859,0.0
0.008732737928587777,0.7070798184392871,0.7070798184392871,0.0
0.011352260633733995,0.7070612159419097,0.7070612159419097,0.0
0.009228490991760551,0.707076670154664,0.707076670154664,0.0
0.010217159659945307,0.7070698726605749,0.7070698726605749,0.0
0.005721814407362619,0.7070952060507437,0.7070952060507437,0.0
0.0071522021528245055,0.707088695286654,0.707088695286654,0.0
0.005501751417038332,0.7070960793029987,0.7070960793029987,0.0
0.007690509224177683,0.7070858703396189,0.7070858703396189,0.0
0.008940123196854007,0.7070784535326945,0.7070784535326945,0.0004419240334579341
0.011003001638658975,0.7070638719850058,0.7070638719850058,0.0005438952861423122
0.0071522021528245055,0.707088695286654,0.707088695286654,0.0
0.009536079835647096,0.7070746294350294,0.7070746294350294,0.0
0.03063421954129613,0.6814334549472693,0.7312386690210819,0.0
0.03828277733054943,0.6812555530893621,0.7310439797609763,0.0
0.009536079835647096,0.7070746294350294,0.7070746294350294,0.0
0.01191979493801752,0.7070565460020279,0.7070565460020279,0.0
0.04762842034498768,0.7063038113443552,0.7063038113443552,0.0011771730189072585
0.007732077065706599,0.7070856436755911,0.7070856436755911,0.0
0.01144306687392516,0.7070604840537049,0.7070604840537049,0.0
0.04162376972896459,0.706492471364028,0.706492471364028,0.0020585444969814337
0.0413222775036538,0.9809442730837697,0.18983315318073202,0.0020436339022578535
0.019698872767447632,0.6816218950673921,0.7314387181411747,0.0009737455643819888
0.013487168541655785,0.7070424655863072,0.7070424655863072,0.0
0.008173880651570252,0.7070831013469077,0.7070831013469077,0.00040404748648394725
0.011003001638658975,0.7070638719850058,0.7070638719850058,0.0005438952861423122
0.011724413579355589,0.707058060643293,0.707058060643293,0.0005795557874125353
0.015248510630008726,0.7070243683118232,0.7070243683118232,0.0007537573222940547
0.0095360787761792,0.707074550878339,0.707074550878339,0.00047138303391889273
0.015892176932500356,0.7070172634330362,0.7070172634330362,0.000785574737147818
0.008669231101951795,0.7070801442521237,0.7070801442521237,0.00042853342075886285
0.012771072079573443,0.7070489732635816,0.7070489732635816,0.0006312937261281978
0.00650203081958212,0.7070918340623166,0.7070918340623166,0.0
0.02058050598141083,0.6816084531658555,0.731426909809933,0.0010173260495012768
0.022980446359266025,0.6815752751141678,0.7313870681370949,0.0
0.006994826518386574,0.7070894824567743,0.7070894824567743,0.0
0.010059104393004973,0.7070710057762271,0.7070710057762271,0.0
0.0015560369488195874,0.9999248806057656,0.012157548202195946,7.691729850813581e-05
0.0071522021528245055,0.707088695286654,0.707088695286654,0.0
0.008173881318781207,0.7070831590641183,0.7070831590641183,0.0
0.007694645885829201,0.7070858478376907,0.7070858478376907,0.0
0.011062563685598879,0.707063511887264,0.707063511887264,0.0
0.007694645885829201,0.7070858478376907,0.7070858478376907,0.0
0.011753313160357418,0.7070579395034591,0.7070579395034591,0.0
0.006994826518386574,0.7070894824567743,0.7070894824567743,0.0
0.010059104393004973,0.7070710057762271,0.7070710057762271,0.0
0.03573906519028753,0.7066547739058335,0.7066547739058335,0.000883318467382292
0.002022118978523169,0.999564497539876,0.029440173146041967,4.99782248769938e-05
0.007938905199541975,0.7070844977031503,0.7070844977031503,0.0
0.013491292475931728,0.7070424262472971,0.7070424262472971,0.0
0.01051763016720734,0.7070675742660396,0.7070675742660396,0.0005199026281367938
0.013753282615193992,0.7070397389916833,0.7070397389916833,0.0006798459028766185
0.01144306687392516,0.7070604840537049,0.7070604840537049,0.0
0.013003237070137553,0.7070469983762386,0.7070469983762386,0.0
0.009324738112582654,0.7070760387890159,0.7070760387890159,0.0
0.01165753720807377,0.7070587322939454,0.7070587322939454,0.0
0.004614392747562518,0.7070992346734457,0.7070992346734457,0.00022809652731401475
0.005985152025936565,0.7070940851205334,0.7070940851205334,0.00029585526574080895
0.009387150486546144,0.7070756258724179,0.7070756258724179,0.0
0.01173364731264357,0.7070581028178456,0.7070581028178456,0.0
0.007694645885829201,0.7070858478376907,0.7070858478376907,0.0
0.011062563685598879,0.707063511887264,0.707063511887264,0.0
0.005779608591526346,0.7070949710344887,0.7070949710344887,0.0
0.00830678086043157,0.707082384659573,0.707082384659573,0.0
0.008494212658977712,0.7070812712663601,0.7070812712663601,0.0
0.013596433375401337,0.7070414192250226,0.7070414192250226,0.0
0.011150515178665839,0.7070628211167839,0.7070628211167839,0.0
0.01338025222297605,0.7070434812833117,0.7070434812833117,0.0
0.007446511319268751,0.7070871282391692,0.7070871282391692,0.00036827454595790067
0.010217159659945307,0.7070698726605749,0.7070698726605749,0.0
0.01430330684080863,0.7070344459124384,0.7070344459124384,0.0
0.013790549467411343,0.6816880606728296,0.7315126410274068,0.0006816880606728296
0.01723728410763968,0.6816523621409661,0.7314726291589441,0.0008520654526762077
0.0052016642391956285,0.7070972149178437,0.7070972149178437,0.0
0.008220854482494308,0.7070828867790457,0.7070828867790457,0.0
0.010253776460470562,0.7070696076300759,0.7070696076300759,0.0
0.013074540655024286,0.7070463409093707,0.7070463409093707,0.0
0.010253776460470562,0.7070696076300759,0.7070696076300759,0.0
0.013074540655024286,0.7070463409093707,0.7070463409093707,0.0
0.008389598546142116,0.7070818349566143,0.7070818349566143,0.000414710753640243
0.0168267529028736,0.7070064244904873,0.7070064244904873,0.0008317722641064557
0.021409562588151906,0.6352702983089443,0.7719930561321448,0.0
0.02872164453252065,0.6351558138662265,0.7718498294663793,0.0
0.009745162450318519,0.6353817014505992,0.77213672705717,0.0
0.012254069936952522,0.6353641372994993,0.7721154387807845,0.0
0.017878104884908395,0.7069937670749736,0.7069937670749736,0.0
0.0220020113490494,0.706935609336733,0.706935609336733,0.0
0.01146691493056224,0.7070602908741146,0.7070602908741146,0.0
0.021838136412964212,0.7069381499813151,0.7069381499813151,0.0
0.01980881355973323,0.7069680370799503,0.7069680370799503,0.0
0.02200878000263908,0.7069355039898603,0.7069355039898603,0.0
0.009312597580157587,0.7070761187900175,0.7070761187900175,0.0
0.013392778302916266,0.7070433627046254,0.7070433627046254,0.0
0.007947946802100467,0.7070843923420819,0.7070843923420819,0.00039287922897184713
0.016541540273587882,0.7070097979713544,0.7070097979713544,0.0008176737653775523
0.01191979493801752,0.7070565460020279,0.7070565460020279,0.0
0.01589218183625367,0.7070174815930945,0.7070174815930945,0.0
0.030591626370208222,0.6351202706617624,0.7718072260548974,0.0
0.036702138985513236,0.6349851035555923,0.771652040272286,0.0
0.009595180757517394,0.7070742296627103,0.7070742296627103,0.0
0.017364916273082995,0.7070001625469505,0.7070001625469505,0.0
0.008464057855259678,0.7070814520706306,0.7070814520706306,0.0
0.012932706927545407,0.7070476451737627,0.7070476451737627,0.0
0.008173881318781207,0.7070831590641183,0.7070831590641183,0.0
0.01191979493801752,0.7070565460020279,0.7070565460020279,0.0
0.006219345010725297,0.70709310551993,0.70709310551993,0.0
0.007946843603631622,0.707084453116012,0.707084453116012,0.0
0.009312597580157587,0.7070761187900175,0.7070761187900175,0.0
0.013392778302916266,0.7070433627046254,0.7070433627046254,0.0
0.010217159659945307,0.7070698726605749,0.7070698726605749,0.0
0.01191979493801752,0.7070565460020279,0.7070565460020279,0.0
0.006946593356526015,0.7070897202055547,0.7070897202055547,0.0
0.00833582353407266,0.7070822137651352,0.7070822137651352,0.0
0.008669231101951795,0.7070801442521237,0.7070801442521237,0.00042853342075886285
0.011443065043274643,0.7070603709388682,0.7070603709388682,0.0005656482967510946
0.005397947840312058,0.7070964793290634,0.7070964793290634,0.0
0.007732077065706599,0.7070856436755911,0.7070856436755911,0.0
0.011003003266124764,0.7070639765675825,0.7070639765675825,0.0
0.008510226245170479,0.7070811123583781,0.7070811123583781,0.00042088161449903457
0.03828276019380705,0.6812552481349747,0.7310436525195059,0.0009461878446319094
0.015055946082150459,0.707026632626937,0.707026632626937,0.0
0.016728384243527305,0.7070078362934179,0.7070078362934179,0.0
0.009724061085475879,0.7070733493195758,0.7070733493195758,0.0
0.015769560556287393,0.7070188544020101,0.7070188544020101,0.0
0.008535773394933003,0.7070810210197097,0.7070810210197097,0.0
0.01625696722199075,0.7070133347457964,0.7070133347457964,0.0
0.007081391405073874,0.7070890083168179,0.7070890083168179,0.00035004406352317715
0.010595529803272557,0.7070669913207095,0.7070669913207095,0.0005237533269042292
0.008732737928587777,0.7070798184392871,0.7070798184392871,0.0
0.011352260633733995,0.7070612159419097,0.7070612159419097,0.0
0.008732737928587777,0.7070798184392871,0.7070798184392871,0.0
0.011352260633733995,0.7070612159419097,0.7070612159419097,0.0
0.013753282615193992,0.7070397389916833,0.7070397389916833,0.0006798459028766185
0.02200199833642164,0.7069351912345064,0.7069351912345064,0.0010875926018992406
0.006219345010725297,0.70709310551993,0.70709310551993,0.0
0.009664933822124909,0.7070737546586685,0.7070737546586685,0.0
0.005317683061109885,0.7070967589908843,0.7070967589908843,0.00026286124869549603
0.009053280073405823,0.7070777318824123,0.7070777318824123,0.0004475175518243116
0.007261113237441229,0.7070881402748008,0.7070881402748008,0.0
0.01349383753935886,0.70704240196344,0.70704240196344,0.0
0.0095360787761792,0.707074550878339,0.707074550878339,0.00047138303391889273
0.014303303265714818,0.7070342691900553,0.7070342691900553,0.0007070342691900553
0.00493261921874212,0.7070981579017375,0.7070981579017375,0.00024382695100059912
0.006811636909256894,0.7070903366010616,0.7070903366010616,0.0003367096840957436
0.007450194365587177,0.7070871567932467,0.7070871567932467,0.0
0.008277939851221192,0.7070825537770747,0.7070825537770747,0.0
0.004764391096280074,0.7070987556832079,0.7070987556832079,0.0
0.007146485256959074,0.7070887241882987,0.7070887241882987,0.0
0.004764391096280074,0.7070987556832079,0.7070987556832079,0.0
0.007146485256959074,0.7070887241882987,0.7070887241882987,0.0
0.008173881318781207,0.7070831590641183,0.7070831590641183,0.0
0.010217159659945307,0.7070698726605749,0.7070698726605749,0.0
0.008464057855259678,0.7070814520706306,0.7070814520706306,0.0
0.01430330684080863,0.7070344459124384,0.7070344459124384,0.0
0.003866125209958647,0.7071014966310921,0.7071014966310921,0.0
0.005838582189130734,0.7070947287874592,0.7070947287874592,0.0
0.013529695680827503,0.635353974136734,0.7721022131806687,0.0006687936569860358
0.01300323438397342,0.7070468523168938,0.7070468523168938,0.0006427698657426308
0.017878097903509922,0.7069934909939662,0.7069934909939662,0.0008837418637424578
0.025999880723754695,0.7068677408830984,0.7068677408830984,0.0
0.02978837942391451,0.7067929868254555,0.7067929868254555,0.0
0.015055946082150459,0.707026632626937,0.707026632626937,0.0
0.016826758723629886,0.7070066690600793,0.7070066690600793,0.0
0.010402904899513728,0.707068424954591,0.707068424954591,0.000514231581785157
0.01754915569334218,0.7069976218523912,0.7069976218523912,0.0008674817446041611
0.0044245685622815644,0.7070998597061937,0.7070998597061937,0.0
0.007744635182127661,0.7070855749574785,0.7070855749574785,0.0
0.04758147304918676,0.7063058839562606,0.7063058839562606,0.0
0.007690508668473734,0.70708581924672,0.70708581924672,0.0003801536662616774
0.00934373968014874,0.7070758379409838,0.7070758379409838,0.0004618754167152121
0.007528612520957324,0.7070866925268866,0.7070866925268866,0.0003721508908036245
0.008940123196854007,0.7070784535326945,0.7070784535326945,0.0004419240334579341
0.007152201705834779,0.7070886510958753,0.7070886510958753,0.00035354432554793764
0.0095360787761792,0.707074550878339,0.707074550878339,0.00047138303391889273
0.007528613042299813,0.7070867414913319,0.7070867414913319,0.0
0.0078033575096625625,0.7070852521484154,0.7070852521484154,0.0
0.005960214782423925,0.7070941906978458,0.7070941906978458,0.0002946225794574358
0.007946842990488041,0.7070843985604782,0.7070843985604782,0.00039282466586693234
0.007152201705834779,0.7070886510958753,0.7070886510958753,0.00035354432554793764
0.0095360787761792,0.707074550878339,0.707074550878339,0.00047138303391889273
0.0047761626124209694,0.7070987159763126,0.7070987159763126,0.0
0.005836200147809133,0.7070947386198806,0.7070947386198806,0.0
0.009933376876026424,0.7070718092673283,0.7070718092673283,0.000491022089768978
0.021668792840557838,0.706940349716667,0.706940349716667,0.00107112174199495
0.009632394981836611,0.7070739766696671,0.7070739766696671,0.0
0.011327361623824929,0.7070614156063967,0.7070614156063967,0.0
0.006273898530641263,0.70709286455077,0.70709286455077,0.0
0.01191979493801752,0.7070565460020279,0.7070565460020279,0.0
0.007946843603631622,0.707084453116012,0.707084453116012,0.0
0.01589218183625367,0.7070174815930945,0.7070174815930945,0.0
0.011307395786753941,0.7070615753951426,0.7070615753951426,0.0
0.018336365627994795,0.7069878986572389,0.7069878986572389,0.0
0.007946843603631622,0.707084453116012,0.707084453116012,0.0
0.00894012406984309,0.7070785225778025,0.7070785225778025,0.0
0.005259033957863096,0.7070970027378952,0.7070970027378952,0.0
0.008414272815099351,0.7070817491680128,0.7070817491680128,0.0
0.017878104884908395,0.7069937670749736,0.7069937670749736,0.0
0.0238345107522491,0.7069059046638388,0.7069059046638388,0.0
0.005522992847958168,0.7070959701538139,0.7070959701538139,0.0002730100270864146
0.009797316404379825,0.7070727607708623,0.7070727607708623,0.000484296411486892
0.0071522021528245055,0.707088695286654,0.707088695286654,0.0
0.00894012406984309,0.7070785225778025,0.7070785225778025,0.0
0.004614392747562518,0.7070992346734457,0.7070992346734457,0.00022809652731401475
0.005985152025936565,0.7070940851205334,0.7070940851205334,0.00029585526574080895
0.01007326946027835,0.7070708172810309,0.7070708172810309,0.0004979371952683317
0.015055941912475408,0.7070264368191616,0.7070264368191616,0.0007442383545464859
0.009228490991760551,0.707076670154664,0.707076670154664,0.0
0.010253776460470562,0.7070696076300759,0.7070696076300759,0.0
0.01021715835687246,0.7070697824825232,0.7070697824825232,0.0005050498446303737
0.01191979286890324,0.7070564232666282,0.7070564232666282,0.0005892136860555235
0.005522992847958168,0.7070959701538139,0.7070959701538139,0.0002730100270864146
0.009797316404379825,0.7070727607708623,0.7070727607708623,0.000484296411486892
0.014281187076700138,0.6353469287706438,0.7720947660730454,0.0
0.021419050498602397,0.6352659564587957,0.7719963658206105,0.0
0.025279215758708135,0.9746805878295771,0.2221646945002827,0.0012495904972174064
0.019587150214508627,0.9817780680925234,0.1890164836814817,0.0009682229468368081
0.005779608591526346,0.7070949710344887,0.7070949710344887,0.0
0.00830678086043157,0.707082384659573,0.707082384659573,0.0
0.00635754715221318,0.7070924909777389,0.7070924909777389,0.0
0.009145889957268878,0.707077206780451,0.707077206780451,0.0
0.010253776460470562,0.7070696076300759,0.7070696076300759,0.0
0.013074540655024286,0.7070463409093707,0.7070463409093707,0.0
0.01144306687392516,0.7070604840537049,0.7070604840537049,0.0
0.01589218183625367,0.7070174815930945,0.7070174815930945,0.0
0.013790549467411343,0.6816880606728296,0.7315126410274068,0.0006816880606728296
0.019698872767447632,0.6816218950673921,0.7314387181411747,0.0009737455643819888
0.007694645885829201,0.7070858478376907,0.7070858478376907,0.0
0.011062563685598879,0.707063511887264,0.707063511887264,0.0
0.010253776460470562,0.7070696076300759,0.7070696076300759,0.0
0.013074540655024286,0.7070463409093707,0.7070463409093707,0.0
0.01191979286890324,0.7070564232666282,0.7070564232666282,0.0005892136860555235
0.01906955018891003,0.7069778863906339,0.7069778863906339,0.0009426371818541785
0.008464057855259678,0.7070814520706306,0.7070814520706306,0.0
0.012932706927545407,0.7070476451737627,0.7070476451737627,0.0
0.004966872674680864,0.7070980377202614,0.7070980377202614,0.0002455201519862019
0.01021715835687246,0.7070697824825232,0.7070697824825232,0.0005050498446303737
0.004966872674680864,0.7070980377202614,0.7070980377202614,0.0002455201519862019
0.01021715835687246,0.7070697824825232,0.7070697824825232,0.0005050498446303737
0.01191979493801752,0.7070565460020279,0.7070565460020279,0.0
0.01589218183625367,0.7070174815930945,0.7070174815930945,0.0
0.021419050498602397,0.6352659564587957,0.7719963658206105,0.0
0.025700434804514054,0.6352060011001991,0.7719150366569839,0.0
0.006651687026170613,0.7070910998408256,0.7070910998408256,0.00032880311548050484
0.009145889022603647,0.7070771345206182,0.7070771345206182,0.0004520953545528249
0.007224442406570668,0.7070882829960417,0.7070882829960417,0.0003571152944424453
0.012547053857762107,0.7070509835812557,0.7070509835812557,0.0006202201610361892
0.01906955018891003,0.7069778863906339,0.7069778863906339,0.0009426371818541785
0.023834494209925523,0.7069054140363477,0.7069054140363477,0.0011781756900605795
0.006994826518386574,0.7070894824567743,0.7070894824567743,0.0
0.010059104393004973,0.7070710057762271,0.7070710057762271,0.0
0.006834417238677831,0.7070902264237617,0.7070902264237617,0.000337835750799695
0.007850893661453051,0.7070849357967108,0.7070849357967108,0.0003880817430278325
0.010217159659945307,0.7070698726605749,0.7070698726605749,0.0
0.01191979493801752,0.7070565460020279,0.7070565460020279,0.0
0.016818443351445302,0.7070067679885512,0.7070067679885512,0.0
0.03211945803504763,0.6350856754334677,0.7717719899286358,0.0015877141885836693
0.01191979286890324,0.7070564232666282,0.7070564232666282,0.0005892136860555235
0.023834494209925523,0.7069054140363477,0.7069054140363477,0.0011781756900605795
0.009724061085475879,0.7070733493195758,0.7070733493195758,0.0
0.015769560556287393,0.7070188544020101,0.7070188544020101,0.0
0.006219345010725297,0.70709310551993,0.70709310551993,0.0
0.008414272815099351,0.7070817491680128,0.7070817491680128,0.0
0.006301535755066426,0.7070927416708248,0.7070927416708248,0.0
0.013243995903264843,0.7070447639904117,0.7070447639904117,0.0
0.007946842990488041,0.7070843985604782,0.7070843985604782,0.00039282466586693234
0.008940123196854007,0.7070784535326945,0.7070784535326945,0.0004419240334579341
0.007946842990488041,0.7070843985604782,0.7070843985604782,0.00039282466586693234
0.008940123196854007,0.7070784535326945,0.7070784535326945,0.0004419240334579341
0.007946843603631622,0.707084453116012,0.707084453116012,0.0
0.011003003266124764,0.7070639765675825,0.7070639765675825,0.0
0.026513641852112427,0.6815172398961177,0.7313204228116033,0.0013106100767233033
0.028721263392688476,0.6814733775823267,0.7312777235939684,0.001419736203296514
0.023834494209925523,0.7069054140363477,0.7069054140363477,0.0011781756900605795
0.028597831868565158,0.7068173966526238,0.7068173966526238,0.0007068173966526238
0.00630987446485238,0.7070927044893893,0.7070927044893893,0.0
0.010730642600316004,0.7070660695116773,0.7070660695116773,0.0
0.005676404650981022,0.7070953890495392,0.7070953890495392,0.0
0.011088287418435596,0.7070633104192743,0.7070633104192743,0.0
0.0102830790474842,0.6353804240516449,0.7721306344394191,0.0005083084057085615
0.002528555018277984,0.9999228940298504,0.012157812487785443,0.0
0.017878104884908395,0.7069937670749736,0.7069937670749736,0.0
0.027237072655137563,0.7068444460675839,0.7068444460675839,0.0
0.00572181417849755,0.7070951777678633,0.7070951777678633,0.00028283807110714534
0.008802593606882817,0.7070793183976559,0.7070793183976559,0.0004351257343985575
0.0168267529028736,0.7070064244904873,0.7070064244904873,0.0008317722641064557
0.01906955018891003,0.7069778863906339,0.7069778863906339,0.0009426371818541785
0.009312597580157587,0.7070761187900175,0.7070761187900175,0.0
0.013392778302916266,0.7070433627046254,0.7070433627046254,0.0
0.008669231897964575,0.7070802091765471,0.7070802091765471,0.0
0.011535337440888055,0.7070597343895793,0.7070597343895793,0.0
0.01233777730436004,0.7070528294630138,0.7070528294630138,0.0006098752992763243
0.017513495036298166,0.7069980650688711,0.7069980650688711,0.0008657189835046054
0.008535773394933003,0.7070810210197097,0.7070810210197097,0.0
0.01625696722199075,0.7070133347457964,0.7070133347457964,0.0
0.00572181417849755,0.7070951777678633,0.7070951777678633,0.00028283807110714534
0.022700119221081227,0.706924127992149,0.706924127992149,0.0011221017904637285
0.005637258281077579,0.7070955456368936,0.7070955456368936,0.0
0.008454053774216602,0.7070815119117395,0.7070815119117395,0.0
0.005637258281077579,0.7070955456368936,0.7070955456368936,0.0
0.008454053774216602,0.7070815119117395,0.7070815119117395,0.0
0.008414272815099351,0.7070817491680128,0.7070817491680128,0.0
0.01191979493801752,0.7070565460020279,0.7070565460020279,0.0
0.01146691493056224,0.7070602908741146,0.7070602908741146,0.0
0.021838136412964212,0.7069381499813151,0.7069381499813151,0.0
0.006697466320850845,0.707090883246329,0.707090883246329,0.00033106605639401113
0.008742076225596673,0.707079694717378,0.707079694717378,0.0004321342672069537
0.11836836758209926,0.7021356455685572,0.7021356455685572,0.0
0.0038126919842464565,0.7071016291258265,0.7071016291258265,0.00018856043443355374
0.014516260281537486,0.6816830087721508,0.7315032732974671,0.0007175610618654219
0.0014984060818821448,0.9999249681368737,0.012157606242221218,7.406851615828694e-05
0.00650203081958212,0.7070918340623166,0.7070918340623166,0.0
0.008414272815099351,0.7070817491680128,0.7070817491680128,0.0
0.006087023477368106,0.707093681256305,0.707093681256305,0.0
0.006811637295386182,0.7070903766836868,0.7070903766836868,0.0
0.007946842990488041,0.7070843985604782,0.7070843985604782,0.00039282466586693234
0.012437966035892284,0.7070519496429128,0.7070519496429128,0.0006148277822981851
0.007152201705834779,0.7070886510958753,0.7070886510958753,0.00035354432554793764
0.012437966035892284,0.7070519496429128,0.7070519496429128,0.0006148277822981851
0.006185727930249758,0.7070932199062069,0.7070932199062069,0.0003057700410405219
0.010309195065773703,0.7070691128898177,0.7070691128898177,0.00050959936064131
0.005031335206075484,0.7070978311613055,0.7070978311613055,0.0
0.00934361861885486,0.7070759141673211,0.7070759141673211,0.0
0.008940123196854007,0.7070784535326945,0.7070784535326945,0.0004419240334579341
0.01906955018891003,0.7069778863906339,0.7069778863906339,0.0009426371818541785
0.01144306687392516,0.7070604840537049,0.7070604840537049,0.0
0.013622326542474366,0.7070411700246211,0.7070411700246211,0.0
0.014281187076700138,0.6353469287706438,0.7720947660730454,0.0
0.018360346430070635,0.6353061048467348,0.7720421302127478,0.0
0.025999880723754695,0.7068677408830984,0.7068677408830984,0.0
0.02978837942391451,0.7067929868254555,0.7067929868254555,0.0
0.014303305947034927,0.7070344017318303,0.7070344017318303,0.0003535172008659151
0.006332219296739792,0.7070926046137019,0.7070926046137019,0.0
0.009145889957268878,0.707077206780451,0.707077206780451,0.0
0.00572181417849755,0.7070951777678633,0.7070951777678633,0.00028283807110714534
0.008802593606882817,0.7070793183976559,0.7070793183976559,0.0004351257343985575
0.004494070177619172,0.7070996231024135,0.7070996231024135,0.00022214879770732435
0.007576461126909424,0.7070864363620857,0.7070864363620857,0.00037451612095449455
0.0037154990765878777,0.7071019003886965,0.7071019003886965,0.0
0.0238345107522491,0.7069059046638388,0.7069059046638388,0.0
0.01300323438397342,0.7070468523168938,0.7070468523168938,0.0006427698657426308
0.015055941912475408,0.7070264368191616,0.7070264368191616,0.0007442383545464859
0.009864877534819565,0.7070722899401072,0.7070722899401072,0.00048763606202766014
0.010595529803272557,0.7070669913207095,0.7070669913207095,0.0005237533269042292
0.007938905199541975,0.7070844977031503,0.7070844977031503,0.0
0.013491292475931728,0.7070424262472971,0.7070424262472971,0.0
0.015229194510605958,0.7070245769854676,0.7070245769854676,0.0007528024968169035
0.02751883975351881,0.7068383347861317,0.7068383347861317,0.0013602985543014737
0.0059141112470300185,0.7070944149433502,0.7070944149433502,0.0
0.010687991751198384,0.7070663925093338,0.7070663925093338,0.0
0.008414272087272709,0.70708168800611,0.70708168800611,0.00041593040470947645
0.015892176932500356,0.7070172634330362,0.7070172634330362,0.000785574737147818
0.0067821199097219745,0.7070904788131984,0.7070904788131984,0.0003352506134316349
0.012256386322102339,0.7070535389691702,0.7070535389691702,0.0006058520178992753
0.007430843780009205,0.7070872109005298,0.7070872109005298,0.0003673180316366389
0.01021715835687246,0.7070697824825232,0.7070697824825232,0.0005050498446303737
0.009595180757517394,0.7070742296627103,0.7070742296627103,0.0
0.017364916273082995,0.7070001625469505,0.7070001625469505,0.0
0.03970406403722061,0.706547852367742,0.706547852367742,0.0019626329232437277
0.008173881318781207,0.7070831590641183,0.7070831590641183,0.0
0.009616207580978415,0.7070740868366481,0.7070740868366481,0.0
0.003866125209958647,0.7071014966310921,0.7071014966310921,0.0
0.0071522021528245055,0.707088695286654,0.707088695286654,0.0
0.006087023201822722,0.7070936492478199,0.7070936492478199,0.0003008909145735404
0.007732076500942979,0.7070855920288933,0.7070855920288933,0.0003822084281237261
0.012853338428564015,0.6353602782285722,0.7721088709117078,0.0
0.016065965955885084,0.6353323165945659,0.7720717144336313,0.0
0.006619369176640582,0.7070912897044141,0.7070912897044141,0.0
0.010159113624950918,0.7070702908517495,0.7070702908517495,0.0
0.010711368201235522,0.6353752763955821,0.7721292150517912,0.0
0.012853338428564015,0.6353602782285722,0.7721088709117078,0.0
0.02757335248117103,0.6814966011164366,0.7313003727260259,0.0013629932022328733
0.013003236398596364,0.7070469618613939,0.7070469618613939,0.00032138498266426997
0.01117490388793822,0.7070626285991558,0.7070626285991558,0.0
0.01754916229643139,0.7069978878690847,0.7069978878690847,0.0
0.023365376164174858,0.6352425551308043,0.7719583028595922,0.0011549864638741897
0.0247124233460352,0.6352179999969504,0.7719364587655247,0.0012215730769172123
0.025700434804514054,0.6352060011001991,0.7719150366569839,0.0
0.028553795656115318,0.6351561070317298,0.7718558158451142,0.0
0.005036826861107023,0.7070977896956967,0.7070977896956967,0.0002489780949632735
0.00606123168254238,0.70709376029659,0.70709376029659,0.0002996160001256737
0.005765631768721131,0.7070950280868575,0.7070950280868575,0.0
0.009804031998951178,0.7070727971561922,0.7070727971561922,0.0
0.009178163402766169,0.7070769976871515,0.7070769976871515,0.0
0.013948527985467576,0.7070379899860539,0.7070379899860539,0.0
0.009447282379447381,0.707075148330266,0.707075148330266,0.0004669936915198903
0.01239915729266864,0.7070522912912774,0.7070522912912774,0.0006129094064591517
0.02223953075624101,0.6815872006361555,0.7313980329923236,0.0010993341945744444
0.025068205757099303,0.6815379716462984,0.7313522015739006,0.0012391599484478152
0.00956834761230918,0.8040628245637966,0.5944672951066197,0.0002364890660481755
0.014303305947034927,0.7070344017318303,0.7070344017318303,0.0003535172008659151
0.001926520683589848,0.9999242302369454,0.012158126330890555,4.761543953509264e-05
0.005721814407362619,0.7070952060507437,0.7070952060507437,0.0
0.008802594440199847,0.7070793853348863,0.7070793853348863,0.0
0.007732077065706599,0.7070856436755911,0.7070856436755911,0.0
0.011895017169550633,0.7070567546408619,0.7070567546408619,0.0
0.05508376798171485,0.6807188331897535,0.7304657655192606,0.0027228753327590135
0.007942914991723336,0.7070844206281901,0.7070844206281901,0.00039282467812677224
0.016826758723629886,0.7070066690600793,0.7070066690600793,0.0
0.02043112035257377,0.7069591817499574,0.7069591817499574,0.0
0.010595529803272557,0.7070669913207095,0.7070669913207095,0.0005237533269042292
0.014303303265714818,0.7070342691900553,0.7070342691900553,0.0007070342691900553
0.009228490991760551,0.707076670154664,0.707076670154664,0.0
0.010217159659945307,0.7070698726605749,0.7070698726605749,0.0
0.006994826518386574,0.7070894824567743,0.7070894824567743,0.0
0.010059104393004973,0.7070710057762271,0.7070710057762271,0.0
0.00630987446485238,0.7070927044893893,0.7070927044893893,0.0
0.010730642600316004,0.7070660695116773,0.7070660695116773,0.0
0.006357546838272948,0.7070924560610051,0.7070924560610051,0.00031426331380489115
0.009145889022603647,0.7070771345206182,0.7070771345206182,0.0004520953545528249
0.008732737928587777,0.7070798184392871,0.7070798184392871,0.0
0.011352260633733995,0.7070612159419097,0.7070612159419097,0.0
0.008732737928587777,0.7070798184392871,0.7070798184392871,0.0
0.011352260633733995,0.7070612159419097,0.7070612159419097,0.0
0.00650203081958212,0.7070918340623166,0.7070918340623166,0.0
0.009536079835647096,0.7070746294350294,0.7070746294350294,0.0
0.009864878707699106,0.7070723740071035,0.7070723740071035,0.0
0.012437968386750634,0.7070520832804364,0.7070520832804364,0.0
0.006994826518386574,0.7070894824567743,0.7070894824567743,0.0
0.010298064544204419,0.7070692858082026,0.7070692858082026,0.0
0.008802594440199847,0.7070793853348863,0.7070793853348863,0.0
0.011003003266124764,0.7070639765675825,0.7070639765675825,0.0
0.0095360787761792,0.707074550878339,0.707074550878339,0.00047138303391889273
0.013367746631532713,0.7070434451675731,0.7070434451675731,0.0006607882665117505
0.008173881318781207,0.7070831590641183,0.7070831590641183,0.0
0.013003237070137553,0.7070469983762386,0.7070469983762386,0.0
0.00630987446485238,0.7070927044893893,0.7070927044893893,0.0
0.010730642600316004,0.7070660695116773,0.7070660695116773,0.0
0.005676404650981022,0.7070953890495392,0.7070953890495392,0.0
0.011088287418435596,0.7070633104192743,0.7070633104192743,0.0
0.009536079835647096,0.7070746294350294,0.7070746294350294,0.0
0.01144306687392516,0.7070604840537049,0.7070604840537049,0.0
0.005676404650981022,0.7070953890495392,0.7070953890495392,0.0
0.011088287418435596,0.7070633104192743,0.7070633104192743,0.0
0.00635754715221318,0.7070924909777389,0.7070924909777389,0.0
0.009145889957268878,0.707077206780451,0.707077206780451,0.0
0.06204385251135743,0.705741151217221,0.705741151217221,0.003068439787900961
0.01300323438397342,0.7070468523168938,0.7070468523168938,0.0006427698657426308
0.005397947648151494,0.7070964541572643,0.7070964541572643,0.0002668288506253828
0.00782726725422683,0.7070850670835161,0.7070850670835161,0.00038691385339727284
0.011003003266124764,0.7070639765675825,0.7070639765675825,0.0
0.01430330684080863,0.7070344459124384,0.7070344459124384,0.0
0.009312597580157587,0.7070761187900175,0.7070761187900175,0.0
0.013392778302916266,0.7070433627046254,0.7070433627046254,0.0
0.0104029062749555,0.7070685184411177,0.7070685184411177,0.0
0.01754916229643139,0.7069978878690847,0.7069978878690847,0.0
0.004554161680798583,0.7070994483138087,0.7070994483138087,0.0
0.007305612074281688,0.7070879110945895,0.7070879110945895,0.0
0.006977766797583293,0.7070895667348368,0.7070895667348368,0.0
0.007946843603631622,0.707084453116012,0.707084453116012,0.0
0.008669231101951795,0.7070801442521237,0.7070801442521237,0.00042853342075886285
0.009933376876026424,0.7070718092673283,0.7070718092673283,0.000491022089768978
0.00894012406984309,0.7070785225778025,0.7070785225778025,0.0
0.01430330684080863,0.7070344459124384,0.7070344459124384,0.0
0.0071522021528245055,0.707088695286654,0.707088695286654,0.0
0.009864878707699106,0.7070723740071035,0.7070723740071035,0.0
0.009536079835647096,0.7070746294350294,0.7070746294350294,0.0
0.01430330684080863,0.7070344459124384,0.7070344459124384,0.0
0.00718814101476854,0.7070885130691742,0.7070885130691742,0.0
0.012771074624413174,0.7070491141543626,0.7070491141543626,0.0
0.013622326542474366,0.7070411700246211,0.7070411700246211,0.0
0.02043112035257377,0.7069591817499574,0.7069591817499574,0.0
0.011003001638658975,0.7070638719850058,0.7070638719850058,0.0005438952861423122
0.007938905199541975,0.7070844977031503,0.7070844977031503,0.0
0.013491292475931728,0.7070424262472971,0.7070424262472971,0.0
0.00894012406984309,0.7070785225778025,0.7070785225778025,0.0
0.010595531256542732,0.7070670883011709,0.7070670883011709,0.0
0.007816575505030558,0.7070851791500703,0.7070851791500703,0.0
0.010674593408775659,0.7070664937103007,0.7070664937103007,0.0
0.00650203081958212,0.7070918340623166,0.7070918340623166,0.0
0.009536079835647096,0.7070746294350294,0.7070746294350294,0.0
0.004087043060008453,0.7071008754339884,0.7071008754339884,0.0
0.005449355347948042,0.7070962821731889,0.7070962821731889,0.0
0.01172441554838289,0.7070581793883898,0.7070581793883898,0.0
0.015216078832530908,0.70702491856545,0.70702491856545,0.0
0.005182818136803916,0.7070972841116564,0.7070972841116564,0.0
0.007774096690860486,0.707085413306144,0.707085413306144,0.0
0.004614392747562518,0.7070992346734457,0.7070992346734457,0.00022809652731401475
0.005985152025936565,0.7070940851205334,0.7070940851205334,0.00029585526574080895
0.006357546838272948,0.7070924560610051,0.7070924560610051,0.00031426331380489115
0.009145889022603647,0.7070771345206182,0.7070771345206182,0.0004520953545528249
0.007946842990488041,0.7070843985604782,0.7070843985604782,0.00039282466586693234
0.0095360787761792,0.707074550878339,0.707074550878339,0.00047138303391889273
0.006273898530641263,0.70709286455077,0.70709286455077,0.0
0.009410616287045636,0.7070754699114862,0.7070754699114862,0.0
0.006829522921963757,0.7070902501262032,0.7070902501262032,0.00033759381720038344
0.00901465714601237,0.7070779792178965,0.7070779792178965,0.00044560836114742306
0.008173881318781207,0.7070831590641183,0.7070831590641183,0.0
0.009864878707699106,0.7070723740071035,0.7070723740071035,0.0
0.005960215041104608,0.7070942213866069,0.7070942213866069,0.0
0.008414272815099351,0.7070817491680128,0.7070817491680128,0.0
0.013859880010551698,0.7070388616356577,0.7070388616356577,0.0
0.023367425141162978,0.7069137017494682,0.7069137017494682,0.0
0.009223928635264075,0.7070766263431907,0.7070766263431907,0.00045617846860851013
0.018012314719814165,0.8021317787151286,0.5968751691172463,0.0004456287659528492
0.023369714146646372,0.6815685292398102,0.731380791919167,0.0005776004485083137
0.00603565780124084,0.7070938699426985,0.7070938699426985,0.0002983518438576787
0.009864877534819565,0.7070722899401072,0.7070722899401072,0.00048763606202766014
0.005960214782423925,0.7070941906978458,0.7070941906978458,0.0002946225794574358
0.010290655318123567,0.7070692482546593,0.7070692482546593,0.000508682912413424
0.00819730061062473,0.707083023506681,0.707083023506681,0.0
0.01265807445430949,0.7070501301715137,0.7070501301715137,0.0
0.011003001638658975,0.7070638719850058,0.7070638719850058,0.0005438952861423122
0.01644003703338415,0.7070109846289774,0.7070109846289774,0.0008126563041712384
0.008940123196854007,0.7070784535326945,0.7070784535326945,0.0004419240334579341
0.013243993065115707,0.7070446124728109,0.7070446124728109,0.0006546709374748249
0.008669231101951795,0.7070801442521237,0.7070801442521237,0.00042853342075886285
0.013336591945313968,0.7070437400568083,0.7070437400568083,0.0006592482424772105
0.004768202522534109,0.7070987428374852,0.7070987428374852,0.0
0.012019946870380094,0.7070556982576526,0.7070556982576526,0.0
0.005005105167778656,0.7070979025957191,0.7070979025957191,0.000247410042895633
0.00925236506157121,0.7070764401971869,0.7070764401971869,0.00045735862884682205
0.0004045700618950818,0.9999260056724711,0.012158100302971576,9.99926005672471e-06
0.04762832134464871,0.7063023432226698,0.7063023432226698,0.002354341144075566
0.00650203081958212,0.7070918340623166,0.7070918340623166,0.0
0.007335582206617118,0.7070877559517241,0.7070877559517241,0.0
0.008494212658977712,0.7070812712663601,0.7070812712663601,0.0
0.013596433375401337,0.7070414192250226,0.7070414192250226,0.0
0.006943895780470563,0.7070897334537498,0.7070897334537498,0.0
0.00894012406984309,0.7070785225778025,0.7070785225778025,0.0
0.007152201705834779,0.7070886510958753,0.7070886510958753,0.00035354432554793764
0.008173880651570252,0.7070831013469077,0.7070831013469077,0.00040404748648394725
0.006185727930249758,0.7070932199062069,0.7070932199062069,0.0003057700410405219
0.010309195065773703,0.7070691128898177,0.7070691128898177,0.00050959936064131
0.00934911338647232,0.7070758023382427,0.7070758023382427,0.00046214104727989723
0.015216074528391757,0.7070247185708478,0.7070247185708478,0.0007521539559264338
0.005947824180461661,0.7070942735546365,0.7070942735546365,0.0
0.01156330946250895,0.7070595059378928,0.7070595059378928,0.0
0.008940123196854007,0.7070784535326945,0.7070784535326945,0.0004419240334579341
0.015892176932500356,0.7070172634330362,0.7070172634330362,0.000785574737147818
0.011513613027284469,0.7070599114343346,0.7070599114343346,0.0
0.0191871972107679,0.7069766090413442,0.7069766090413442,0.0
0.013122512373666738,0.7070458965544609,0.7070458965544609,0.0
0.018104336298129384,0.7069908885576971,0.7069908885576971,0.0
0.017422621842577823,0.689322328094078,0.7242451205411442,0.00043082645505879873
0.028597839012175146,0.7068175732124357,0.7068175732124357,0.0
0.005195995861784036,0.7070972124316091,0.7070972124316091,0.0002568460633605554
0.007795277651450744,0.7070852442121659,0.7070852442121659,0.00038533255815376887
0.005195995861784036,0.7070972124316091,0.7070972124316091,0.0002568460633605554
0.007795277651450744,0.7070852442121659,0.7070852442121659,0.00038533255815376887
0.008940123196854007,0.7070784535326945,0.7070784535326945,0.0004419240334579341
0.011388407843932802,0.7070608132466436,0.7070608132466436,0.0005629465073619773
0.008414272815099351,0.7070817491680128,0.7070817491680128,0.0
0.01191979493801752,0.7070565460020279,0.7070565460020279,0.0
0.00635754715221318,0.7070924909777389,0.7070924909777389,0.0
0.010217159659945307,0.7070698726605749,0.7070698726605749,0.0
0.010123884984695717,0.707070543493652,0.707070543493652,0.0
0.019280798946795793,0.7069753357762819,0.7069753357762819,0.0
0.009536079835647096,0.7070746294350294,0.7070746294350294,0.0
0.01191979493801752,0.7070565460020279,0.7070565460020279,0.0
0.0168267529028736,0.7070064244904873,0.7070064244904873,0.0008317722641064557
0.01906955018891003,0.7069778863906339,0.7069778863906339,0.0009426371818541785
0.00650203081958212,0.7070918340623166,0.7070918340623166,0.0
0.00894012406984309,0.7070785225778025,0.7070785225778025,0.0
0.00695740424058235,0.7070896252415874,0.7070896252415874,0.00034391518737431293
0.013305582125947655,0.707044032891435,0.707044032891435,0.0006577153794338931
0.01191979493801752,0.7070565460020279,0.7070565460020279,0.0
0.015055946082150459,0.707026632626937,0.707026632626937,0.0
0.007694645885829201,0.7070858478376907,0.7070858478376907,0.0
0.011062563685598879,0.707063511887264,0.707063511887264,0.0
0.008940123196854007,0.7070784535326945,0.7070784535326945,0.0004419240334579341
0.011003001638658975,0.7070638719850058,0.7070638719850058,0.0005438952861423122
0.0019083460396274099,0.9999242718759538,0.012157569826355937,4.716623923943178e-05
0.005721814407362619,0.7070952060507437,0.7070952060507437,0.0
0.008173881318781207,0.7070831590641183,0.7070831590641183,0.0
0.01051763016720734,0.7070675742660396,0.7070675742660396,0.0005199026281367938
0.013753282615193992,0.7070397389916833,0.7070397389916833,0.0006798459028766185
0.017878104884908395,0.7069937670749736,0.7069937670749736,0.0
0.027237072655137563,0.7068444460675839,0.7068444460675839,0.0
0.01300323438397342,0.7070468523168938,0.7070468523168938,0.0006427698657426308
0.017027013514092405,0.7070040213463975,0.7070040213463975,0.0008416714539838065
0.01144306687392516,0.7070604840537049,0.7070604840537049,0.0
0.013003237070137553,0.7070469983762386,0.7070469983762386,0.0
0.01589218183625367,0.7070174815930945,0.7070174815930945,0.0
0.017878104884908395,0.7069937670749736,0.7069937670749736,0.0
0.0071522021528245055,0.707088695286654,0.707088695286654,0.0
0.010595531256542732,0.7070670883011709,0.7070670883011709,0.0
0.029773659556946098,0.706793105209403,0.706793105209403,0.0007362428179264614
0.01191979442073885,0.7070565153181719,0.7070565153181719,0.0002946068813825717
0.011003003266124764,0.7070639765675825,0.7070639765675825,0.0
0.01906955866118174,0.7069782004886953,0.7069782004886953,0.0
0.005676404650981022,0.7070953890495392,0.7070953890495392,0.0
0.011088287418435596,0.7070633104192743,0.7070633104192743,0.0
0.009536079835647096,0.7070746294350294,0.7070746294350294,0.0
0.01430330684080863,0.7070344459124384,0.7070344459124384,0.0
0.00630987446485238,0.7070927044893893,0.7070927044893893,0.0
0.010730642600316004,0.7070660695116773,0.7070660695116773,0.0
0.007528613042299813,0.7070867414913319,0.7070867414913319,0.0
0.008669231897964575,0.7070802091765471,0.7070802091765471,0.0
0.008414272087272709,0.70708168800611,0.70708168800611,0.00041593040470947645
0.0095360787761792,0.707074550878339,0.707074550878339,0.00047138303391889273
0.009536079835647096,0.7070746294350294,0.7070746294350294,0.0
0.011003003266124764,0.7070639765675825,0.7070639765675825,0.0
0.00635754715221318,0.7070924909777389,0.7070924909777389,0.0
0.009145889957268878,0.707077206780451,0.707077206780451,0.0
0.007152201705834779,0.7070886510958753,0.7070886510958753,0.00035354432554793764
0.017878097903509922,0.7069934909939662,0.7069934909939662,0.0008837418637424578
0.11418046688783544,0.677293921232835,0.7267928186429348,0.002822058005136813
0.22630861083356482,0.6715389045506375,0.7055635423812031,0.0
0.0014047558870383533,0.9999251000174141,0.01215811706680896,3.4719621528382435e-05
0.005565972218079101,0.7070958280011512,0.7070958280011512,0.0
0.010674593408775659,0.7070664937103007,0.7070664937103007,0.0
0.019151917244995764,0.6816302726839817,0.731446085112636,0.0
0.03828277733054943,0.6812555530893621,0.7310439797609763,0.0
0.00695740465203512,0.7070896670580429,0.7070896670580429,0.0
0.013532129034336732,0.70704203605012,0.70704203605012,0.0
0.01021715835687246,0.7070697824825232,0.7070697824825232,0.0005050498446303737
0.01300323438397342,0.7070468523168938,0.7070468523168938,0.0006427698657426308
0.0047761626124209694,0.7070987159763126,0.7070987159763126,0.0
0.005836200147809133,0.7070947386198806,0.7070947386198806,0.0
0.006811637295386182,0.7070903766836868,0.7070903766836868,0.0
0.009423013890784879,0.7070753873559785,0.7070753873559785,0.0
0.02757337169034429,0.6814970758859192,0.7313008821916622,0.0006814970758859192
0.02872129233875225,0.6814740643895739,0.7312784605953786,0.0
0.03627069777534753,0.6813082132788957,0.7310975003387772,0.0
0.02872129233875225,0.6814740643895739,0.7312784605953786,0.0
0.03627069777534753,0.6813082132788957,0.7310975003387772,0.0
0.00894012406984309,0.7070785225778025,0.7070785225778025,0.0
0.010595531256542732,0.7070670883011709,0.7070670883011709,0.0
0.01191979286890324,0.7070564232666282,0.7070564232666282,0.0005892136860555235
0.015055941912475408,0.7070264368191616,0.7070264368191616,0.0007442383545464859
0.00572181417849755,0.7070951777678633,0.7070951777678633,0.00028283807110714534
0.022700119221081227,0.706924127992149,0.706924127992149,0.0011221017904637285
0.00603565780124084,0.7070938699426985,0.7070938699426985,0.0002983518438576787
0.009864877534819565,0.7070722899401072,0.7070722899401072,0.00048763606202766014
0.011003001638658975,0.7070638719850058,0.7070638719850058,0.0005438952861423122
0.015892176932500356,0.7070172634330362,0.7070172634330362,0.000785574737147818
0.01191979286890324,0.7070564232666282,0.7070564232666282,0.0005892136860555235
0.014303303265714818,0.7070342691900553,0.7070342691900553,0.0007070342691900553
0.00819730061062473,0.707083023506681,0.707083023506681,0.0
0.01265807445430949,0.7070501301715137,0.7070501301715137,0.0
0.0078033575096625625,0.7070852521484154,0.7070852521484154,0.0
0.0078033575096625625,0.7070852521484154,0.7070852521484154,0.0
0.009864877534819565,0.7070722899401072,0.7070722899401072,0.00048763606202766014
0.01395451116066423,0.707037762712844,0.707037762712844,0.000689792939232043
0.006811637295386182,0.7070903766836868,0.7070903766836868,0.0
0.007732077065706599,0.7070856436755911,0.7070856436755911,0.0
0.00819730061062473,0.707083023506681,0.707083023506681,0.0
0.01265807445430949,0.7070501301715137,0.7070501301715137,0.0
0.01172441554838289,0.7070581793883898,0.7070581793883898,0.0
0.015216078832530908,0.70702491856545,0.70702491856545,0.0
0.00650203081958212,0.7070918340623166,0.7070918340623166,0.0
0.009797317553326088,0.7070728436903653,0.7070728436903653,0.0
0.004768202522534109,0.7070987428374852,0.7070987428374852,0.0
0.011003003266124764,0.7070639765675825,0.7070639765675825,0.0
0.0024072824873647963,0.9995636625736177,0.029439529776275362,5.949783705795344e-05
0.0016174670817096953,0.999917829939228,0.012716554994035126,7.999342639513824e-05
0.009864878707699106,0.7070723740071035,0.7070723740071035,0.0
0.01117490388793822,0.7070626285991558,0.7070626285991558,0.0
0.007859521076339018,0.7070849411239255,0.7070849411239255,0.0
0.010217159659945307,0.7070698726605749,0.7070698726605749,0.0
0.01172441554838289,0.7070581793883898,0.7070581793883898,0.0
0.015216078832530908,0.70702491856545,0.70702491856545,0.0
0.019151917244995764,0.6816302726839817,0.731446085112636,0.0
0.03828277733054943,0.6812555530893621,0.7310439797609763,0.0
0.004768202522534109,0.7070987428374852,0.7070987428374852,0.0
0.0071522021528245055,0.707088695286654,0.707088695286654,0.0
0.010595531256542732,0.7070670883011709,0.7070670883011709,0.0
0.013557777648557378,0.7070417903721223,0.7070417903721223,0.0
0.005676404650981022,0.7070953890495392,0.7070953890495392,0.0
0.011088287418435596,0.7070633104192743,0.7070633104192743,0.0
0.012996807771332088,0.707046911397888,0.707046911397888,0.0006427699194526255
0.01051763016720734,0.7070675742660396,0.7070675742660396,0.0005199026281367938
0.013753282615193992,0.7070397389916833,0.7070397389916833,0.0006798459028766185
0.008514434756270228,0.7070810870259013,0.7070810870259013,0.00042088159942017936
0.011003001638658975,0.7070638719850058,0.7070638719850058,0.0005438952861423122
0.019772127034919176,0.6352883130349711,0.7720219053328056,0.0
0.03563451756668143,0.6350095690948421,0.7716819476414962,0.0
0.01191979493801752,0.7070565460020279,0.7070565460020279,0.0
0.015055946082150459,0.707026632626937,0.707026632626937,0.0
0.009324738112582654,0.7070760387890159,0.7070760387890159,0.0
0.01165753720807377,0.7070587322939454,0.7070587322939454,0.0
0.007732077065706599,0.7070856436755911,0.7070856436755911,0.0
0.00894012406984309,0.7070785225778025,0.7070785225778025,0.0
0.006977766382507359,0.7070895246732618,0.7070895246732618,0.00034492171935281065
0.007732076500942979,0.7070855920288933,0.7070855920288933,0.0003822084281237261
0.006994826518386574,0.7070894824567743,0.7070894824567743,0.0
0.010059104393004973,0.7070710057762271,0.7070710057762271,0.0
0.009864878707699106,0.7070723740071035,0.7070723740071035,0.0
0.01644004246197148,0.7070112180877502,0.7070112180877502,0.0
0.028597810437767317,0.7068168669739822,0.7068168669739822,0.0014136337339479643
0.006110423954615793,0.7070935480848033,0.7070935480848033,0.00030204764975856613
0.007029197011763294,0.7070892693493972,0.7070892693493972,0.0003474640144223082
0.0063916344879770695,0.7070923373253921,0.7070923373253921,0.0
0.008311607244610093,0.7070823563012343,0.7070823563012343,0.0
0.007946843603631622,0.707084453116012,0.707084453116012,0.0
0.009536079835647096,0.7070746294350294,0.7070746294350294,0.0
0.006160421222609709,0.7070933306425973,0.7070933306425973,0.00030451909157734597
0.008555170696659184,0.7070808405741056,0.7070808405741056,0.0004228952395778143
0.007261113237441229,0.7070881402748008,0.7070881402748008,0.0
0.01349383753935886,0.70704240196344,0.70704240196344,0.0
0.007946843603631622,0.707084453116012,0.707084453116012,0.0
0.009864878707699106,0.7070723740071035,0.7070723740071035,0.0
0.00635754715221318,0.7070924909777389,0.7070924909777389,0.0
0.0071522021528245055,0.707088695286654,0.707088695286654,0.0
0.008414272087272709,0.70708168800611,0.70708168800611,0.00041593040470947645
0.012547053857762107,0.7070509835812557,0.7070509835812557,0.0006202201610361892
0.004907237717293375,0.7070982672224512,0.7070982672224512,0.0
0.007946843603631622,0.707084453116012,0.707084453116012,0.0
0.007290718652567281,0.7070879879553637,0.7070879879553637,0.0
0.009479209733876665,0.7070750117854615,0.7070750117854615,0.0
0.008494212658977712,0.7070812712663601,0.7070812712663601,0.0
0.013596433375401337,0.7070414192250226,0.7070414192250226,0.0
0.015055941912475408,0.7070264368191616,0.7070264368191616,0.0007442383545464859
0.017878097903509922,0.7069934909939662,0.7069934909939662,0.0008837418637424578
0.012330760895358237,0.7070530221757565,0.7070530221757565,0.0
0.019863816360826552,0.7069672654372278,0.7069672654372278,0.0
0.00691035199600648,0.707089897762403,0.707089897762403,0.0
0.00856541642474843,0.7070808417859554,0.7070808417859554,0.0
0.009864878707699106,0.7070723740071035,0.7070723740071035,0.0
0.010595531256542732,0.7070670883011709,0.7070670883011709,0.0
0.013622326542474366,0.7070411700246211,0.7070411700246211,0.0
0.02043112035257377,0.7069591817499574,0.7069591817499574,0.0
0.007946842990488041,0.7070843985604782,0.7070843985604782,0.00039282466586693234
0.012437966035892284,0.7070519496429128,0.7070519496429128,0.0006148277822981851
0.01069054613779558,0.7070662744622088,0.7070662744622088,0.0005284501303902907
0.014883643919831149,0.7070282652969715,0.7070282652969715,0.0007357213998927904
0.01191979493801752,0.7070565460020279,0.7070565460020279,0.0
0.017878104884908395,0.7069937670749736,0.7069937670749736,0.0
0.010217159659945307,0.7070698726605749,0.7070698726605749,0.0
0.01430330684080863,0.7070344459124384,0.7070344459124384,0.0
0.009536079835647096,0.7070746294350294,0.7070746294350294,0.0
0.01191979493801752,0.7070565460020279,0.7070565460020279,0.0
0.01021715835687246,0.7070697824825232,0.7070697824825232,0.0005050498446303737
0.012437966035892284,0.7070519496429128,0.7070519496429128,0.0006148277822981851
0.004811504943149486,0.7070985761731795,0.7070985761731795,0.00023784008616655887
0.007217152734527351,0.7070883203081171,0.7070883203081171,0.0003567549547467796
0.004811504943149486,0.7070985761731795,0.7070985761731795,0.00023784008616655887
0.007217152734527351,0.7070883203081171,0.7070883203081171,0.0003567549547467796
0.007081391405073874,0.7070890083168179,0.7070890083168179,0.00035004406352317715
0.010595529803272557,0.7070669913207095,0.7070669913207095,0.0005237533269042292
0.01300323438397342,0.7070468523168938,0.7070468523168938,0.0006427698657426308
0.017027013514092405,0.7070040213463975,0.7070040213463975,0.0008416714539838065
0.006531719109132795,0.7070916880376085,0.7070916880376085,0.00016143645845607501
0.006219344716816791,0.7070930721047265,0.7070930721047265,0.0003074317704803159
0.007298157290429787,0.7070879035710521,0.7070879035710521,0.0003607591344750266
0.01021715835687246,0.7070697824825232,0.7070697824825232,0.0005050498446303737
0.01300323438397342,0.7070468523168938,0.7070468523168938,0.0006427698657426308
0.009536079835647096,0.7070746294350294,0.7070746294350294,0.0
0.01430330684080863,0.7070344459124384,0.7070344459124384,0.0
0.00894012406984309,0.7070785225778025,0.7070785225778025,0.0
0.013003237070137553,0.7070469983762386,0.7070469983762386,0.0
0.007694645885829201,0.7070858478376907,0.7070858478376907,0.0
0.011062563685598879,0.707063511887264,0.707063511887264,0.0
0.011343259206799709,0.7070612881747124,0.7070612881747124,0.0
0.019863816360826552,0.7069672654372278,0.7069672654372278,0.0
0.008414272087272709,0.70708168800611,0.70708168800611,0.00041593040470947645
0.0095360787761792,0.707074550878339,0.707074550878339,0.00047138303391889273
0.008173880651570252,0.7070831013469077,0.7070831013469077,0.00040404748648394725
0.01021715835687246,0.7070697824825232,0.7070697824825232,0.0005050498446303737
0.005947824180461661,0.7070942735546365,0.7070942735546365,0.0
0.0104029062749555,0.7070685184411177,0.7070685184411177,0.0
0.007628988745613582,0.7070862035603295,0.7070862035603295,0.0
0.008669231897964575,0.7070802091765471,0.7070802091765471,0.0
0.021419050498602397,0.6352659564587957,0.7719963658206105,0.0
0.05798613477658786,0.6882627273185502,0.7231347055026901,0.0028677613638272924
0.006811637295386182,0.7070903766836868,0.7070903766836868,0.0
0.008630007532480303,0.7070804490897727,0.7070804490897727,0.0
0.006357546838272948,0.7070924560610051,0.7070924560610051,0.00031426331380489115
0.008630006747223506,0.7070803847515058,0.7070803847515058,0.0004265945006042267
0.01432897414934358,0.6353479887276912,0.7720930084643334,0.0
0.023259682972478785,0.6352434425256811,0.7719616284998507,0.0
0.010595529803272557,0.7070669913207095,0.7070669913207095,0.0005237533269042292
0.012437966035892284,0.7070519496429128,0.7070519496429128,0.0006148277822981851
0.0052016642391956285,0.7070972149178437,0.7070972149178437,0.0
0.008173881318781207,0.7070831590641183,0.7070831590641183,0.0
0.008414272087272709,0.70708168800611,0.70708168800611,0.00041593040470947645
0.01021715835687246,0.7070697824825232,0.7070697824825232,0.0005050498446303737
0.008159521519539796,0.7070832419908466,0.7070832419908466,0.0
0.014203053724047886,0.7070354564181742,0.7070354564181742,0.0
0.006087023477368106,0.707093681256305,0.707093681256305,0.0
0.010595531256542732,0.7070670883011709,0.7070670883011709,0.0
0.004614392867601395,0.7070992530679351,0.7070992530679351,0.0
0.006246502665165908,0.7070929858245145,0.7070929858245145,0.0
0.004948385561344951,0.7070981238414993,0.7070981238414993,0.0
0.007069039136980957,0.7070891134382143,0.7070891134382143,0.0
0.0212134534391513,0.6815988499974466,0.731418482864183,0.0
0.03937485200115266,0.6812258131687312,0.7310136883140345,0.0
0.01191979286890324,0.7070564232666282,0.7070564232666282,0.0005892136860555235
0.014303303265714818,0.7070342691900553,0.7070342691900553,0.0007070342691900553
0.00630987446485238,0.7070927044893893,0.7070927044893893,0.0
0.010730642600316004,0.7070660695116773,0.7070660695116773,0.0
0.01144306687392516,0.7070604840537049,0.7070604840537049,0.0
0.016826758723629886,0.7070066690600793,0.7070066690600793,0.0
0.011003001638658975,0.7070638719850058,0.7070638719850058,0.0005438952861423122
0.017878097903509922,0.7069934909939662,0.7069934909939662,0.0008837418637424578
0.01191979493801752,0.7070565460020279,0.7070565460020279,0.0
0.01430330684080863,0.7070344459124384,0.7070344459124384,0.0
0.0005052037403702181,0.999908442098403,0.013522261816717753,2.4997711052460074e-05
0.0014040517344132816,0.9999181491370551,0.012717014571733352,3.471938017836997e-05
0.006185727930249758,0.7070932199062069,0.7070932199062069,0.0003057700410405219
0.010309195065773703,0.7070691128898177,0.7070691128898177,0.00050959936064131
0.00718814101476854,0.7070885130691742,0.7070885130691742,0.0
0.008829760826633564,0.7070792159736221,0.7070792159736221,0.0
0.00894012406984309,0.7070785225778025,0.7070785225778025,0.0
0.010595531256542732,0.7070670883011709,0.7070670883011709,0.0
0.014296234368433199,0.7070343406742433,0.7070343406742433,0.0007070343406742432
0.0071522021528245055,0.707088695286654,0.707088695286654,0.0
0.009536079835647096,0.7070746294350294,0.7070746294350294,0.0
0.00894012406984309,0.7070785225778025,0.7070785225778025,0.0
0.01191979493801752,0.7070565460020279,0.7070565460020279,0.0
0.005721814407362619,0.7070952060507437,0.7070952060507437,0.0
0.0071522021528245055,0.707088695286654,0.707088695286654,0.0
0.009536079835647096,0.7070746294350294,0.7070746294350294,0.0
0.01191979493801752,0.7070565460020279,0.7070565460020279,0.0
0.009536079835647096,0.7070746294350294,0.7070746294350294,0.0
0.01430330684080863,0.7070344459124384,0.7070344459124384,0.0
0.010749528590416764,0.70706592607588,0.70706592607588,0.0
0.005248421633810505,0.707097042162656,0.707097042162656,0.0
0.007217153193805695,0.7070883653051354,0.7070883653051354,0.0
0.007859521076339018,0.7070849411239255,0.7070849411239255,0.0
0.010217159659945307,0.7070698726605749,0.7070698726605749,0.0
0.0071522021528245055,0.707088695286654,0.707088695286654,0.0
0.00894012406984309,0.7070785225778025,0.7070785225778025,0.0
0.006994826518386574,0.7070894824567743,0.7070894824567743,0.0
0.010059104393004973,0.7070710057762271,0.7070710057762271,0.0
0.01191979493801752,0.7070565460020279,0.7070565460020279,0.0
0.013622326542474366,0.7070411700246211,0.7070411700246211,0.0
0.007628988203139347,0.7070861532815756,0.7070861532815756,0.000377112615083507
0.008173880651570252,0.7070831013469077,0.7070831013469077,0.00040404748648394725
0.006994826518386574,0.7070894824567743,0.7070894824567743,0.0
0.010059104393004973,0.7070710057762271,0.7070710057762271,0.0
0.009228490031541652,0.7070765965837648,0.7070765965837648,0.00045617844940888045
0.02234560880502776,0.7069297891852578,0.7069297891852578,0.0011045777956019654
0.006087023477368106,0.707093681256305,0.707093681256305,0.0
0.007732077065706599,0.7070856436755911,0.7070856436755911,0.0
0.00819730061062473,0.707083023506681,0.707083023506681,0.0
0.01265807445430949,0.7070501301715137,0.7070501301715137,0.0
0.009995845926729375,0.7070714543326612,0.7070714543326612,0.0
0.01265807445430949,0.7070501301715137,0.7070501301715137,0.0
0.0077740961168391905,0.7070853610965947,0.7070853610965947,0.00038428552233510583
0.01007326946027835,0.7070708172810309,0.7070708172810309,0.0004979371952683317
0.010217159659945307,0.7070698726605749,0.7070698726605749,0.0
0.01191979493801752,0.7070565460020279,0.7070565460020279,0.0
0.00819730061062473,0.707083023506681,0.707083023506681,0.0
0.01265807445430949,0.7070501301715137,0.7070501301715137,0.0
0.007922198318510069,0.7070845913940573,0.7070845913940573,0.0
0.012390568315030309,0.7070524994004442,0.7070524994004442,0.0
0.010217159659945307,0.7070698726605749,0.7070698726605749,0.0
0.01191979493801752,0.7070565460020279,0.7070565460020279,0.0
0.005765631768721131,0.7070950280868575,0.7070950280868575,0.0
0.009804031998951178,0.7070727971561922,0.7070727971561922,0.0
0.01191979493801752,0.7070565460020279,0.7070565460020279,0.0
0.013003237070137553,0.7070469983762386,0.7070469983762386,0.0
0.004907237717293375,0.7070982672224512,0.7070982672224512,0.0
0.007946843603631622,0.707084453116012,0.707084453116012,0.0
0.020728480841512006,0.6352772180789641,0.7720052696603463,0.0010246406743209097
0.0247124233460352,0.6352179999969504,0.7719364587655247,0.0012215730769172123
0.008840674387993708,0.7070791477891161,0.7070791477891161,0.0
0.010101723376390164,0.707070701975703,0.707070701975703,0.0
0.026770390398717276,0.6351847450016951,0.7718950283477891,0.0013233015520868648
0.033808307075236715,0.6350547053183367,0.7717251626892145,0.0016711965929429914
0.008617010717262315,0.7070804641945351,0.7070804641945351,0.00042595208686417775
0.011174902182996535,0.7070625207234584,0.7070625207234584,0.0005523925943152019
0.008414272087272709,0.70708168800611,0.70708168800611,0.00041593040470947645
0.01300323438397342,0.7070468523168938,0.7070468523168938,0.0006427698657426308
0.008940123196854007,0.7070784535326945,0.7070784535326945,0.0004419240334579341
0.01906955018891003,0.7069778863906339,0.7069778863906339,0.0009426371818541785
0.00606123168254238,0.70709376029659,0.70709376029659,0.0002996160001256737
0.00785952048318642,0.7070848877607159,0.7070848877607159,0.00038850818008830546
0.0017971850996441293,0.9999175257663925,0.012716284481013135,8.888155784590156e-05
0.010997564970443564,0.7070640188712479,0.7070640188712479,0.0
0.009536079835647096,0.7070746294350294,0.7070746294350294,0.0
0.01430330684080863,0.7070344459124384,0.7070344459124384,0.0
0.005470193560557508,0.7070962017230789,0.7070962017230789,0.0
0.010634915401917473,0.7070667926633218,0.7070667926633218,0.0
0.0018380300801717202,0.9999174521211139,0.012716222943383875,9.09015865564649e-05
0.011003003266124764,0.7070639765675825,0.7070639765675825,0.0
0.01589218183625367,0.7070174815930945,0.7070174815930945,0.0
0.00894012406984309,0.7070785225778025,0.7070785225778025,0.0
0.010595531256542732,0.7070670883011709,0.7070670883011709,0.0
0.01143740930043912,0.707060416693813,0.707060416693813,0.0005656483333550505
0.008169841113340024,0.7070831824107341,0.7070831824107341,0.0
0.009223929595008442,0.7070766999140992,0.7070766999140992,0.0
0.009307994618937263,0.7070761490943439,0.7070761490943439,0.0
0.01338615923328326,0.7070434253781663,0.7070434253781663,0.0
0.009531366433127218,0.707074661211218,0.707074661211218,0.0
0.010212109687687434,0.7070699091376066,0.7070699091376066,0.0
0.011718620785613561,0.7070582274207985,0.7070582274207985,0.0
0.015128108929684914,0.7070258624407638,0.7070258624407638,0.0
0.008410113804952882,0.707081773908007,0.707081773908007,0.0
0.010997564970443564,0.7070640188712479,0.7070640188712479,0.0
0.009860002820694432,0.7070724080122119,0.7070724080122119,0.0
0.011169380650460517,0.7070626722348893,0.7070626722348893,0.0
0.009860002820694432,0.7070724080122119,0.7070724080122119,0.0
0.014296237941760869,0.70703451739668,0.70703451739668,0.0
0.008169841113340024,0.7070831824107341,0.7070831824107341,0.0
0.011913903636677482,0.7070565956485152,0.7070565956485152,0.0
0.009860002820694432,0.7070724080122119,0.7070724080122119,0.0
0.01243182105821811,0.7070521373368361,0.7070521373368361,0.0
0.009531365374182891,0.7070745826545172,0.7070745826545172,0.0004713830551030114
0.009531366433127218,0.707074661211218,0.707074661211218,0.0
0.014296237941760869,0.70703451739668,0.70703451739668,0.0
0.009531365374182891,0.7070745826545172,0.7070745826545172,0.0004713830551030114
0.011213174922343905,0.7070622169133769,0.7070622169133769,0.0005545586015006877
0.011301805315870278,0.7070615096229427,0.7070615096229427,0.0005589419048402709
0.02802366686096165,0.7068283926355312,0.7068283926355312,0.0013859380247755514
0.005499031898992606,0.7070960898803549,0.7070960898803549,0.0
0.008169841113340024,0.7070831824107341,0.7070831824107341,0.0
0.035721379561627666,0.7066543929105373,0.7066543929105373,0.0017666359822763435
0.035721379561627666,0.7066543929105373,0.7066543929105373,0.0017666359822763435
0.005718985890316634,0.7070951892082881,0.7070951892082881,0.00028283807568331524
0.022688903981031256,0.7069243080143269,0.7069243080143269,0.0011221020762132174
0.006808269968528019,0.7070903528144826,0.7070903528144826,0.0003367096918164203
0.008935704309468925,0.7070784814614383,0.7070784814614383,0.0004419240509133989
0.005245827153180685,0.7070970279917882,0.7070970279917882,0.0002594375446676897
0.0072135853706661295,0.7070883385094099,0.7070883385094099,0.00035675496393007566
0.015487232983541793,0.68934271440097,0.7242694119306191,0.0007659363493344111
0.02786960800120594,0.6891594461227977,0.7240722636633786,0.0013783188922455955
0.006498816901568837,0.7070918488353828,0.7070918488353828,0.0
0.009792475053162423,0.7070728772313124,0.7070728772313124,0.0
0.009531366433127218,0.707074661211218,0.707074661211218,0.0
0.014296237941760869,0.70703451739668,0.70703451739668,0.0
0.005755821939061198,0.7070950393980225,0.7070950393980225,0.0002846598387270622
0.007787181122592335,0.7070852888763367,0.7070852888763367,0.0003851227063596605
0.009531365374182891,0.7070745826545172,0.7070745826545172,0.0004713830551030114
0.009531365374182891,0.7070745826545172,0.7070745826545172,0.0004713830551030114
0.035721379561627666,0.7066543929105373,0.7066543929105373,0.0017666359822763435
0.00045332652044595314,0.9999190312507177,0.012717131661353017,0.0
0.011913903636677482,0.7070565956485152,0.7070565956485152,0.0
0.01504850538234467,0.7070267118312283,0.7070267118312283,0.0
0.008935705182026582,0.7070785505065544,0.7070785505065544,0.0
0.010590294310112689,0.707067127529779,0.707067127529779,0.0
0.06049885244080757,0.6881669664384639,0.7230241193037166,0.0014960151444314432
0.006619159783117735,0.7070912527959599,0.7070912527959599,0.000327357061479611
0.009928467139270784,0.7070718437462873,0.7070718437462873,0.0004910221137126996
0.016818443351445302,0.7070067679885512,0.7070067679885512,0.0
0.021991140677610668,0.7069357784592946,0.7069357784592946,0.0
0.009595328384947461,0.7070741490391552,0.7070741490391552,0.0004745464087511109
0.012014003963003778,0.707055623935435,0.707055623935435,0.0005941643898617101
0.010212109687687434,0.7070699091376066,0.7070699091376066,0.0
0.011913903636677482,0.7070565956485152,0.7070565956485152,0.0
0.009531366433127218,0.707074661211218,0.707074661211218,0.0
0.01299681045616908,0.7070470574572695,0.7070470574572695,0.0
0.0058119744071476465,0.7070948091782003,0.7070948091782003,0.00028743691430008146
0.007113102746995531,0.7070888487369444,0.7070888487369444,0.000351785496884052
0.0075248917439128945,0.707086761297453,0.707086761297453,0.0
0.009223929595008442,0.7070766999140992,0.7070766999140992,0.0
0.006084014404079994,0.7070936621952516,0.7070936621952516,0.0003008909200830858
0.007728254644995687,0.7070856129199812,0.7070856129199812,0.00038220843941620604
0.00752489122282807,0.7070867123330036,0.7070867123330036,0.00037215090122789664
0.008935704309468925,0.7070784814614383,0.7070784814614383,0.0004419240509133989
0.014296234368433199,0.7070343406742433,0.7070343406742433,0.0007070343406742432
0.010997564970443564,0.7070640188712479,0.7070640188712479,0.0
0.01243182105821811,0.7070521373368361,0.7070521373368361,0.0
0.01699363022141257,0.6303275304678254,0.7761432991827156,0.0
0.0231703254298685,0.6302511862723875,0.7760454743259072,0.0
0.013615594065681847,0.7070412348647844,0.7070412348647844,0.0
0.020421025148373982,0.7069593275896038,0.7069593275896038,0.0
0.006991369037154724,0.7070894995539767,0.7070894995539767,0.0
0.010054132525821989,0.7070710411334752,0.7070710411334752,0.0
0.007446511319268751,0.7070871282391692,0.7070871282391692,0.00036827454595790067
0.008717777113635538,0.7070798450228626,0.7070798450228626,0.0004311462469651601
0.007690842529110353,0.7070858685270102,0.7070858685270102,0.0
0.011057095959029865,0.7070635546501294,0.7070635546501294,0.0
0.010997564970443564,0.7070640188712479,0.7070640188712479,0.0
0.019060135710518303,0.7069783275414802,0.7069783275414802,0.0
0.008169841113340024,0.7070831824107341,0.7070831824107341,0.0
0.011913903636677482,0.7070565956485152,0.7070565956485152,0.0
0.008535628813530755,0.7070810218923845,0.7070810218923845,0.0
0.01342385993873248,0.7070430679896188,0.7070430679896188,0.0
0.019060127242430003,0.7069780134432493,0.7069780134432493,0.0009426373512576658
0.023822719141083012,0.7069056124950448,0.7069056124950448,0.0011781760208250747
0.007770253493692663,0.707085382215356,0.707085382215356,0.0003842855338126935
0.010068290593211774,0.7070708527379188,0.7070708527379188,0.000497937220237971
0.009860002820694432,0.7070724080122119,0.7070724080122119,0.0
0.014296237941760869,0.70703451739668,0.70703451739668,0.0
0.1415367573168063,0.699983962991129,0.699983962991129,0.003499919814955645
0.0008087343321113878,0.9999188082485012,0.01271696740330444,3.9996752329940046e-05
0.009964539173915835,0.9757560615407196,0.21863342257704055,0.0004928060916872322
0.008169841113340024,0.7070831824107341,0.7070831824107341,0.0
0.011913903636677482,0.7070565956485152,0.7070565956485152,0.0
0.008169841113340024,0.7070831824107341,0.7070831824107341,0.0
0.011913903636677482,0.7070565956485152,0.7070565956485152,0.0
0.007148666890066063,0.7070887131618262,0.7070887131618262,0.0
0.009860002820694432,0.7070724080122119,0.7070724080122119,0.0
0.016993624219827544,0.6303273078571048,0.776143025074715,0.0008404364104761397
0.021240300982191533,0.6302759935368407,0.7760798400416965,0.0010504599892280678
0.009860002820694432,0.7070724080122119,0.7070724080122119,0.0
0.014296237941760869,0.70703451739668,0.70703451739668,0.0
0.007446511319268751,0.7070871282391692,0.7070871282391692,0.00036827454595790067
0.008717777113635538,0.7070798450228626,0.7070798450228626,0.0004311462469651601
0.0046121118308211015,0.7070992421140165,0.7070992421140165,0.00022809652971419886
0.005982193579181996,0.7070940976382281,0.7070940976382281,0.0002958552709783381
0.011913903636677482,0.7070565956485152,0.7070565956485152,0.0
0.01504850538234467,0.7070267118312283,0.7070267118312283,0.0
0.009860002820694432,0.7070724080122119,0.7070724080122119,0.0
0.010590294310112689,0.707067127529779,0.707067127529779,0.0
0.014296237941760869,0.70703451739668,0.70703451739668,0.0
0.018327304725818894,0.7069880161295122,0.7069880161295122,0.0
0.01991069785905882,0.6892922107488216,0.7242097847390405,0.0
0.03979773687362811,0.6888826857452937,0.7237795143689053,0.0
0.008935704309468925,0.7070784814614383,0.7070784814614383,0.0004419240509133989
0.011913901568585562,0.7070564729130897,0.7070564729130897,0.0005892137274275748
0.0075248917439128945,0.707086761297453,0.707086761297453,0.0
0.009531366433127218,0.707074661211218,0.707074661211218,0.0
0.0007220842747642708,0.9999188770227291,0.012716825432421208,1.7855694232548734e-05
0.01143740930043912,0.707060416693813,0.707060416693813,0.0005656483333550505
0.011913903636677482,0.7070565956485152,0.7070565956485152,0.0
0.01504850538234467,0.7070267118312283,0.7070267118312283,0.0
0.009531366433127218,0.707074661211218,0.707074661211218,0.0
0.014296237941760869,0.70703451739668,0.70703451739668,0.0
0.030963337011283686,0.6890950373431087,0.7240091859018263,0.0
0.03869373920087927,0.6889093032797496,0.7238140413125903,0.0
0.01233167947903589,0.7070528826521004,0.7070528826521004,0.0006098753451550886
0.017504840499850155,0.7069981722357878,0.7069981722357878,0.0008657191147304726
0.008169840446458815,0.7070831246935178,0.7070831246935178,0.00040404749982486725
0.010212108385258512,0.7070698189595409,0.7070698189595409,0.0005050498706853863
0.011913903636677482,0.7070565956485152,0.7070565956485152,0.0
0.01504850538234467,0.7070267118312283,0.7070267118312283,0.0
0.005730446637118061,0.7070951710983957,0.7070951710983957,0.0
0.00954090647240363,0.7070745968791712,0.7070745968791712,0.0
0.011670794264611909,0.7070585051508205,0.7070585051508205,0.0005771906164496494
0.014296234368433199,0.7070343406742433,0.7070343406742433,0.0007070343406742432
0.005730446637118061,0.7070951710983957,0.7070951710983957,0.0
0.00954090647240363,0.7070745968791712,0.7070745968791712,0.0
0.025987037264542313,0.70686797702761,0.70686797702761,0.0
0.029773667626407367,0.7067932967693143,0.7067932967693143,0.0
0.005730446637118061,0.7070951710983957,0.7070951710983957,0.0
0.00954090647240363,0.7070745968791712,0.7070745968791712,0.0
0.024885534590082404,0.6892136187164266,0.7241296729360428,0.0012307386048507618
0.00752489122282807,0.7070867123330036,0.7070867123330036,0.00037215090122789664
0.011913901568585562,0.7070564729130897,0.7070564729130897,0.0005892137274275748
0.011257315683074951,0.7070618653563396,0.7070618653563396,0.0005567416262648343
0.01374648544115951,0.7070398050843665,0.7070398050843665,0.0006798459664272754
0.006808269968528019,0.7070903528144826,0.7070903528144826,0.0003367096918164203
0.009531365374182891,0.7070745826545172,0.7070745826545172,0.0004713830551030114
0.006808269968528019,0.7070903528144826,0.7070903528144826,0.0003367096918164203
0.009531365374182891,0.7070745826545172,0.7070745826545172,0.0004713830551030114
0.006808269968528019,0.7070903528144826,0.7070903528144826,0.0003367096918164203
0.010997563343781965,0.7070639142886526,0.7070639142886526,0.0005438953186835788
0.007823398352564211,0.7070850884921411,0.7070850884921411,0.00038691386511197876
0.00885271670256709,0.7070790046808035,0.7070790046808035,0.00043781981713981647
0.013928593860073106,0.7070380186933253,0.7070380186933253,0.000688852317511034
0.021625336382954243,0.7069410162775843,0.7069410162775843,0.001069502293914651
0.006808269968528019,0.7070903528144826,0.7070903528144826,0.0003367096918164203
0.009531365374182891,0.7070745826545172,0.7070745826545172,0.0004713830551030114
0.007191815571682069,0.7070884943869413,0.7070884943869413,0.0
0.011661278094066377,0.7070587014503155,0.7070587014503155,0.0
0.010997563343781965,0.7070639142886526,0.7070639142886526,0.0005438953186835788
0.017869263307451262,0.7069936026686948,0.7069936026686948,0.0008837420033358686
0.010512431715618772,0.7070676129199569,0.7070676129199569,0.0005199026565587919
0.01374648544115951,0.7070398050843665,0.7070398050843665,0.0006798459664272754
0.009531365374182891,0.7070745826545172,0.7070745826545172,0.0004713830551030114
0.014296234368433199,0.7070343406742433,0.7070343406742433,0.0007070343406742432
0.008935705182026582,0.7070785505065544,0.7070785505065544,0.0
0.010590294310112689,0.707067127529779,0.707067127529779,0.0
0.006619159783117735,0.7070912527959599,0.7070912527959599,0.000327357061479611
0.009928467139270784,0.7070718437462873,0.7070718437462873,0.0004910221137126996
0.008991899166800875,0.7070781243923536,0.7070781243923536,0.00044470322288827274
0.010997563343781965,0.7070639142886526,0.7070639142886526,0.0005438953186835788
0.01233167947903589,0.7070528826521004,0.7070528826521004,0.0006098753451550886
0.017504840499850155,0.7069981722357878,0.7069981722357878,0.0008657191147304726
0.006649945211189392,0.707091108014698,0.707091108014698,0.00032887958512311534
0.009531365374182891,0.7070745826545172,0.7070745826545172,0.0004713830551030114
0.0058119744071476465,0.7070948091782003,0.7070948091782003,0.00028743691430008146
0.007113102746995531,0.7070888487369444,0.7070888487369444,0.000351785496884052
0.007645604384727207,0.7070860632759584,0.7070860632759584,0.00037812088945238416
0.009344492379638726,0.7070758328806751,0.7070758328806751,0.00046214106724227133
0.005606852481261992,0.7070956393282928,0.7070956393282928,0.00027729240757972263
0.007728254644995687,0.7070856129199812,0.7070856129199812,0.00038220843941620604
0.003641992254047065,0.6304140894740222,0.7762504825667169,0.0
0.028315449493938803,0.630165789924454,0.7759441426603111,0.0
0.029029813619577554,0.6891350414143039,0.7240512168459621,0.0
0.036660199897298774,0.6889651810570491,0.7238667066763865,0.0
0.008459874240856652,0.7070814771042404,0.7070814771042404,0.0
0.012926315160134557,0.7070477036156687,0.7070477036156687,0.0
0.02402800163698117,0.6892305118421899,0.7241436022524028,0.0
0.010212108385258512,0.7070698189595409,0.7070698189595409,0.0005050498706853863
0.011913901568585562,0.7070564729130897,0.7070564729130897,0.0005892137274275748
0.019060127242430003,0.7069780134432493,0.7069780134432493,0.0009426373512576658
0.023822719141083012,0.7069056124950448,0.7069056124950448,0.0011781760208250747
0.1415367573168063,0.699983962991129,0.699983962991129,0.003499919814955645
0.02858370707328227,0.7068176823264656,0.7068176823264656,0.0007068176823264656
0.010669315908648088,0.7070664350933946,0.7070664350933946,0.0005276615187264138
0.01152963423007104,0.7070596659390747,0.7070596659390747,0.0005702094080153828
0.008576588633327267,0.7070807740730244,0.7070807740730244,0.0
0.012014006083664193,0.7070557487418591,0.7070557487418591,0.0
0.0115079224252695,0.7070599577551587,0.7070599577551587,0.0
0.01917771617334478,0.7069767376662314,0.7069767376662314,0.0
0.014296234368433199,0.7070343406742433,0.7070343406742433,0.0007070343406742432
0.021991127671405916,0.7069353603567679,0.7069353603567679,0.0010875928620873352
0.0016166500686559816,0.9999072666105774,0.01352194594782816,3.9996290664423094e-05
0.007148666778373854,0.7070887021141299,0.7070887021141299,0.00017677217552853247
0.11830865028302359,0.7021284883265495,0.7021284883265495,0.005851070736054579
0.006498816565900349,0.7070918123135889,0.7070918123135889,0.0003214053692334495
0.009792473904783938,0.7070727943117977,0.7070727943117977,0.0004842964344601354
0.021441563955582194,0.6892688709756887,0.7241882923929647,0.0
0.03979773687362811,0.6888826857452937,0.7237795143689053,0.0
0.01299681045616908,0.7070470574572695,0.7070470574572695,0.0
0.020421025148373982,0.7069593275896038,0.7069593275896038,0.0
0.02858370707328227,0.7068176823264656,0.7068176823264656,0.0007068176823264656
0.011913903636677482,0.7070565956485152,0.7070565956485152,0.0
0.01504850538234467,0.7070267118312283,0.7070267118312283,0.0
0.009531366433127218,0.707074661211218,0.707074661211218,0.0
0.014296237941760869,0.70703451739668,0.70703451739668,0.0
0.030963337011283686,0.6890950373431087,0.7240091859018263,0.0
0.03869373920087927,0.6889093032797496,0.7238140413125903,0.0
0.00752489122282807,0.7070867123330036,0.7070867123330036,0.00037215090122789664
0.010590292857560647,0.7070670305493013,0.7070670305493013,0.0005237533559624455
0.011169380650460517,0.7070626722348893,0.7070626722348893,0.0
0.01754049014535275,0.7069979954729224,0.7069979954729224,0.0
0.00826428303941767,0.7070825745891478,0.7070825745891478,0.0004087182512075999
0.012996807771332088,0.707046911397888,0.707046911397888,0.0006427699194526255
0.0074465118242396005,0.7070871761889235,0.7070871761889235,0.0
0.011913903636677482,0.7070565956485152,0.7070565956485152,0.0
0.01233167947903589,0.7070528826521004,0.7070528826521004,0.0006098753451550886
0.017504840499850155,0.7069981722357878,0.7069981722357878,0.0008657191147304726
0.011913903636677482,0.7070565956485152,0.7070565956485152,0.0
0.01504850538234467,0.7070267118312283,0.7070267118312283,0.0
0.00752489122282807,0.7070867123330036,0.7070867123330036,0.00037215090122789664
0.0073697473628270265,0.7070875313493784,0.7070875313493784,0.00036447810894297856
0.011048550456708175,0.7070635158744005,0.7070635158744005,0.0005464169365335398
0.007113102746995531,0.7070888487369444,0.7070888487369444,0.000351785496884052
0.01602674694680104,0.707015740679848,0.707015740679848,0.0007926185433630582
0.008664946885191573,0.7070802354384815,0.7070802354384815,0.0
0.011437411130185074,0.7070605298086717,0.7070605298086717,0.0
0.006216270517939206,0.7070930856211757,0.7070930856211757,0.0003074317763570329
0.007294549891094093,0.7070879221832058,0.7070879221832058,0.00036075914397102336
0.010997564970443564,0.7070640188712479,0.7070640188712479,0.0
0.015884328069047184,0.7070175698388955,0.7070175698388955,0.0
0.009531365374182891,0.7070745826545172,0.7070745826545172,0.0004713830551030114
0.014296234368433199,0.7070343406742433,0.7070343406742433,0.0007070343406742432
0.006216270811702446,0.7070931190363812,0.7070931190363812,0.0
0.009531366433127218,0.707074661211218,0.707074661211218,0.0
0.009307994618937263,0.7070761490943439,0.7070761490943439,0.0
0.01338615923328326,0.7070434253781663,0.7070434253781663,0.0
0.010997563343781965,0.7070639142886526,0.7070639142886526,0.0005438953186835788
0.014296234368433199,0.7070343406742433,0.7070343406742433,0.0007070343406742432
0.006619159783117735,0.7070912527959599,0.7070912527959599,0.000327357061479611
0.009928467139270784,0.7070718437462873,0.7070718437462873,0.0004910221137126996
0.007942915604563889,0.707084475183729,0.707084475183729,0.0
0.011913903636677482,0.7070565956485152,0.7070565956485152,0.0
0.008935705182026582,0.7070785505065544,0.7070785505065544,0.0
0.010590294310112689,0.707067127529779,0.707067127529779,0.0
0.007427170802366094,0.7070872301955851,0.7070872301955851,0.00036731804166004417
0.010212108385258512,0.7070698189595409,0.7070698189595409,0.0005050498706853863
0.009375128372276666,0.7070757056242292,0.7070757056242292,0.0
0.010997564970443564,0.7070640188712479,0.7070640188712479,0.0
0.021991127671405916,0.7069353603567679,0.7069353603567679,0.0010875928620873352
0.025987015802182503,0.70686739323444,0.70686739323444,0.0012852134422444365
0.00799845692776913,0.7070841621358714,0.7070841621358714,0.0
0.008935705182026582,0.7070785505065544,0.7070785505065544,0.0
0.023227359230978396,0.6892391463198337,0.7241605964000386,0.0011487319105330561
0.02786960800120594,0.6891594461227977,0.7240722636633786,0.0013783188922455955
0.008664946885191573,0.7070802354384815,0.7070802354384815,0.0
0.010590294310112689,0.707067127529779,0.707067127529779,0.0
0.00841011307748594,0.7070817127460978,0.7070817127460978,0.00041593041926241044
0.01143740930043912,0.707060416693813,0.707060416693813,0.0005656483333550505
0.013615594065681847,0.7070412348647844,0.7070412348647844,0.0
0.020421025148373982,0.7069593275896038,0.7069593275896038,0.0
0.010997564970443564,0.7070640188712479,0.7070640188712479,0.0
0.01504850538234467,0.7070267118312283,0.7070267118312283,0.0
0.007025722967284579,0.7070893292989178,0.7070893292989178,0.0
0.0094059648864013,0.707075500857071,0.707075500857071,0.0
0.007241717717829466,0.7070881943773845,0.7070881943773845,0.00035814627684616545
0.010609151448875498,0.7070668888479041,0.7070668888479041,0.0005246860261560582
0.011913901568585562,0.7070564729130897,0.7070564729130897,0.0005892137274275748
0.007257524146641423,0.7070881586984967,0.7070881586984967,0.0
0.014440614422882355,0.7070330503785129,0.7070330503785129,0.0
0.006498816565900349,0.7070918123135889,0.7070918123135889,0.0003214053692334495
0.008825395639513815,0.7070791758660919,0.7070791758660919,0.00043646862707783456
0.013260050781893129,0.6893652513316547,0.7242925661013693,0.0
0.018494988618969747,0.6893087746417211,0.7242315573060271,0.0
0.02235767905389032,0.6302609822313295,0.7760613561208437,0.0
0.030336182286904823,0.6301284154549963,0.7758981222302521,0.0
0.009592753386789766,0.7070741665515068,0.7070741665515068,0.0004744190596829756
0.012551861299844154,0.7070509406786593,0.7070509406786593,0.0006207646538004032
0.015033623975234318,0.7070268701224061,0.7070268701224061,0.0
0.012425671379740691,0.707052057728936,0.707052057728936,0.0006148278762860312
0.008360934586284792,0.7070820050715625,0.7070820050715625,0.0004134982485798611
0.10932149859726298,0.702858299586755,0.702858299586755,0.0054066023045135
0.014296237941760869,0.70703451739668,0.70703451739668,0.0
0.018327304725818894,0.7069880161295122,0.7069880161295122,0.0
0.011913903636677482,0.7070565956485152,0.7070565956485152,0.0
0.01504850538234467,0.7070267118312283,0.7070267118312283,0.0
0.01299681045616908,0.7070470574572695,0.7070470574572695,0.0
0.020421025148373982,0.7069593275896038,0.7069593275896038,0.0
0.028583685653052023,0.7068171526471816,0.7068171526471816,0.0014136343052943631
0.007690842529110353,0.7070858685270102,0.7070858685270102,0.0
0.011057095959029865,0.7070635546501294,0.7070635546501294,0.0
0.009531366433127218,0.707074661211218,0.707074661211218,0.0
0.014296237941760869,0.70703451739668,0.70703451739668,0.0
0.006216270517939206,0.7070930856211757,0.7070930856211757,0.0003074317763570329
0.00924779186652012,0.7070764701107867,0.7070764701107867,0.00045735864819585164
0.006991369037154724,0.7070894995539767,0.7070894995539767,0.0
0.010054132525821989,0.7070710411334752,0.7070710411334752,0.0
0.008935704309468925,0.7070784814614383,0.7070784814614383,0.0004419240509133989
0.019060127242430003,0.7069780134432493,0.7069780134432493,0.0009426373512576658
0.030963337011283686,0.6890950373431087,0.7240091859018263,0.0
0.03869373920087927,0.6889093032797496,0.7238140413125903,0.0
0.006712383574052349,0.7070908512725769,0.7070908512725769,0.0
0.0094059648864013,0.707075500857071,0.707075500857071,0.0
0.010212108385258512,0.7070698189595409,0.7070698189595409,0.0005050498706853863
0.011913901568585562,0.7070564729130897,0.7070564729130897,0.0005892137274275748
0.01299681045616908,0.7070470574572695,0.7070470574572695,0.0
0.020421025148373982,0.7069593275896038,0.7069593275896038,0.0
0.0062928764629426774,0.7070927459844591,0.7070927459844591,0.0003112203987607655
0.008510226245170479,0.7070811123583781,0.7070811123583781,0.00042088161449903457
0.07127143189981765,0.7053085789195215,0.7053085789195215,0.0
0.022846922964766835,0.68924940694895,0.7241638441206263,0.0
0.02402800163698117,0.6892305118421899,0.7241436022524028,0.0
0.005883724702760418,0.7070945117560741,0.7070945117560741,0.0002909853957843926
0.007812711304300543,0.7070851477185952,0.7070851477185952,0.0003863853266221832
0.008169841113340024,0.7070831824107341,0.7070831824107341,0.0
0.009531366433127218,0.707074661211218,0.707074661211218,0.0
0.010997563343781965,0.7070639142886526,0.7070639142886526,0.0005438953186835788
0.015884323167716038,0.7070173516787555,0.7070173516787555,0.0007855748351986171
0.008664946885191573,0.7070802354384815,0.7070802354384815,0.0
0.011529636104437038,0.7070597808853575,0.7070597808853575,0.0
0.008032156121528534,0.7070839711335704,0.7070839711335704,0.0
0.010830954895779076,0.7070653047689605,0.7070653047689605,0.0
0.004765845580273004,0.7070987507823447,0.7070987507823447,0.0
0.010997564970443564,0.7070640188712479,0.7070640188712479,0.0
0.008459874240856652,0.7070814771042404,0.7070814771042404,0.0
0.012926315160134557,0.7070477036156687,0.7070477036156687,0.0
0.012324664247310864,0.7070529439604649,0.7070529439604649,0.000609528399965918
0.014891781024981331,0.7070281792276002,0.7070281792276002,0.000736487686695417
0.01699363022141257,0.6303275304678254,0.7761432991827156,0.0
0.02235767905389032,0.6302609822313295,0.7760613561208437,0.0
0.013615594065681847,0.7070412348647844,0.7070412348647844,0.0
0.020421025148373982,0.7069593275896038,0.7069593275896038,0.0
0.011703766999067257,0.7929852022117776,0.6091283995617418,0.00028941065774152464
0.0073697473628270265,0.7070875313493784,0.7070875313493784,0.00036447810894297856
0.011048550456708175,0.7070635158744005,0.7070635158744005,0.0005464169365335398
0.00752489122282807,0.7070867123330036,0.7070867123330036,0.00037215090122789664
0.010590292857560647,0.7070670305493013,0.7070670305493013,0.0005237533559624455
0.014296237941760869,0.70703451739668,0.70703451739668,0.0
0.020421025148373982,0.7069593275896038,0.7069593275896038,0.0
0.007534805399791786,0.7070867085116179,0.7070867085116179,0.0
0.01019390817691897,0.7070700404613678,0.7070700404613678,0.0
0.010997564970443564,0.7070640188712479,0.7070640188712479,0.0
0.014296237941760869,0.70703451739668,0.70703451739668,0.0
0.008935705182026582,0.7070785505065544,0.7070785505065544,0.0
0.013116026830242303,0.7070459567242389,0.7070459567242389,0.0
0.005718986119068583,0.70709521749117,0.70709521749117,0.0
0.009531366433127218,0.707074661211218,0.707074661211218,0.0
0.006940463471419613,0.7070897503028883,0.7070897503028883,0.0
0.008935705182026582,0.7070785505065544,0.7070785505065544,0.0
0.010590294310112689,0.707067127529779,0.707067127529779,0.0
0.011913903636677482,0.7070565956485152,0.7070565956485152,0.0
0.01267189523417176,0.6893711551725489,0.7242972046977908,0.0006267010501568626
0.01991068820595822,0.6892918765663082,0.7242094336277958,0.0009847026808090117
0.008935705182026582,0.7070785505065544,0.7070785505065544,0.0
0.010590294310112689,0.707067127529779,0.707067127529779,0.0
0.009531366433127218,0.707074661211218,0.707074661211218,0.0
0.014296237941760869,0.70703451739668,0.70703451739668,0.0
0.011913903636677482,0.7070565956485152,0.7070565956485152,0.0
0.01504850538234467,0.7070267118312283,0.7070267118312283,0.0
0.021441563955582194,0.6892688709756887,0.7241882923929647,0.0
0.03482960910447092,0.6890130386641132,0.7239115490724506,0.0
0.007477667038951633,0.7070870117940417,0.7070870117940417,0.0
0.010997564970443564,0.7070640188712479,0.7070640188712479,0.0
0.007477667038951633,0.7070870117940417,0.7070870117940417,0.0
0.010997564970443564,0.7070640188712479,0.7070640188712479,0.0
0.02212186059924464,0.6892567842494621,0.7241791279847681,0.0005470291938487795
0.028583685653052023,0.7068171526471816,0.7068171526471816,0.0014136343052943631
0.006216270811702446,0.7070931190363812,0.7070931190363812,0.0
0.009247792833732643,0.707076544062842,0.707076544062842,0.0
0.011913903636677482,0.7070565956485152,0.7070565956485152,0.0
0.01504850538234467,0.7070267118312283,0.7070267118312283,0.0
0.010212109687687434,0.7070699091376066,0.7070699091376066,0.0
0.011913903636677482,0.7070565956485152,0.7070565956485152,0.0
0.008459874240856652,0.7070814771042404,0.7070814771042404,0.0
0.012926315160134557,0.7070477036156687,0.7070477036156687,0.0
0.017869263307451262,0.7069936026686948,0.7069936026686948,0.0008837420033358686
0.007690842529110353,0.7070858685270102,0.7070858685270102,0.0
0.011057095959029865,0.7070635546501294,0.7070635546501294,0.0
0.010590294310112689,0.707067127529779,0.707067127529779,0.0
0.01299681045616908,0.7070470574572695,0.7070470574572695,0.0
0.009223929595008442,0.7070766999140992,0.7070766999140992,0.0
0.010212109687687434,0.7070699091376066,0.7070699091376066,0.0
0.006974317333129042,0.7070895416871681,0.7070895416871681,0.00034492172765227707
0.009531365374182891,0.7070745826545172,0.7070745826545172,0.0004713830551030114
0.00796503931595979,0.7070843507491504,0.7070843507491504,0.0
0.010669317393959493,0.7070665335264945,0.7070665335264945,0.0
0.007942915604563889,0.707084475183729,0.707084475183729,0.0
0.011913903636677482,0.7070565956485152,0.7070565956485152,0.0
0.007690842529110353,0.7070858685270102,0.7070858685270102,0.0
0.011057095959029865,0.7070635546501294,0.7070635546501294,0.0
0.008169840446458815,0.7070831246935178,0.7070831246935178,0.00040404749982486725
0.009860001648394493,0.7070723239452036,0.7070723239452036,0.0004876360854794507
0.006084014404079994,0.7070936621952516,0.7070936621952516,0.0003008909200830858
0.008169840446458815,0.7070831246935178,0.7070831246935178,0.00040404749982486725
0.053539494686747784,0.6884405844982405,0.7233127479514784,0.0013239242009581548
0.008935704309468925,0.7070784814614383,0.7070784814614383,0.0004419240509133989
0.015884323167716038,0.7070173516787555,0.7070173516787555,0.0007855748351986171
0.021441563955582194,0.6892688709756887,0.7241882923929647,0.0
0.03979773687362811,0.6888826857452937,0.7237795143689053,0.0
0.009860002820694432,0.7070724080122119,0.7070724080122119,0.0
0.01243182105821811,0.7070521373368361,0.7070521373368361,0.0
0.008664946885191573,0.7070802354384815,0.7070802354384815,0.0
0.010590294310112689,0.707067127529779,0.707067127529779,0.0
0.00849001414180428,0.7070812964786553,0.7070812964786553,0.0
0.013589713690892707,0.707041483818948,0.707041483818948,0.0
0.018207107011189473,0.6303152773408819,0.7761252099977518,0.0009004503962012597
0.031851579417336746,0.6301004830333679,0.7758584772710617,0.0015752512075834196
0.007148666890066063,0.7070887131618262,0.7070887131618262,0.0
0.008935705182026582,0.7070785505065544,0.7070785505065544,0.0
0.030963337011283686,0.6890950373431087,0.7240091859018263,0.0
0.03869373920087927,0.6889093032797496,0.7238140413125903,0.0
0.007191815571682069,0.7070884943869413,0.7070884943869413,0.0
0.011661278094066377,0.7070587014503155,0.7070587014503155,0.0
0.014296234368433199,0.7070343406742433,0.7070343406742433,0.0007070343406742432
0.013938876959247153,0.6893608783010461,0.7242839003957772,0.00034468043915052306
0.010997564970443564,0.7070640188712479,0.7070640188712479,0.0
0.014296237941760869,0.70703451739668,0.70703451739668,0.0
0.014994887860696287,0.6303488962211594,0.776167135590532,0.0
0.021240312701178217,0.6302763412812528,0.7760802682309825,0.0
0.01143740930043912,0.707060416693813,0.707060416693813,0.0005656483333550505
0.012996807771332088,0.707046911397888,0.707046911397888,0.0006427699194526255
0.008664946885191573,0.7070802354384815,0.7070802354384815,0.0
0.011529636104437038,0.7070597808853575,0.7070597808853575,0.0
0.009660155640244781,0.7070737066054538,0.7070737066054538,0.00047775250446314445
0.013361139928798857,0.7070435076070611,0.7070435076070611,0.0006607883248664124
0.009531366433127218,0.707074661211218,0.707074661211218,0.0
0.014296237941760869,0.70703451739668,0.70703451739668,0.0
0.008935705182026582,0.7070785505065544,0.7070785505065544,0.0
0.010590294310112689,0.707067127529779,0.707067127529779,0.0
0.011913903636677482,0.7070565956485152,0.7070565956485152,0.0
0.01504850538234467,0.7070267118312283,0.7070267118312283,0.0
0.009307994618937263,0.7070761490943439,0.7070761490943439,0.0
0.01338615923328326,0.7070434253781663,0.7070434253781663,0.0
0.014296237941760869,0.70703451739668,0.70703451739668,0.0
0.021991140677610668,0.7069357784592946,0.7069357784592946,0.0
0.011913903636677482,0.7070565956485152,0.7070565956485152,0.0
0.01504850538234467,0.7070267118312283,0.7070267118312283,0.0
0.023227374556231004,0.689239601075104,0.7241610741962425,0.0
0.03979773687362811,0.6888826857452937,0.7237795143689053,0.0
0.0046121118308211015,0.7070992421140165,0.7070992421140165,0.00022809652971419886
0.005982193579181996,0.7070940976382281,0.7070940976382281,0.0002958552709783381
0.004773801735633691,0.7070987239477203,0.7070987239477203,0.0
0.005833315322546153,0.707094750522286,0.707094750522286,0.0
0.008510226245170479,0.7070811123583781,0.7070811123583781,0.00042088161449903457
0.010997563343781965,0.7070639142886526,0.7070639142886526,0.0005438953186835788
0.010512431715618772,0.7070676129199569,0.7070676129199569,0.0005199026565587919
0.01374648544115951,0.7070398050843665,0.7070398050843665,0.0006798459664272754
0.008880207441604386,0.707078831898272,0.707078831898272,0.0004391793986945789
0.012115802636806578,0.7070547532854482,0.7070547532854482,0.0005991989434622442
0.006974317333129042,0.7070895416871681,0.7070895416871681,0.00034492172765227707
0.007770253493692663,0.707085382215356,0.707085382215356,0.0003842855338126935
0.007690842529110353,0.7070858685270102,0.7070858685270102,0.0
0.011057095959029865,0.7070635546501294,0.7070635546501294,0.0
0.005776751737510862,0.7070949827071902,0.7070949827071902,0.0
0.008302674974076754,0.7070824087715217,0.7070824087715217,0.0
0.021441563955582194,0.6892688709756887,0.7241882923929647,0.0
0.00807753258211161,0.7070837126774258,0.7070837126774258,0.0
0.01091362413041353,0.7070646691810941,0.7070646691810941,0.0
0.006974317333129042,0.7070895416871681,0.7070895416871681,0.00034492172765227707
0.007770253493692663,0.707085382215356,0.707085382215356,0.0003842855338126935
0.009792475053162423,0.7070728772313124,0.7070728772313124,0.0
0.014015975169178158,0.7070373230742691,0.7070373230742691,0.0
0.008459874240856652,0.7070814771042404,0.7070814771042404,0.0
0.012926315160134557,0.7070477036156687,0.7070477036156687,0.0
0.006216270517939206,0.7070930856211757,0.7070930856211757,0.0003074317763570329
0.007294549891094093,0.7070879221832058,0.7070879221832058,0.00036075914397102336
0.010590294310112689,0.707067127529779,0.707067127529779,0.0
0.014296237941760869,0.70703451739668,0.70703451739668,0.0
0.017869270285402028,0.706993878749833,0.706993878749833,0.0
0.021991140677610668,0.7069357784592946,0.7069357784592946,0.0
0.010590294310112689,0.707067127529779,0.707067127529779,0.0
0.014296237941760869,0.70703451739668,0.70703451739668,0.0
0.02548599175529118,0.6302174024552715,0.7759992919912249,0.001260434804910543
0.03639633050201934,0.6300057208559233,0.775735044171625,0.0018000163453026382
0.008169840446458815,0.7070831246935178,0.7070831246935178,0.00040404749982486725
0.010590292857560647,0.7070670305493013,0.7070670305493013,0.0005237533559624455
0.017869270285402028,0.706993878749833,0.706993878749833,0.0
0.006182670346750113,0.7070932332769356,0.7070932332769356,0.00030577004682245864
0.010304099613365484,0.7070691500269342,0.7070691500269342,0.0005095993874067994
0.007379256195514122,0.7070874816423646,0.7070874816423646,0.0003649483776218656
0.012298163615841915,0.7070531752431368,0.7070531752431368,0.0006082177851553865
0.006182670346750113,0.7070932332769356,0.7070932332769356,0.00030577004682245864
0.010304099613365484,0.7070691500269342,0.7070691500269342,0.0005095993874067994
0.006182670346750113,0.7070932332769356,0.7070932332769356,0.00030577004682245864
0.010304099613365484,0.7070691500269342,0.7070691500269342,0.0005095993874067994
0.006182670346750113,0.7070932332769356,0.7070932332769356,0.00030577004682245864
0.010304099613365484,0.7070691500269342,0.7070691500269342,0.0005095993874067994
0.007379256195514122,0.7070874816423646,0.7070874816423646,0.0003649483776218656
0.012298163615841915,0.7070531752431368,0.7070531752431368,0.0006082177851553865
0.006873731016978605,0.7070900353766321,0.7070900353766321,0.0003399471323926116
0.011257315683074951,0.7070618653563396,0.7070618653563396,0.0005567416262648343
0.004765845447891417,0.7070987311411597,0.7070987311411597,0.00023569957704705326
0.007294549891094093,0.7070879221832058,0.7070879221832058,0.00036075914397102336
0.006991369037154724,0.7070894995539767,0.7070894995539767,0.0
0.010054132525821989,0.7070710411334752,0.7070710411334752,0.0
0.03135462050947131,0.7067589002023581,0.7067589002023581,0.0007757204480324422
0.007690842529110353,0.7070858685270102,0.7070858685270102,0.0
0.011057095959029865,0.7070635546501294,0.7070635546501294,0.0
0.030963337011283686,0.6890950373431087,0.7240091859018263,0.0
0.03869373920087927,0.6889093032797496,0.7238140413125903,0.0
0.006991369037154724,0.7070894995539767,0.7070894995539767,0.0
0.010054132525821989,0.7070710411334752,0.7070710411334752,0.0
0.006974317333129042,0.7070895416871681,0.7070895416871681,0.00034492172765227707
0.007728254644995687,0.7070856129199812,0.7070856129199812,0.00038220843941620604
0.007690842529110353,0.7070858685270102,0.7070858685270102,0.0
0.011057095959029865,0.7070635546501294,0.7070635546501294,0.0
0.005776751737510862,0.7070949827071902,0.7070949827071902,0.0
0.008302674974076754,0.7070824087715217,0.7070824087715217,0.0
0.008935705182026582,0.7070785505065544,0.7070785505065544,0.0
0.010590294310112689,0.707067127529779,0.707067127529779,0.0
0.009531366433127218,0.707074661211218,0.707074661211218,0.0
0.014296237941760869,0.70703451739668,0.70703451739668,0.0
0.01299681045616908,0.7070470574572695,0.7070470574572695,0.0
0.01504850538234467,0.7070267118312283,0.7070267118312283,0.0
0.007690842529110353,0.7070858685270102,0.7070858685270102,0.0
0.011057095959029865,0.7070635546501294,0.7070635546501294,0.0
0.006974317333129042,0.7070895416871681,0.7070895416871681,0.00034492172765227707
0.007770253493692663,0.707085382215356,0.707085382215356,0.0003842855338126935
0.00030636252224156685,0.9999963633997732,0.0026793841955093313,1.5151460051511714e-05
0.00381269203508161,0.707101638553711,0.707101638553711,9.428021847382814e-05
0.007477667038951633,0.7070870117940417,0.7070870117940417,0.0
0.010997564970443564,0.7070640188712479,0.7070640188712479,0.0
0.006354404645846011,0.7070925051015592,0.7070925051015592,0.0
0.00914136938114661,0.7070772360095597,0.7070772360095597,0.0
0.008459874240856652,0.7070814771042404,0.7070814771042404,0.0
0.012926315160134557,0.7070477036156687,0.7070477036156687,0.0
0.006991369037154724,0.7070894995539767,0.7070894995539767,0.0
0.010054132525821989,0.7070710411334752,0.7070710411334752,0.0
0.014994887860696287,0.6303488962211594,0.776167135590532,0.0
0.01960719514962308,0.6303005364616716,0.7761035959422515,0.0
0.007690842529110353,0.7070858685270102,0.7070858685270102,0.0
0.011057095959029865,0.7070635546501294,0.7070635546501294,0.0
0.010161308430825619,0.707070275082673,0.707070275082673,0.0
0.015240979137684805,0.7070246504029845,0.7070246504029845,0.0
0.0040850227221482256,0.707100866840692,0.707100866840692,0.00020202881909734056
0.010590292857560647,0.7070670305493013,0.7070670305493013,0.0005237533559624455
0.01233167947903589,0.7070528826521004,0.7070528826521004,0.0006098753451550886
0.017504840499850155,0.7069981722357878,0.7069981722357878,0.0008657191147304726
0.11830865028302359,0.7021284883265495,0.7021284883265495,0.005851070736054579
0.013964581167706313,0.6906321052278097,0.72307109521036,0.0006906321052278097
0.04328565338577577,0.7064424143079132,0.7064424143079132,0.0021407345888118583
0.04220525467355205,0.6888097943754785,0.7237094906238362,0.00208730240719842
0.007113103187129601,0.7070888924891443,0.7070888924891443,0.0
0.012014006083664193,0.7070557487418591,0.7070557487418591,0.0
0.008169840446458815,0.7070831246935178,0.7070831246935178,0.00040404749982486725
0.009531365374182891,0.7070745826545172,0.7070745826545172,0.0004713830551030114
0.009250185950099103,0.7070765284111362,0.7070765284111362,0.0
0.011562454185648167,0.7070595129312683,0.7070595129312683,0.0
0.010997564970443564,0.7070640188712479,0.7070640188712479,0.0
0.014296237941760869,0.70703451739668,0.70703451739668,0.0
0.008410113804952882,0.707081773908007,0.707081773908007,0.0
0.009860002820694432,0.7070724080122119,0.7070724080122119,0.0
0.010590292857560647,0.7070670305493013,0.7070670305493013,0.0005237533559624455
0.014296234368433199,0.7070343406742433,0.7070343406742433,0.0007070343406742432
0.005776751737510862,0.7070949827071902,0.7070949827071902,0.0
0.008302674974076754,0.7070824087715217,0.7070824087715217,0.0
0.008054779808432031,0.7070837863485091,0.7070837863485091,0.00039835706273155444
0.010669315908648088,0.7070664350933946,0.7070664350933946,0.0005276615187264138
0.007690842529110353,0.7070858685270102,0.7070858685270102,0.0
0.011057095959029865,0.7070635546501294,0.7070635546501294,0.0
0.0074247024663361945,0.7070872431887057,0.7070872431887057,0.0003671959676724132
0.009869938686603155,0.7070722544555951,0.7070722544555951,0.00048812753148383555
0.010997564970443564,0.7070640188712479,0.7070640188712479,0.0
0.013615594065681847,0.7070412348647844,0.7070412348647844,0.0
0.007973700383978039,0.7070842469580525,0.7070842469580525,0.0003943471999989139
0.01005929481378413,0.7070709169133021,0.7070709169133021,0.0004974923251129639
0.004538905230612679,0.7070994795464856,0.7070994795464856,0.00022447602525285258
0.006354404332060946,0.7070924701848234,0.7070924701848234,0.0003142633200821437
0.005862014290770578,0.7070946021359762,0.7070946021359762,0.00028991168599261017
0.00912969462299716,0.7070772393478512,0.7070772393478512,0.000451518032789177
0.006940463471419613,0.7070897503028883,0.7070897503028883,0.0
0.008935705182026582,0.7070785505065544,0.7070785505065544,0.0
0.013116026830242303,0.7070459567242389,0.7070459567242389,0.0
0.018095389977470955,0.7069910030762638,0.7069910030762638,0.0
0.008935705182026582,0.7070785505065544,0.7070785505065544,0.0
0.013116026830242303,0.7070459567242389,0.7070459567242389,0.0
0.016398076196718334,0.6893355473397914,0.7242564751850283,0.0004054914984351714
0.00783411467771378,0.707085029022139,0.707085029022139,0.0003874438515189803
0.011125923731407195,0.7070629077575789,0.7070629077575789,0.0005502435079825516
0.008935704309468925,0.7070784814614383,0.7070784814614383,0.0004419240509133989
0.015884323167716038,0.7070173516787555,0.7070173516787555,0.0007855748351986171
0.018493205729079674,0.7069855602660033,0.7069855602660033,0.0009145996898654636
0.03133916450664811,0.7067586060846458,0.7067586060846458,0.0015499092238698373
0.011257315683074951,0.7070618653563396,0.7070618653563396,0.0005567416262648343
0.012996807771332088,0.707046911397888,0.707046911397888,0.0006427699194526255
0.006808269968528019,0.7070903528144826,0.7070903528144826,0.0003367096918164203
0.010512431715618772,0.7070676129199569,0.7070676129199569,0.0005199026565587919
0.1153903322386678,0.6848090934045568,0.7195060874703876,0.0057067424450379725
0.00841011307748594,0.7070817127460978,0.7070817127460978,0.00041593041926241044
0.010212108385258512,0.7070698189595409,0.7070698189595409,0.0005050498706853863
0.005776751737510862,0.7070949827071902,0.7070949827071902,0.0
0.008302674974076754,0.7070824087715217,0.7070824087715217,0.0
0.006354404645846011,0.7070925051015592,0.7070925051015592,0.0
0.00776603365172894,0.7070854576079614,0.7070854576079614,0.0
0.010997564970443564,0.7070640188712479,0.7070640188712479,0.0
0.015884328069047184,0.7070175698388955,0.7070175698388955,0.0
0.011913901568585562,0.7070564729130897,0.7070564729130897,0.0005892137274275748
0.014296234368433199,0.7070343406742433,0.7070343406742433,0.0007070343406742432
0.016818437533563862,0.7070065234188566,0.7070065234188566,0.0008317723804927725
0.01832729719740935,0.7069877257160876,0.7069877257160876,0.0009063945201488302
0.008880207441604386,0.707078831898272,0.707078831898272,0.0004391793986945789
0.012996807771332088,0.707046911397888,0.707046911397888,0.0006427699194526255
0.010512431715618772,0.7070676129199569,0.7070676129199569,0.0005199026565587919
0.01374648544115951,0.7070398050843665,0.7070398050843665,0.0006798459664272754
0.030963337011283686,0.6890950373431087,0.7240091859018263,0.0
0.03869373920087927,0.6889093032797496,0.7238140413125903,0.0
0.006974317747999828,0.7070895837487461,0.7070895837487461,0.0
0.008935705182026582,0.7070785505065544,0.7070785505065544,0.0
0.008459874240856652,0.7070814771042404,0.7070814771042404,0.0
0.012926315160134557,0.7070477036156687,0.7070477036156687,0.0
0.02548599175529118,0.6302174024552715,0.7759992919912249,0.001260434804910543
0.031851579417336746,0.6301004830333679,0.7758584772710617,0.0015752512075834196
0.008935705182026582,0.7070785505065544,0.7070785505065544,0.0
0.010997564970443564,0.7070640188712479,0.7070640188712479,0.0
0.005835696186508388,0.7070947406995821,0.7070947406995821,0.0
0.007942915604563889,0.707084475183729,0.707084475183729,0.0
0.010590294310112689,0.707067127529779,0.707067127529779,0.0
0.014296237941760869,0.70703451739668,0.70703451739668,0.0
0.006498816901568837,0.7070918488353828,0.7070918488353828,0.0
0.009531366433127218,0.707074661211218,0.707074661211218,0.0
0.007204861929924474,0.7070884279793337,0.7070884279793337,0.0
0.009928468336161197,0.7070719289847738,0.7070719289847738,0.0
0.005957268919766786,0.707094233800212,0.707094233800212,0.0
0.008410113804952882,0.707081773908007,0.707081773908007,0.0
0.007204861929924474,0.7070884279793337,0.7070884279793337,0.0
0.009928468336161197,0.7070719289847738,0.7070719289847738,0.0
0.009531365374182891,0.7070745826545172,0.7070745826545172,0.0004713830551030114
0.014296234368433199,0.7070343406742433,0.7070343406742433,0.0007070343406742432
0.011913903636677482,0.7070565956485152,0.7070565956485152,0.0
0.01504850538234467,0.7070267118312283,0.7070267118312283,0.0
0.02711162402285248,0.6301910628457303,0.7759663231703852,0.0006704160243039684
0.022334568538431594,0.7069299636298824,0.7069299636298824,0.001104578068171691
0.03666018483358937,0.688964897960631,0.7238664092388999,0.0009065327604745146
0.0076374364818602904,0.7070861075194097,0.7070861075194097,0.0003777169377774624
0.01231405030242875,0.707053036652808,0.707053036652808,0.0006090034768758037
0.009531366433127218,0.707074661211218,0.707074661211218,0.0
0.011257317427741111,0.7070619749372508,0.7070619749372508,0.0
0.0051990928742496135,0.7070972009983401,0.7070972009983401,0.0002571262549084873
0.00861275151244088,0.7070804901410416,0.7070804901410416,0.00042595210249460336
0.00895254581279127,0.7070784439945365,0.7070784439945365,0.0
0.01029015972775708,0.7070693433506989,0.7070693433506989,0.0
0.018809431736544563,0.7069816082974218,0.7069816082974218,0.0004651194791430407
0.008576588633327267,0.7070807740730244,0.7070807740730244,0.0
0.012014006083664193,0.7070557487418591,0.7070557487418591,0.0
0.010997564970443564,0.7070640188712479,0.7070640188712479,0.0
0.014296237941760869,0.70703451739668,0.70703451739668,0.0
0.015173328461351417,0.6303459894923438,0.7761660283949059,0.0
0.01699363022141257,0.6303275304678254,0.7761432991827156,0.0
0.017869270285402028,0.706993878749833,0.706993878749833,0.0
0.027223618932161735,0.7068447052119144,0.7068447052119144,0.0
0.006058235632534035,0.7070937731345363,0.7070937731345363,0.00029961600556548145
0.007855635641197145,0.7070849093461328,0.7070849093461328,0.0003885081919484246
0.007942914991723336,0.7070844206281901,0.7070844206281901,0.00039282467812677224
0.010212108385258512,0.7070698189595409,0.7070698189595409,0.0005050498706853863
0.006354404645846011,0.7070925051015592,0.7070925051015592,0.0
0.00914136938114661,0.7070772360095597,0.7070772360095597,0.0
0.010590292857560647,0.7070670305493013,0.7070670305493013,0.0005237533559624455
0.014296234368433199,0.7070343406742433,0.7070343406742433,0.0007070343406742432
0.006991369037154724,0.7070894995539767,0.7070894995539767,0.0
0.010054132525821989,0.7070710411334752,0.7070710411334752,0.0
0.005957268661213959,0.7070942031114492,0.7070942031114492,0.0002946225846297705
0.011400568849476012,0.7070607992085508,0.7070607992085508,0.0002819131762976264
0.004765845580273004,0.7070987507823447,0.7070987507823447,0.0
0.010997564970443564,0.7070640188712479,0.7070640188712479,0.0
0.007331955828516598,0.7070877282694048,0.7070877282694048,0.0003626090914202076
0.008169840446458815,0.7070831246935178,0.7070831246935178,0.00040404749982486725
0.009223929595008442,0.7070766999140992,0.7070766999140992,0.0
0.01299681045616908,0.7070470574572695,0.7070470574572695,0.0
0.011623360370305652,0.7070590136239343,0.7070590136239343,0.0
0.015496999638215742,0.7070218677672612,0.7070218677672612,0.0
0.008410113804952882,0.707081773908007,0.707081773908007,0.0
0.009531366433127218,0.707074661211218,0.707074661211218,0.0
0.007942914991723336,0.7070844206281901,0.7070844206281901,0.00039282467812677224
0.014296234368433199,0.7070343406742433,0.7070343406742433,0.0007070343406742432
0.014738291112851251,0.7070297912693232,0.7070297912693232,0.00072889669203023
0.015884323167716038,0.7070173516787555,0.7070173516787555,0.0007855748351986171
0.007148666890066063,0.7070887131618262,0.7070887131618262,0.0
0.008935705182026582,0.7070785505065544,0.7070785505065544,0.0
0.006808269968528019,0.7070903528144826,0.7070903528144826,0.0003367096918164203
0.007942914991723336,0.7070844206281901,0.7070844206281901,0.00039282467812677224
0.005499031898992606,0.7070960898803549,0.7070960898803549,0.0
0.007942915604563889,0.707084475183729,0.707084475183729,0.0
0.006808269968528019,0.7070903528144826,0.7070903528144826,0.0003367096918164203
0.00910643619063493,0.7070773896783799,0.7070773896783799,0.0004503677641263566
0.007942914991723336,0.7070844206281901,0.7070844206281901,0.00039282467812677224
0.014296234368433199,0.7070343406742433,0.7070343406742433,0.0007070343406742432
0.017869270285402028,0.706993878749833,0.706993878749833,0.0
0.027223618932161735,0.7068447052119144,0.7068447052119144,0.0
0.011169380650460517,0.7070626722348893,0.7070626722348893,0.0
0.01754049014535275,0.7069979954729224,0.7069979954729224,0.0
0.013615594065681847,0.7070412348647844,0.7070412348647844,0.0
0.020421025148373982,0.7069593275896038,0.7069593275896038,0.0
0.008169841113340024,0.7070831824107341,0.7070831824107341,0.0
0.011670796208669159,0.7070586229287695,0.7070586229287695,0.0
0.008360935301064533,0.7070820655202942,0.7070820655202942,0.0
0.012219343302745255,0.7070539893279896,0.7070539893279896,0.0
0.007049972287117951,0.7070892086189517,0.7070892086189517,0.0
0.013706956780341291,0.7070403522203742,0.7070403522203742,0.0
0.029029813619577554,0.6891350414143039,0.7240512168459621,0.0
0.03979773687362811,0.6888826857452937,0.7237795143689053,0.0
0.007257524146641423,0.7070881586984967,0.7070881586984967,0.0
0.014440614422882355,0.7070330503785129,0.7070330503785129,0.0
0.008935705182026582,0.7070785505065544,0.7070785505065544,0.0
0.01299681045616908,0.7070470574572695,0.7070470574572695,0.0
0.007690842529110353,0.7070858685270102,0.7070858685270102,0.0
0.011057095959029865,0.7070635546501294,0.7070635546501294,0.0
0.04760483130092055,0.7063031350284948,0.7063031350284948,0.002354343783428316
0.01832729719740935,0.7069877257160876,0.7069877257160876,0.0009063945201488302
0.029773635348601647,0.7067925305306029,0.7067925305306029,0.0014724844386054226
0.008410113804952882,0.707081773908007,0.707081773908007,0.0
0.010997564970443564,0.7070640188712479,0.7070640188712479,0.0
0.009531366433127218,0.707074661211218,0.707074661211218,0.0
0.01504850538234467,0.7070267118312283,0.7070267118312283,0.0
0.01832729719740935,0.7069877257160876,0.7069877257160876,0.0009063945201488302
0.03402238455451874,0.7066964150790243,0.7066964150790243,0.0016826105120929147
0.004137030313184796,0.7071007300873715,0.7071007300873715,0.0
0.006205479090821225,0.7070931664318548,0.7070931664318548,0.0
0.009860002820694432,0.7070724080122119,0.7070724080122119,0.0
0.01243182105821811,0.7070521373368361,0.7070521373368361,0.0
0.01832729719740935,0.7069877257160876,0.7069877257160876,0.0009063945201488302
0.029773635348601647,0.7067925305306029,0.7067925305306029,0.0014724844386054226
0.008125732271898995,0.7070833794464036,0.7070833794464036,0.000401866086641889
0.010993335650301174,0.7070639472411808,0.7070639472411808,0.0005436862339416999
0.006953965666308385,0.7070896839728011,0.7070896839728011,0.0
0.01352544111892019,0.7070421000345519,0.7070421000345519,0.0
0.006042872960720556,0.707093839023978,0.707093839023978,0.0002988562295114024
0.01602674694680104,0.707015740679848,0.707015740679848,0.0007926185433630582
0.017018599237911127,0.7070041226431922,0.7070041226431922,0.0008416715745752289
0.026467921947357986,0.7068584496327058,0.7068584496327058,0.0013089971289494552
0.017869263307451262,0.7069936026686948,0.7069936026686948,0.0008837420033358686
0.007148666443297258,0.7070886689710443,0.7070886689710443,0.00035354433448552214
0.01670106142541182,0.7929287323637659,0.6090849018955086,0.0008259674295455895
0.008664946686286706,0.7070802192073722,0.7070802192073722,0.0002142667330931431
0.04715878659215634,0.6297167349100995,0.7753912062526358,0.0011661421016853693
0.007690842529110353,0.7070858685270102,0.7070858685270102,0.0
0.011057095959029865,0.7070635546501294,0.7070635546501294,0.0
0.008459874240856652,0.7070814771042404,0.7070814771042404,0.0
0.012926315160134557,0.7070477036156687,0.7070477036156687,0.0
0.005051973608268975,0.9998958155900989,0.013521091166317112,0.00012498697694876237
0.016162007234901483,0.7997034752548977,0.6001774581788007,0.00039985173762744887
0.006354404645846011,0.7070925051015592,0.7070925051015592,0.0
0.00776603365172894,0.7070854576079614,0.7070854576079614,0.0
0.007690842529110353,0.7070858685270102,0.7070858685270102,0.0
0.011057095959029865,0.7070635546501294,0.7070635546501294,0.0
0.006354404645846011,0.7070925051015592,0.7070925051015592,0.0
0.00914136938114661,0.7070772360095597,0.7070772360095597,0.0
0.007690842529110353,0.7070858685270102,0.7070858685270102,0.0
0.011057095959029865,0.7070635546501294,0.7070635546501294,0.0
0.01323745033995151,0.7070448252793091,0.7070448252793091,0.0
0.17592689367987588,0.6960510135702309,0.6960510135702309,0.008700637669627887
0.009223928635264075,0.7070766263431907,0.7070766263431907,0.00045617846860851013
0.03759885437794696,0.7066055718902,0.7066055718902,0.0018594883470794735
0.016818443351445302,0.7070067679885512,0.7070067679885512,0.0
0.021991140677610668,0.7069357784592946,0.7069357784592946,0.0
0.009223928635264075,0.7070766263431907,0.7070766263431907,0.00045617846860851013
0.03759885437794696,0.7066055718902,0.7066055718902,0.0018594883470794735
0.014161983354035547,0.6303553421677542,0.7761775446558948,0.0
0.01699363022141257,0.6303275304678254,0.7761432991827156,0.0
0.00930799363271227,0.7070760741763624,0.7070760741763624,0.0004603359857919026
0.013386156299854677,0.7070432704374281,0.7070432704374281,0.000662025534117442
0.007728254644995687,0.7070856129199812,0.7070856129199812,0.00038220843941620604
0.028583685653052023,0.7068171526471816,0.7068171526471816,0.0014136343052943631
0.007690842529110353,0.7070858685270102,0.7070858685270102,0.0
0.011057095959029865,0.7070635546501294,0.7070635546501294,0.0
0.009223928635264075,0.7070766263431907,0.7070766263431907,0.00045617846860851013
0.03759885437794696,0.7066055718902,0.7066055718902,0.0018594883470794735
0.008510226245170479,0.7070811123583781,0.7070811123583781,0.00042088161449903457
0.010997563343781965,0.7070639142886526,0.7070639142886526,0.0005438953186835788
0.011585688416816826,0.7070593227671594,0.7070593227671594,0.0
0.016226806621370382,0.7070136811784029,0.7070136811784029,0.0
0.011913901568585562,0.7070564729130897,0.7070564729130897,0.0005892137274275748
0.025987015802182503,0.70686739323444,0.70686739323444,0.0012852134422444365
0.007690842529110353,0.7070858685270102,0.7070858685270102,0.0
0.011057095959029865,0.7070635546501294,0.7070635546501294,0.0
0.007477667038951633,0.7070870117940417,0.7070870117940417,0.0
0.010997564970443564,0.7070640188712479,0.7070640188712479,0.0
0.008459874240856652,0.7070814771042404,0.7070814771042404,0.0
0.012926315160134557,0.7070477036156687,0.7070477036156687,0.0
0.009531366433127218,0.707074661211218,0.707074661211218,0.0
0.011913903636677482,0.7070565956485152,0.7070565956485152,0.0
0.010285570358021655,0.7070693767383828,0.7070693767383828,0.0
0.011718620785613561,0.7070582274207985,0.7070582274207985,0.0
0.007690842529110353,0.7070858685270102,0.7070858685270102,0.0
0.011057095959029865,0.7070635546501294,0.7070635546501294,0.0
0.010241367682284282,0.7070696975503886,0.7070696975503886,0.0
0.016681108217978895,0.7070083947976219,0.7070083947976219,0.0
0.007728254644995687,0.7070856129199812,0.7070856129199812,0.00038220843941620604
0.028583685653052023,0.7068171526471816,0.7068171526471816,0.0014136343052943631
0.007690842529110353,0.7070858685270102,0.7070858685270102,0.0
0.011057095959029865,0.7070635546501294,0.7070635546501294,0.0
0.006354404645846011,0.7070925051015592,0.7070925051015592,0.0
0.00914136938114661,0.7070772360095597,0.7070772360095597,0.0
0.007148666443297258,0.7070886689710443,0.7070886689710443,0.00035354433448552214
0.008169840446458815,0.7070831246935178,0.7070831246935178,0.00040404749982486725
0.007690842529110353,0.7070858685270102,0.7070858685270102,0.0
0.011057095959029865,0.7070635546501294,0.7070635546501294,0.0
0.00962763289101397,0.7070739289394533,0.7070739289394533,0.00047614405989188774
0.014558228296823687,0.7070316611019218,0.7070316611019218,0.0007199915082504296
0.012431818708521288,0.7070520036992819,0.7070520036992819,0.0006148278293037234
0.015048501214729355,0.7070265160233871,0.7070265160233871,0.0007442384379193548
0.006354404332060946,0.7070924701848234,0.7070924701848234,0.0003142633200821437
0.021658086648719585,0.7069405137564256,0.7069405137564256,0.0010711219905400388
0.007728254644995687,0.7070856129199812,0.7070856129199812,0.00038220843941620604
0.028583685653052023,0.7068171526471816,0.7068171526471816,0.0014136343052943631
0.030963337011283686,0.6890950373431087,0.7240091859018263,0.0
0.03869373920087927,0.6889093032797496,0.7238140413125903,0.0
0.010669317393959493,0.7070665335264945,0.7070665335264945,0.0
0.014587936431693843,0.7070315382324415,0.7070315382324415,0.0
0.013615594065681847,0.7070412348647844,0.7070412348647844,0.0
0.023054675593312274,0.7069188361945405,0.7069188361945405,0.0
0.025075775882548428,0.7068838898641248,0.7068838898641248,0.001240147175200219
0.007635609210761458,0.7930157934025254,0.6091531935693084,0.00018881328414345843
0.009914698085051426,0.7070719405857644,0.7070719405857644,0.0004903411515851348
0.012393029140187011,0.7070523450108672,0.7070523450108672,0.0006129094530260638
0.013847527489576407,0.8218117204496383,0.5695908550126406,0.0
0.0006739453442678548,0.9999189084092802,0.012716968677149226,3.3330630280309336e-05
0.01991069785905882,0.6892922107488216,0.7242097847390405,0.0
0.03482960910447092,0.6890130386641132,0.7239115490724506,0.0
0.00841011307748594,0.7070817127460978,0.7070817127460978,0.00041593041926241044
0.009531365374182891,0.7070745826545172,0.7070745826545172,0.0004713830551030114
0.007942914991723336,0.7070844206281901,0.7070844206281901,0.00039282467812677224
0.008935704309468925,0.7070784814614383,0.7070784814614383,0.0004419240509133989
0.013237449630764604,0.7070447873998899,0.7070447873998899,0.0003273355497221712
0.007148666443297258,0.7070886689710443,0.7070886689710443,0.00035354433448552214
0.009531365374182891,0.7070745826545172,0.7070745826545172,0.0004713830551030114
0.009777128091381166,0.793001487134773,0.609141191117623,0.00024176874607767472
0.007576729047776455,0.7070864348740935,0.7070864348740935,0.0003747145918781629
0.008913700370892055,0.7070786206672754,0.7070786206672754,0.0004408358244753736
0.01233167947903589,0.7070528826521004,0.7070528826521004,0.0006098753451550886
0.017504840499850155,0.7069981722357878,0.7069981722357878,0.0008657191147304726
0.004765845580273004,0.7070987507823447,0.7070987507823447,0.0
0.006354404645846011,0.7070925051015592,0.7070925051015592,0.0
0.007204861472536599,0.7070883830910795,0.7070883830910795,0.00035632351496224523
0.009928467139270784,0.7070718437462873,0.7070718437462873,0.0004910221137126996
0.007466927562843889,0.7070870203242006,0.7070870203242006,0.0003692842513770469
0.010102079320283652,0.7070706111786073,0.7070706111786073,0.0004996082749893003
0.029029813619577554,0.6891350414143039,0.7240512168459621,0.0
0.03979773687362811,0.6888826857452937,0.7237795143689053,0.0
0.019357732225557433,0.6892961029872082,0.7242204388718935,0.0009573556985933449
0.009114098362171613,0.7070773401964078,0.7070773401964078,0.0004507467043606139
0.007148666443297258,0.7070886689710443,0.7070886689710443,0.00035354433448552214
0.007204861929924474,0.7070884279793337,0.7070884279793337,0.0
0.009928468336161197,0.7070719289847738,0.7070719289847738,0.0
0.021116772184369394,0.6892714956322353,0.7241945847442687,0.0010443507509579324
0.016832221058497535,0.9989448699405065,0.04272154227112233,0.0008324540582837554
0.015884323167716038,0.7070173516787555,0.7070173516787555,0.0007855748351986171
0.011616037633117023,0.6893790880188144,0.7243076284784343,0.0
0.017422623459496963,0.68932239206714,0.7242451877552414,0.0
0.007148666443297258,0.7070886689710443,0.7070886689710443,0.00035354433448552214
0.007942914991723336,0.7070844206281901,0.7070844206281901,0.00039282467812677224
0.013237447503204576,0.7070446737616687,0.7070446737616687,0.0006546709942237673
0.016818437533563862,0.7070065234188566,0.7070065234188566,0.0008317723804927725
0.006808269968528019,0.7070903528144826,0.7070903528144826,0.0003367096918164203
0.007942914991723336,0.7070844206281901,0.7070844206281901,0.00039282467812677224
0.008664946089572186,0.7070801705140509,0.7070801705140509,0.0004285334366751823
0.010830953341933519,0.7070652033309716,0.7070652033309716,0.0005356554570689179
0.010997563343781965,0.7070639142886526,0.7070639142886526,0.0005438953186835788
0.012996807771332088,0.707046911397888,0.707046911397888,0.0006427699194526255
0.0255589365262471,0.8216275342265388,0.5694510833370089,0.0006320211801742607
0.028852475408096417,0.7994748257562589,0.6000058567300723,0.0007138168087109455
0.010590292857560647,0.7070670305493013,0.7070670305493013,0.0005237533559624455
0.007996219740583763,0.7070841194937572,0.7070841194937572,0.0003954609169428172
0.010822755248742212,0.7070652662506659,0.7070652662506659,0.000535250012301791
0.07130640721192422,0.7053057093167578,0.7053057093167578,0.0017632642732918946
0.010212109687687434,0.7070699091376066,0.7070699091376066,0.0
0.01299681045616908,0.7070470574572695,0.7070470574572695,0.0
0.008935704309468925,0.7070784814614383,0.7070784814614383,0.0004419240509133989
0.016818437533563862,0.7070065234188566,0.7070065234188566,0.0008317723804927725
0.005718985890316634,0.7070951892082881,0.7070951892082881,0.00028283807568331524
0.022688903981031256,0.7069243080143269,0.7069243080143269,0.0011221020762132174
0.0076374364818602904,0.7070861075194097,0.7070861075194097,0.0003777169377774624
0.01231405030242875,0.707053036652808,0.707053036652808,0.0006090034768758037
0.14153762419768745,0.699988250235843,0.699988250235843,0.0
0.007148666443297258,0.7070886689710443,0.7070886689710443,0.00035354433448552214
0.009860001648394493,0.7070723239452036,0.7070723239452036,0.0004876360854794507
0.006216324864612465,0.7070931187987822,0.7070931187987822,0.0
0.009251083688071928,0.7070765225386133,0.7070765225386133,0.0
0.006649945570824382,0.7070911462548181,0.7070911462548181,0.0
0.008991900055924297,0.7070781943085872,0.7070781943085872,0.0
0.006216324864612465,0.7070931187987822,0.7070931187987822,0.0
0.009251083688071928,0.7070765225386133,0.7070765225386133,0.0
0.028583685653052023,0.7068171526471816,0.7068171526471816,0.0014136343052943631
0.007812711304300543,0.7070851477185952,0.7070851477185952,0.0003863853266221832
0.014332057161179813,0.7070339771650279,0.7070339771650279,0.0007088059921453914
0.020898492540562724,0.7069519731822406,0.7069519731822406,0.0010335555163483048
0.0060352208051559116,0.7070938717811254,0.7070938717811254,0.0002984777846268997
0.008980603724931544,0.7070781963447585,0.7070781963447585,0.0004441445956939438
0.005878282037817087,0.7070945344451339,0.7070945344451339,0.00029071622343309033
0.00795285543190473,0.7070843646244673,0.7070843646244673,0.0003933162923790668
0.008169840446458815,0.7070831246935178,0.7070831246935178,0.00040404749982486725
0.009531365374182891,0.7070745826545172,0.7070745826545172,0.0004713830551030114
0.006808269968528019,0.7070903528144826,0.7070903528144826,0.0003367096918164203
0.007942914991723336,0.7070844206281901,0.7070844206281901,0.00039282467812677224
0.009660155640244781,0.7070737066054538,0.7070737066054538,0.00047775250446314445
0.011169378946361297,0.7070625643591721,0.7070625643591721,0.0005523926284056032
0.00752489122282807,0.7070867123330036,0.7070867123330036,0.00037215090122789664
0.010590292857560647,0.7070670305493013,0.7070670305493013,0.0005237533559624455
0.010997563343781965,0.7070639142886526,0.7070639142886526,0.0005438953186835788
0.012996807771332088,0.707046911397888,0.707046911397888,0.0006427699194526255
0.007466927562843889,0.7070870203242006,0.7070870203242006,0.0003692842513770469
0.010102079320283652,0.7070706111786073,0.7070706111786073,0.0004996082749893003
0.008935704309468925,0.7070784814614383,0.7070784814614383,0.0004419240509133989
0.016818437533563862,0.7070065234188566,0.7070065234188566,0.0008317723804927725
0.006558436522100313,0.7070915735993414,0.7070915735993414,0.0
0.00983964690768466,0.7070725497955397,0.7070725497955397,0.0
0.0073169475134119,0.7070878061922281,0.7070878061922281,0.00036186684042591
0.010888689584281259,0.707064758860598,0.707064758860598,0.0005385108597567387
0.013615590978818967,0.7070410745677504,0.7070410745677504,0.0006733724519692862
0.007466927562843889,0.7070870203242006,0.7070870203242006,0.0003692842513770469
0.010102079320283652,0.7070706111786073,0.7070706111786073,0.0004996082749893003
0.006906935862816759,0.7070898731963745,0.7070898731963745,0.0003415893107228862
0.009344492379638726,0.7070758328806751,0.7070758328806751,0.00046214106724227133
0.007466927562843889,0.7070870203242006,0.7070870203242006,0.0003692842513770469
0.010102079320283652,0.7070706111786073,0.7070706111786073,0.0004996082749893003
0.01299681045616908,0.7070470574572695,0.7070470574572695,0.0
0.014440614422882355,0.7070330503785129,0.7070330503785129,0.0
0.007466927562843889,0.7070870203242006,0.7070870203242006,0.0003692842513770469
0.010102079320283652,0.7070706111786073,0.7070706111786073,0.0004996082749893003
0.007466927562843889,0.7070870203242006,0.7070870203242006,0.0003692842513770469
0.010102079320283652,0.7070706111786073,0.7070706111786073,0.0004996082749893003
0.007466927562843889,0.7070870203242006,0.7070870203242006,0.0003692842513770469
0.010102079320283652,0.7070706111786073,0.7070706111786073,0.0004996082749893003
0.007148666443297258,0.7070886689710443,0.7070886689710443,0.00035354433448552214
0.010590292857560647,0.7070670305493013,0.7070670305493013,0.0005237533559624455
0.006906935862816759,0.7070898731963745,0.7070898731963745,0.0003415893107228862
0.009344492379638726,0.7070758328806751,0.7070758328806751,0.00046214106724227133
0.007466927562843889,0.7070870203242006,0.7070870203242006,0.0003692842513770469
0.010102079320283652,0.7070706111786073,0.7070706111786073,0.0004996082749893003
0.007466927562843889,0.7070870203242006,0.7070870203242006,0.0003692842513770469
0.010102079320283652,0.7070706111786073,0.7070706111786073,0.0004996082749893003
0.007466927562843889,0.7070870203242006,0.7070870203242006,0.0003692842513770469
0.010102079320283652,0.7070706111786073,0.7070706111786073,0.0004996082749893003
0.007305732013185555,0.7070879104749818,0.7070879104749818,0.0
0.010955433773172185,0.7070643458946441,0.7070643458946441,0.0
0.010997563343781965,0.7070639142886526,0.7070639142886526,0.0005438953186835788
0.017018599237911127,0.7070041226431922,0.7070041226431922,0.0008416715745752289
0.014296234368433199,0.7070343406742433,0.7070343406742433,0.0007070343406742432
0.023822719141083012,0.7069056124950448,0.7069056124950448,0.0011781760208250747
0.019607185931259992,0.6303002401245794,0.7761032310555513,0.0009696926771147375
0.02317031021726049,0.6302507724774119,0.7760449648088685,0.0011459104954134763
0.010118165051097375,0.7070705844312853,0.7070705844312853,0.0
0.014002250168386682,0.7070374590466272,0.7070374590466272,0.0
0.029029813619577554,0.6891350414143039,0.7240512168459621,0.0
0.03979773687362811,0.6888826857452937,0.7237795143689053,0.0
0.009531365374182891,0.7070745826545172,0.7070745826545172,0.0004713830551030114
0.015356152712387921,0.6303465257805131,0.7761616257201016,0.0007594536455186905
0.0011232417903186706,0.9999185077020806,0.012716741376842238,2.7775514102835573e-05
0.009928467139270784,0.7070718437462873,0.7070718437462873,0.0004910221137126996
0.012651815898660554,0.7070500477490814,0.7070500477490814,0.0006257080068575942
0.04641707811479626,0.6886806841957902,0.7235738388617103,0.0022956022806526343
0.0073169475134119,0.7070878061922281,0.7070878061922281,0.00036186684042591
0.010888689584281259,0.707064758860598,0.707064758860598,0.0005385108597567387
0.0073169475134119,0.7070878061922281,0.7070878061922281,0.00036186684042591
0.010888689584281259,0.707064758860598,0.707064758860598,0.0005385108597567387
0.0073169475134119,0.7070878061922281,0.7070878061922281,0.00036186684042591
0.010888689584281259,0.707064758860598,0.707064758860598,0.0005385108597567387
0.00752489122282807,0.7070867123330036,0.7070867123330036,0.00037215090122789664
0.010590292857560647,0.7070670305493013,0.7070670305493013,0.0005237533559624455
0.010590292857560647,0.7070670305493013,0.7070670305493013,0.0005237533559624455
0.017869263307451262,0.7069936026686948,0.7069936026686948,0.0008837420033358686
0.003194038190573772,0.9999140329541037,0.012716126327457401,0.00015796430220443977
0.008935704309468925,0.7070784814614383,0.7070784814614383,0.0004419240509133989
0.016818437533563862,0.7070065234188566,0.7070065234188566,0.0008317723804927725
0.007996219740583763,0.7070841194937572,0.7070841194937572,0.0003954609169428172
0.010822755248742212,0.7070652662506659,0.7070652662506659,0.000535250012301791
0.023822719141083012,0.7069056124950448,0.7069056124950448,0.0011781760208250747
0.023227370724915007,0.689239487386202,0.724160954747103,0.0005743662394885017
0.028583685653052023,0.7068171526471816,0.7068171526471816,0.0014136343052943631
0.010212108385258512,0.7070698189595409,0.7070698189595409,0.0005050498706853863
0.013615590978818967,0.7070410745677504,0.7070410745677504,0.0006733724519692862
0.019607185931259992,0.6303002401245794,0.7761032310555513,0.0009696926771147375
0.02317031021726049,0.6302507724774119,0.7760449648088685,0.0011459104954134763
0.00752489122282807,0.7070867123330036,0.7070867123330036,0.00037215090122789664
0.010212108385258512,0.7070698189595409,0.7070698189595409,0.0005050498706853863
0.014296234368433199,0.7070343406742433,0.7070343406742433,0.0007070343406742432
0.023822719141083012,0.7069056124950448,0.7069056124950448,0.0011781760208250747
0.007942914991723336,0.7070844206281901,0.7070844206281901,0.00039282467812677224
0.008664946089572186,0.7070801705140509,0.7070801705140509,0.0004285334366751823
0.01323745033995151,0.7070448252793091,0.7070448252793091,0.0
0.071271321104138,0.7053074824753884,0.7053074824753884,0.001763268706188471
0.00752489122282807,0.7070867123330036,0.7070867123330036,0.00037215090122789664
0.010590292857560647,0.7070670305493013,0.7070670305493013,0.0005237533559624455
0.007969478855300124,0.7070843257373108,0.7070843257373108,0.0
0.009283820096015845,0.7070763080051632,0.7070763080051632,0.0
0.007373548444021855,0.7070875585043708,0.7070875585043708,0.0
0.011057095959029865,0.7070635546501294,0.7070635546501294,0.0
0.006421759028577107,0.7070922008518334,0.7070922008518334,0.0
0.007848736671392381,0.7070850010192067,0.7070850010192067,0.0
0.009531366433127218,0.707074661211218,0.707074661211218,0.0
0.014296237941760869,0.70703451739668,0.70703451739668,0.0
0.011670794264611909,0.7070585051508205,0.7070585051508205,0.0005771906164496494
0.014296234368433199,0.7070343406742433,0.7070343406742433,0.0007070343406742432
0.004805893645904232,0.7070985952801726,0.7070985952801726,0.00023768020009417567
0.005499031695632203,0.7070960637311438,0.7070960637311438,0.00027196002451197835
0.0948403659020003,0.7039116717120261,0.7039116717120261,0.004692744478080174
0.007407930487104988,0.7070873313606642,0.7070873313606642,0.0003663664929329866
0.01537205348648698,0.7070232315743269,0.7070232315743269,0.0
0.01958213363725681,0.7069711946190639,0.7069711946190639,0.0
0.014296234368433199,0.7070343406742433,0.7070343406742433,0.0007070343406742432
0.023822719141083012,0.7069056124950448,0.7069056124950448,0.0011781760208250747
0.04919995096265958,0.9805924944585467,0.18976776338169243,0.0024332319961750536
0.010436164053555253,0.7070681792051179,0.7070681792051179,0.000516130764270784
0.014075297128976687,0.7070365625074986,0.7070365625074986,0.000696107672056216
0.005718985890316634,0.7070951892082881,0.7070951892082881,0.00028283807568331524
0.022688903981031256,0.7069243080143269,0.7069243080143269,0.0011221020762132174
0.010669317393959493,0.7070665335264945,0.7070665335264945,0.0
0.014587936431693843,0.7070315382324415,0.7070315382324415,0.0
0.007466927562843889,0.7070870203242006,0.7070870203242006,0.0003692842513770469
0.010102079320283652,0.7070706111786073,0.7070706111786073,0.0004996082749893003
0.02533780318811292,0.6892082964125671,0.7241198293908473,0.0006265529967386974
0.010512431715618772,0.7070676129199569,0.7070676129199569,0.0005199026565587919
0.012764760171190805,0.7070490302538923,0.7070490302538923,0.0006312937770124039
0.008312327878243785,0.7070822923135167,0.7070822923135167,0.00041109435599623063
0.010212108385258512,0.7070698189595409,0.7070698189595409,0.0005050498706853863
0.006649945570824382,0.7070911462548181,0.7070911462548181,0.0
0.008717777923896743,0.7070799107413778,0.7070799107413778,0.0
0.004765845580273004,0.7070987507823447,0.7070987507823447,0.0
0.010997564970443564,0.7070640188712479,0.7070640188712479,0.0
0.005718985890316634,0.7070951892082881,0.7070951892082881,0.00028283807568331524
0.022688903981031256,0.7069243080143269,0.7069243080143269,0.0011221020762132174
0.007942914991723336,0.7070844206281901,0.7070844206281901,0.00039282467812677224
0.009531365374182891,0.7070745826545172,0.7070745826545172,0.0004713830551030114
0.03598992814975995,0.5876633493033541,0.8083042249963406,0.0008903990140959909
0.005718985890316634,0.7070951892082881,0.7070951892082881,0.00028283807568331524
0.022688903981031256,0.7069243080143269,0.7069243080143269,0.0011221020762132174
0.007466927562843889,0.7070870203242006,0.7070870203242006,0.0003692842513770469
0.010102079320283652,0.7070706111786073,0.7070706111786073,0.0004996082749893003
0.014662726464077956,0.7070305787574682,0.7070305787574682,0.0007251595679563776
0.006718691549683588,0.7070907822812401,0.7070907822812401,0.0003322795029517106
0.010011891287608302,0.7070712541396962,0.7070712541396962,0.0004951479370726164
0.01991069544578235,0.6892921272031477,0.7242096969611814,0.0004923515194308198
0.02858370707328227,0.7068176823264656,0.7068176823264656,0.0007068176823264656
0.0040436398460859235,0.999910941168626,0.012716867349782586,0.0001999821882337252
0.00941835636344353,0.7070754183831492,0.7070754183831492,0.0
0.010977301631632618,0.7070641763124788,0.7070641763124788,0.0
0.008664946089572186,0.7070801705140509,0.7070801705140509,0.0004285334366751823
0.01019390688144178,0.7070699506044559,0.7070699506044559,0.0005041496974006815
0.010590294310112689,0.707067127529779,0.707067127529779,0.0
0.01243182105821811,0.7070521373368361,0.7070521373368361,0.0
0.007969478236290475,0.7070842708162766,0.7070842708162766,0.0003941383895296971
0.009283819117455119,0.7070762334758103,0.7070762334758103,0.0004591404113479287
0.007466927562843889,0.7070870203242006,0.7070870203242006,0.0003692842513770469
0.010102079320283652,0.7070706111786073,0.7070706111786073,0.0004996082749893003
0.007466927562843889,0.7070870203242006,0.7070870203242006,0.0003692842513770469
0.010102079320283652,0.7070706111786073,0.7070706111786073,0.0004996082749893003
0.007466927562843889,0.7070870203242006,0.7070870203242006,0.0003692842513770469
0.010102079320283652,0.7070706111786073,0.7070706111786073,0.0004996082749893003
0.019060135710518303,0.7069783275414802,0.7069783275414802,0.0
0.0174226169918231,0.689322136174999,0.7242449188989649,0.0008616526702187487
0.01991068820595822,0.6892918765663082,0.7242094336277958,0.0009847026808090117
0.015931866910534824,0.6303409262328319,0.7761545409936417,0.0007879261577910398
0.018207107011189473,0.6303152773408819,0.7761252099977518,0.0009004503962012597
0.0174226169918231,0.689322136174999,0.7242449188989649,0.0008616526702187487
0.01991068820595822,0.6892918765663082,0.7242094336277958,0.0009847026808090117
0.007466927562843889,0.7070870203242006,0.7070870203242006,0.0003692842513770469
0.010102079320283652,0.7070706111786073,0.7070706111786073,0.0004996082749893003
0.007466927562843889,0.7070870203242006,0.7070870203242006,0.0003692842513770469
0.010102079320283652,0.7070706111786073,0.7070706111786073,0.0004996082749893003
0.015286915522427712,0.6303471160227165,0.7761625164584551,0.0007560294521477602
0.01960596885186628,0.6302999007154875,0.7761035375233576,0.0009696324852555035
0.007466927562843889,0.7070870203242006,0.7070870203242006,0.0003692842513770469
0.010102079320283652,0.7070706111786073,0.7070706111786073,0.0004996082749893003
0.015002319515381604,0.6303496841680466,0.776165997439953,0.0007419544765272801
0.019072690974829137,0.6303043305242496,0.7761132608352826,0.0009432587030083649
0.007466927562843889,0.7070870203242006,0.7070870203242006,0.0003692842513770469
0.010102079320283652,0.7070706111786073,0.7070706111786073,0.0004996082749893003
0.0074669280719796005,0.7070870685372374,0.7070870685372374,0.0
0.010102080581065959,0.7070706994240158,0.7070706994240158,0.0
0.01243182105821811,0.7070521373368361,0.7070521373368361,0.0
0.0464171698431605,0.6886820451507493,0.7235752687717206,0.0011478034085845822
0.01764872443140003,0.7069963792994077,0.7069963792994077,0.0008728350361721084
0.021658086648719585,0.7069405137564256,0.7069405137564256,0.0010711219905400388
0.031066914849489712,0.7067646306016453,0.7067646306016453,0.0015364448491340115
0.017869263307451262,0.7069936026686948,0.7069936026686948,0.0008837420033358686
0.007148666443297258,0.7070886689710443,0.7070886689710443,0.00035354433448552214
0.007942914991723336,0.7070844206281901,0.7070844206281901,0.00039282467812677224
0.007148666443297258,0.7070886689710443,0.7070886689710443,0.00035354433448552214
0.007005070215594961,0.7070894317521916,0.7070894317521916,0.0
0.010504709938223613,0.7070677658715301,0.7070677658715301,0.0
0.005718986119068583,0.70709521749117,0.70709521749117,0.0
0.022688918264992513,0.706924753063565,0.706924753063565,0.0
0.013277020623407751,0.6303629969570446,0.7761869702531076,0.0
0.014161983354035547,0.6303553421677542,0.7761775446558948,0.0
0.01663058162019043,0.9874664989722175,0.15694957112414254,0.0004114443745717573
0.007466927562843889,0.7070870203242006,0.7070870203242006,0.0003692842513770469
0.010102079320283652,0.7070706111786073,0.7070706111786073,0.0004996082749893003
0.007466927562843889,0.7070870203242006,0.7070870203242006,0.0003692842513770469
0.010102079320283652,0.7070706111786073,0.7070706111786073,0.0004996082749893003
0.007466927562843889,0.7070870203242006,0.7070870203242006,0.0003692842513770469
0.010102079320283652,0.7070706111786073,0.7070706111786073,0.0004996082749893003
0.015048501214729355,0.7070265160233871,0.7070265160233871,0.0007442384379193548
0.020421014733836437,0.706958967046761,0.706958967046761,0.0010099413814953727
0.019060127242430003,0.7069780134432493,0.7069780134432493,0.0009426373512576658
0.1872615731214905,0.694590404753303,0.694590404753303,0.004630602698355354
0.012651818375320726,0.7070501861578843,0.7070501861578843,0.0
0.00841011307748594,0.7070817127460978,0.7070817127460978,0.00041593041926241044
0.010997563343781965,0.7070639142886526,0.7070639142886526,0.0005438953186835788
0.012651815898660554,0.7070500477490814,0.7070500477490814,0.0006257080068575942
0.010212108385258512,0.7070698189595409,0.7070698189595409,0.0005050498706853863
0.02856956085121457,0.7068174381794797,0.7068174381794797,0.0014136348763589593
0.02157760211501215,0.8216989925103538,0.5695121017180852,0.0010671415487147453
0.008169841113340024,0.7070831824107341,0.7070831824107341,0.0
0.010212109687687434,0.7070699091376066,0.7070699091376066,0.0
0.04885448986786769,0.688601860155405,0.7234910210699456,0.0012080734388691318
0.005718986119068583,0.70709521749117,0.70709521749117,0.0
0.022688918264992513,0.706924753063565,0.706924753063565,0.0
0.008935705182026582,0.7070785505065544,0.7070785505065544,0.0
0.011983799180327008,0.7070560050509457,0.7070560050509457,0.0
0.009860002527619408,0.707072386995457,0.707072386995457,0.0002438180644811921
0.013615594065681847,0.7070412348647844,0.7070412348647844,0.0
0.015884328069047184,0.7070175698388955,0.7070175698388955,0.0
0.00977907919272745,0.7070728872288592,0.7070728872288592,0.0004836339857926533
0.01150458725363408,0.7070598704298254,0.7070598704298254,0.0005689706851451078
0.006354404645846011,0.7070925051015592,0.7070925051015592,0.0
0.008935705182026582,0.7070785505065544,0.7070785505065544,0.0
0.02679856940354162,0.6891818046410308,0.7240915137453476,0.0013253496243096747
0.007694981039299856,0.7070857948080679,0.7070857948080679,0.0003805628604994983
0.010405329831942395,0.707068406977688,0.707068406977688,0.0005146058274946783
0.005835696186508388,0.7070947406995821,0.7070947406995821,0.0
0.007942915604563889,0.707084475183729,0.707084475183729,0.0
0.007025722967284579,0.7070893292989178,0.7070893292989178,0.0
0.0094059648864013,0.707075500857071,0.707075500857071,0.0
0.005718986119068583,0.70709521749117,0.70709521749117,0.0
0.022688918264992513,0.706924753063565,0.706924753063565,0.0
0.007686707356482237,0.7070858399137964,0.7070858399137964,0.00038015367737300875
0.00960822413897029,0.7070740612654693,0.7070740612654693,0.00047518418095797676
0.0002695781888199146,0.9999190979967159,0.012717104410868632,6.666127319978106e-06
0.012255909020422827,0.63037316425518,0.7761954487325946,0.00030306402127652885
0.017433568543351066,0.706999317781794,0.706999317781794,0.0
0.012996807771332088,0.707046911397888,0.707046911397888,0.0006427699194526255
0.008264283557125286,0.7070826188836175,0.7070826188836175,0.00020435913840566978
0.007025722967284579,0.7070893292989178,0.7070893292989178,0.0
0.0094059648864013,0.707075500857071,0.707075500857071,0.0
0.007686707356482237,0.7070858399137964,0.7070858399137964,0.00038015367737300875
0.00960822413897029,0.7070740612654693,0.7070740612654693,0.00047518418095797676
0.06115571160169725,0.9799431532616176,0.18963714725155378,0.0030245159051284494
0.00904880526440948,0.7070777605226003,0.7070777605226003,0.00044751756995101285
0.010669315908648088,0.7070664350933946,0.7070664350933946,0.0005276615187264138
0.00841011307748594,0.7070817127460978,0.7070817127460978,0.00041593041926241044
0.011913901568585562,0.7070564729130897,0.7070564729130897,0.0005892137274275748
0.007148666443297258,0.7070886689710443,0.7070886689710443,0.00035354433448552214
0.009531365374182891,0.7070745826545172,0.7070745826545172,0.0004713830551030114
0.006613037223319554,0.7070913193282332,0.7070913193282332,0.0
0.009921579029665048,0.7070719773366634,0.7070719773366634,0.0
0.012671897722642572,0.6893712905492992,0.7242973469332196,0.0
0.01639807754483185,0.6893356040112302,0.7242565347273755,0.0
0.005718986119068583,0.70709521749117,0.70709521749117,0.0
0.022688918264992513,0.706924753063565,0.706924753063565,0.0
0.010590292857560647,0.7070670305493013,0.7070670305493013,0.0005237533559624455
0.016818437533563862,0.7070065234188566,0.7070065234188566,0.0008317723804927725
0.010590292857560647,0.7070670305493013,0.7070670305493013,0.0005237533559624455
0.016818437533563862,0.7070065234188566,0.7070065234188566,0.0008317723804927725
0.006940463062561064,0.7070897086486544,0.7070897086486544,0.0003432474313828419
0.008165174944303308,0.7070831517049996,0.7070831517049996,0.0004038167628241003
0.007538778179800065,0.7070866873388142,0.7070866873388142,0.0
0.00866515693382999,0.7070802341514406,0.7070802341514406,0.0
0.009592753386789766,0.7070741665515068,0.7070741665515068,0.0004744190596829756
0.012551861299844154,0.7070509406786593,0.7070509406786593,0.0006207646538004032
0.009283819117455119,0.7070762334758103,0.7070762334758103,0.0004591404113479287
0.011346647972902987,0.7070611496467737,0.7070611496467737,0.0005611596425768045
0.007148666443297258,0.7070886689710443,0.7070886689710443,0.00035354433448552214
0.009531365374182891,0.7070745826545172,0.7070745826545172,0.0004713830551030114
0.007305732013185555,0.7070879104749818,0.7070879104749818,0.0
0.010955433773172185,0.7070643458946441,0.7070643458946441,0.0
0.00841011307748594,0.7070817127460978,0.7070817127460978,0.00041593041926241044
0.010590292857560647,0.7070670305493013,0.7070670305493013,0.0005237533559624455
0.015931871856008716,0.6303411218994546,0.7761547819228459,0.0
0.021240312701178217,0.6302763412812528,0.7760802682309825,0.0
0.012219341071480106,0.7070538602191753,0.7070538602191753,0.0006043195386488678
0.014375282176803669,0.7070335373309222,0.7070335373309222,0.0007109437278340093
0.007148666443297258,0.7070886689710443,0.7070886689710443,0.00035354433448552214
0.010590292857560647,0.7070670305493013,0.7070670305493013,0.0005237533559624455
0.007373548444021855,0.7070875585043708,0.7070875585043708,0.0
0.011057095959029865,0.7070635546501294,0.7070635546501294,0.0
0.02831542173023236,0.6301651720378122,0.7759433818358927,0.001400367048972916
0.018207114392454517,0.6303155328742909,0.7761255246433393,0.0
0.025486012000060572,0.6302179030677689,0.7759999084054052,0.0
0.008169840446458815,0.7070831246935178,0.7070831246935178,0.00040404749982486725
0.010997563343781965,0.7070639142886526,0.7070639142886526,0.0005438953186835788
0.0076008963820665305,0.7070863548302248,0.7070863548302248,0.0
0.010222330952047862,0.7070698352885332,0.7070698352885332,0.0
0.005748879311188644,0.7070950962871492,0.7070950962871492,0.0
0.008556059704491832,0.7070808984275891,0.7070808984275891,0.0
0.0044929245378094495,0.9999090217676816,0.012716620736836538,0.00022220200483726257
0.011585688416816826,0.7070593227671594,0.7070593227671594,0.0
0.016226806621370382,0.7070136811784029,0.7070136811784029,0.0
0.029029783701080503,0.6891343311829199,0.7240504706295212,0.00143569652329775
0.005835696186508388,0.7070947406995821,0.7070947406995821,0.0
0.006974317747999828,0.7070895837487461,0.7070895837487461,0.0
0.010118165051097375,0.7070705844312853,0.7070705844312853,0.0
0.014002250168386682,0.7070374590466272,0.7070374590466272,0.0
0.010118165051097375,0.7070705844312853,0.7070705844312853,0.0
0.014002250168386682,0.7070374590466272,0.7070374590466272,0.0
0.028583685653052023,0.7068171526471816,0.7068171526471816,0.0014136343052943631
0.0174226169918231,0.689322136174999,0.7242449188989649,0.0008616526702187487
0.0254860069388637,0.6302177779145327,0.7759997543017223,0.0006302177779145327
0.005718986119068583,0.70709521749117,0.70709521749117,0.0
0.022688918264992513,0.706924753063565,0.706924753063565,0.0
0.007544744685623384,0.7070866062935862,0.7070866062935862,0.00037313277376970253
0.01020481998987572,0.7070698717020715,0.7070698717020715,0.0005046894159186806
0.00805024475416251,0.7070838122350455,0.7070838122350455,0.00039813277715937244
0.010888689584281259,0.707064758860598,0.707064758860598,0.0005385108597567387
0.05946831232981854,0.7058553392263329,0.7058553392263329,0.0
0.05946831232981854,0.7058553392263329,0.7058553392263329,0.0
0.005718986119068583,0.70709521749117,0.70709521749117,0.0
0.022688918264992513,0.706924753063565,0.706924753063565,0.0
0.007046497427419863,0.7070891829987587,0.7070891829987587,0.00034849146525320785
0.010888689584281259,0.707064758860598,0.707064758860598,0.0005385108597567387
0.009860001648394493,0.7070723239452036,0.7070723239452036,0.0004876360854794507
0.012431818708521288,0.7070520036992819,0.7070520036992819,0.0006148278293037234
0.012431820470793779,0.7070521039274404,0.7070521039274404,0.00030741395822932193
0.007373548444021855,0.7070875585043708,0.7070875585043708,0.0
0.011057095959029865,0.7070635546501294,0.7070635546501294,0.0
0.007942914991723336,0.7070844206281901,0.7070844206281901,0.00039282467812677224
0.010212108385258512,0.7070698189595409,0.7070698189595409,0.0005050498706853863
0.006613037223319554,0.7070913193282332,0.7070913193282332,0.0
0.009921579029665048,0.7070719773366634,0.7070719773366634,0.0
0.0066191601377811006,0.7070912906828475,0.7070912906828475,0.0
0.009928468336161197,0.7070719289847738,0.7070719289847738,0.0
0.009531365374182891,0.7070745826545172,0.7070745826545172,0.0004713830551030114
0.0022453445755911774,0.9999060455378821,0.013522062755823959,0.00011110067172643134
0.00048138958471439835,0.999919018694596,0.012717065310140604,2.3807595683204665e-05
0.02858370707328227,0.7068176823264656,0.7068176823264656,0.0007068176823264656
0.0057161577734775905,0.707095221855219,0.707095221855219,0.00014141904437104378
0.017422623459496963,0.68932239206714,0.7242451877552414,0.0
0.011912332299908459,0.6303756459397651,0.7761986177930461,0.000589136117700715
0.029773635348601647,0.7067925305306029,0.7067925305306029,0.0014724844386054226
0.005488477453521847,0.7070961308815239,0.7070961308815239,0.0
0.008165175610042673,0.7070832093563165,0.7070832093563165,0.0
0.006808269968528019,0.7070903528144826,0.7070903528144826,0.0003367096918164203
0.014296234368433199,0.7070343406742433,0.7070343406742433,0.0007070343406742432
0.025987015802182503,0.70686739323444,0.70686739323444,0.0012852134422444365
0.010997563343781965,0.7070639142886526,0.7070639142886526,0.0005438953186835788
0.01898863731737578,0.689300682045194,0.7242258760033149,0.0009391017466555777
0.02815082348923996,0.6891522070808002,0.7240692522395608,0.0006961133404856568
0.0008424315733483778,0.9999187814224069,0.012716883735565052,4.166328255926695e-05
0.00691699382977053,0.7070898652916612,0.7070898652916612,0.0
0.014426045696688957,0.7070331990810463,0.7070331990810463,0.0
0.007148666890066063,0.7070887131618262,0.7070887131618262,0.0
0.026467944623428337,0.7068590552250891,0.7068590552250891,0.0
0.005718986119068583,0.70709521749117,0.70709521749117,0.0
0.022688918264992513,0.706924753063565,0.706924753063565,0.0
0.005718986119068583,0.70709521749117,0.70709521749117,0.0
0.022688918264992513,0.706924753063565,0.706924753063565,0.0
0.005718986119068583,0.70709521749117,0.70709521749117,0.0
0.022688918264992513,0.706924753063565,0.706924753063565,0.0
0.010997564563778095,0.7070639927255947,0.7070639927255947,0.0002719476895098441
0.014296237941760869,0.70703451739668,0.70703451739668,0.0
0.017869270285402028,0.706993878749833,0.706993878749833,0.0
0.008935705182026582,0.7070785505065544,0.7070785505065544,0.0
0.014296237941760869,0.70703451739668,0.70703451739668,0.0
0.006460641658575877,0.7070919876571916,0.7070919876571916,0.00031951739162096326
0.009614685022669416,0.7070740172457677,0.7070740172457677,0.00047550371031995135
0.04760483130092055,0.7063031350284948,0.7063031350284948,0.002354343783428316
0.051561597504358465,0.688507978544846,0.7233923827911182,0.0012750147750830482
0.017223282115503273,0.6303278321202979,0.7761379919883419,0.0
0.025486012000060572,0.6302179030677689,0.7759999084054052,0.0
0.024027984671733643,0.6892300252030422,0.7241430909624652,0.0011883276296604174
0.005735964016421998,0.7070951487306366,0.7070951487306366,0.0
0.007711582512339137,0.7070857555824313,0.7070857555824313,0.0
0.00841011307748594,0.7070817127460978,0.7070817127460978,0.00041593041926241044
0.010997563343781965,0.7070639142886526,0.7070639142886526,0.0005438953186835788
0.019607192845031086,0.6303004623773594,0.7761035047205282,0.0004848465095210457
0.011093553559302702,0.707063162688,0.707063162688,0.0005486426092632395
0.015257236729319862,0.7070242737573051,0.7070242737573051,0.0007545616582255125
0.007942914991723336,0.7070844206281901,0.7070844206281901,0.00039282467812677224
0.014296234368433199,0.7070343406742433,0.7070343406742433,0.0007070343406742432
0.010492374983485823,0.7070677622402464,0.7070677622402464,0.0005189107311318409
0.013082423632996444,0.7070461199870679,0.7070461199870679,0.0006470041361521485
0.008935704309468925,0.7070784814614383,0.7070784814614383,0.0004419240509133989
0.015539096307023041,0.707021196956538,0.707021196956538,0.0007685013010397152
0.007148666443297258,0.7070886689710443,0.7070886689710443,0.00035354433448552214
0.008935704309468925,0.7070784814614383,0.7070784814614383,0.0004419240509133989
0.011587495790727915,0.6303781092878687,0.7762017580964061,0.0
0.014994887860696287,0.6303488962211594,0.776167135590532,0.0
0.012219341071480106,0.7070538602191753,0.7070538602191753,0.0006043195386488678
0.014375282176803669,0.7070335373309222,0.7070335373309222,0.0007109437278340093
0.01108280531612557,0.7070632471712159,0.7070632471712159,0.0005481110443187721
0.016622928795537985,0.7070088409575997,0.7070088409575997,0.0008221033034390695
0.002019812013281603,0.9999069372681203,0.013491744304558748,9.999069372681204e-05
0.002019812013281603,0.9999069372681203,0.013491744304558748,9.999069372681204e-05
0.008935705182026582,0.7070785505065544,0.7070785505065544,0.0
0.011983799180327008,0.7070560050509457,0.7070560050509457,0.0
0.014296234368433199,0.7070343406742433,0.7070343406742433,0.0007070343406742432
0.05709743890123558,0.7059525086700739,0.7059525086700739,0.0014119050173401477
0.018185565963118187,0.8094465562218777,0.5869117102152341,0.0004496925312343765
0.007148666443297258,0.7070886689710443,0.7070886689710443,0.00035354433448552214
0.007942914991723336,0.7070844206281901,0.7070844206281901,0.00039282467812677224
0.009344492379638726,0.7070758328806751,0.7070758328806751,0.00046214106724227133
0.006808269968528019,0.7070903528144826,0.7070903528144826,0.0003367096918164203
0.014296234368433199,0.7070343406742433,0.7070343406742433,0.0007070343406742432
0.009526602506610892,0.707074614826721,0.707074614826721,0.0004711475027997474
0.012888445933318842,0.707047905614932,0.707047905614932,0.0006374107781067676
0.06258596906576552,0.7057171586050711,0.7057171586050711,0.003095250695636277
0.008935704309468925,0.7070784814614383,0.7070784814614383,0.0004419240509133989
0.015539096307023041,0.707021196956538,0.707021196956538,0.0007685013010397152
0.007046497427419863,0.7070891829987587,0.7070891829987587,0.00034849146525320785
0.010888689584281259,0.707064758860598,0.707064758860598,0.0005385108597567387
0.06644086667762435,0.6578303631447956,0.7502226376484821,0.0032891518157239777
0.09488791573842127,0.703916288860692,0.703916288860692,0.0
0.008169840446458815,0.7070831246935178,0.7070831246935178,0.00040404749982486725
0.010590292857560647,0.7070670305493013,0.7070670305493013,0.0005237533559624455
0.008610381726017441,0.8218613615832672,0.5696223155106078,0.00042583490237474984
0.017223588238348485,0.7070018910894779,0.7070018910894779,0.0
0.016993624219827544,0.6303273078571048,0.776143025074715,0.0008404364104761397
0.02317031021726049,0.6302507724774119,0.7760449648088685,0.0011459104954134763
0.007686707911911543,0.7070858910066998,0.7070858910066998,0.0
0.009608225223739006,0.7070741410941466,0.7070741410941466,0.0
0.012663022795627744,0.7070500858686312,0.7070500858686312,0.0
0.01582806468009011,0.7070182007446778,0.7070182007446778,0.0
0.005957268919766786,0.707094233800212,0.707094233800212,0.0
0.008935705182026582,0.7070785505065544,0.7070785505065544,0.0
0.004765845447891417,0.7070987311411597,0.7070987311411597,0.00023569957704705326
0.007148666443297258,0.7070886689710443,0.7070886689710443,0.00035354433448552214
0.022298866504304116,0.6892577430855624,0.7241727833193047,0.00055140619446845
0.007148666443297258,0.7070886689710443,0.7070886689710443,0.00035354433448552214
0.013416799775386224,0.6303639854904507,0.7761837638603258,0.0
0.01699363022141257,0.6303275304678254,0.7761432991827156,0.0
0.011913903636677482,0.7070565956485152,0.7070565956485152,0.0
0.01266302031238177,0.7070499472145904,0.7070499472145904,0.0006262621321652705
0.015828059830657243,0.7070179841270833,0.7070179841270833,0.0007827922764914562
0.009860001648394493,0.7070723239452036,0.7070723239452036,0.0004876360854794507
0.01356392845482995,0.7070415722745186,0.7070415722745186,0.000670817431000492
0.030813109913137775,0.6589734397265108,0.751534801584392,0.0
0.014161983354035547,0.6303553421677542,0.7761775446558948,0.0
0.01699363022141257,0.6303275304678254,0.7761432991827156,0.0
0.006640679557168869,0.7070911516609583,0.7070911516609583,0.0003284213430845138
0.009037366498371746,0.7070778338488677,0.7070778338488677,0.00044695185451887966
0.006837572486049236,0.7070902110944091,0.7070902110944091,0.00033815887665921047
0.00924779186652012,0.7070764701107867,0.7070764701107867,0.00045735864819585164
0.012331681772407899,0.7070530141455674,0.7070530141455674,0.0
0.01750484705952662,0.7069984371727503,0.7069984371727503,0.0
0.008169840446458815,0.7070831246935178,0.7070831246935178,0.00040404749982486725
0.009223928635264075,0.7070766263431907,0.7070766263431907,0.00045617846860851013
0.0174226169918231,0.689322136174999,0.7242449188989649,0.0008616526702187487
0.008717777923896743,0.7070799107413778,0.7070799107413778,0.0
0.010830954895779076,0.7070653047689605,0.7070653047689605,0.0
0.00841011307748594,0.7070817127460978,0.7070817127460978,0.00041593041926241044
0.011623358449856987,0.7070588968013894,0.7070588968013894,0.000574844631545845
0.007538778179800065,0.7070866873388142,0.7070866873388142,0.0
0.00866515693382999,0.7070802341514406,0.7070802341514406,0.0
0.02786963447406827,0.689160100743528,0.7240729514471951,0.0
0.02786963447406827,0.689160100743528,0.7240729514471951,0.0
0.010689557364173834,0.7929938697458334,0.6091355977323628,0.0005286625798305556
0.00864399253144234,0.7070802990606146,0.7070802990606146,0.0004274971578359218
0.010804763053478664,0.7070654041722537,0.7070654041722537,0.0005343601905775799
0.006848216033729051,0.707090159466757,0.707090159466757,0.00033868526378481954
0.00967322634407179,0.707073617039471,0.707073617039471,0.0004783989289847571
0.010436164053555253,0.7070681792051179,0.7070681792051179,0.000516130764270784
0.014075297128976687,0.7070365625074986,0.7070365625074986,0.000696107672056216
0.011093553559302702,0.707063162688,0.707063162688,0.0005486426092632395
0.015257236729319862,0.7070242737573051,0.7070242737573051,0.0007545616582255125
0.0003369727289904258,0.9999190771229253,0.012717137476028885,8.332658976024377e-06
0.04468175915702223,0.6297874065158919,0.7754782265565683,0.002209780373739972
0.007787181122592335,0.7070852888763367,0.7070852888763367,0.0003851227063596605
0.014182795161333448,0.7070354857875428,0.7070354857875428,0.0007014240930431972
0.031851579417336746,0.6301004830333679,0.7758584772710617,0.0015752512075834196
0.04245181323184662,0.6298488610066264,0.7755538975194927,0.0020994962033554217
0.03482955743279634,0.689012016474705,0.7239104751091487,0.0017225300411867624
0.04641707811479626,0.6886806841957902,0.7235738388617103,0.0022956022806526343
0.0174226169918231,0.689322136174999,0.7242449188989649,0.0008616526702187487
0.01991068820595822,0.6892918765663082,0.7242094336277958,0.0009847026808090117
0.015931866910534824,0.6303409262328319,0.7761545409936417,0.0007879261577910398
0.018207107011189473,0.6303152773408819,0.7761252099977518,0.0009004503962012597
0.0174226169918231,0.689322136174999,0.7242449188989649,0.0008616526702187487
0.01991068820595822,0.6892918765663082,0.7242094336277958,0.0009847026808090117
0.007538778179800065,0.7070866873388142,0.7070866873388142,0.0
0.00866515693382999,0.7070802341514406,0.7070802341514406,0.0
0.03482955743279634,0.689012016474705,0.7239104751091487,0.0017225300411867624
0.04641707811479626,0.6886806841957902,0.7235738388617103,0.0022956022806526343
0.016993624219827544,0.6303273078571048,0.776143025074715,0.0008404364104761397
0.021240300982191533,0.6302759935368407,0.7760798400416965,0.0010504599892280678
0.006640679915302668,0.7070911897945916,0.7070911897945916,0.0
0.010183018379305731,0.7070701189191517,0.7070701189191517,0.0
0.023227359230978396,0.6892391463198337,0.7241605964000386,0.0011487319105330561
0.030963300707639897,0.6890942293985141,0.724008337021372,0.0015313205097744755
0.005499031695632203,0.7070960637311438,0.7070960637311438,0.00027196002451197835
0.007942914991723336,0.7070844206281901,0.7070844206281901,0.00039282467812677224
0.0231703254298685,0.6302511862723875,0.7760454743259072,0.0
0.03639638946528888,0.6300067414862072,0.7757363008882738,0.0
0.023227359230978396,0.6892391463198337,0.7241605964000386,0.0011487319105330561
0.030963300707639897,0.6890942293985141,0.724008337021372,0.0015313205097744755
0.021240300982191533,0.6302759935368407,0.7760798400416965,0.0010504599892280678
0.02831542173023236,0.6301651720378122,0.7759433818358927,0.001400367048972916
0.03020168019943974,0.6455777261829772,0.7630967826344339,0.0007471964423414087
0.023822719141083012,0.7069056124950448,0.7069056124950448,0.0011781760208250747
0.01724435840672075,0.7070016379412216,0.7070016379412216,0.0
0.02236951708496011,0.7069298425959204,0.7069298425959204,0.0
0.008935704309468925,0.7070784814614383,0.7070784814614383,0.0004419240509133989
0.012730665736057991,0.7070493383577212,0.7070493383577212,0.000629607603168051
0.0059325505780457866,0.7070943072744978,0.7070943072744978,0.0002934001274997916
0.008991899166800875,0.7070781243923536,0.7070781243923536,0.00044470322288827274
0.007942915604563889,0.707084475183729,0.707084475183729,0.0
0.017869270285402028,0.706993878749833,0.706993878749833,0.0
0.024643718737674056,0.7068920310509867,0.7068920310509867,0.0
0.024643718737674056,0.7068920310509867,0.7068920310509867,0.0
0.010512433136367754,0.7070677084797302,0.7070677084797302,0.0
0.01314013301453229,0.7070457329283448,0.7070457329283448,0.0
0.005908036765790272,0.7070944101489841,0.7070944101489841,0.0002921877727888364
0.007148666443297258,0.7070886689710443,0.7070886689710443,0.00035354433448552214
0.025486012000060572,0.6302179030677689,0.7759999084054052,0.0
0.04245190679349663,0.629850249161671,0.7755556068010709,0.0
0.021240312701178217,0.6302763412812528,0.7760802682309825,0.0
0.03185161893592553,0.6301012648056485,0.7758594398868152,0.0
0.008653409078620233,0.7070802413301854,0.7070802413301854,0.00042796286244412625
0.011898039771322425,0.7070566067864009,0.7070566067864009,0.0005884292666331565
0.011511997228259102,0.7070598099789801,0.7070598099789801,0.0005693371527328932
0.015828059830657243,0.7070179841270833,0.7070179841270833,0.0007827922764914562
0.00785822669834644,0.7070849483170878,0.7070849483170878,0.0
0.010804764596079411,0.7070655051202906,0.7070655051202906,0.0
0.006495569254076478,0.70709186375607,0.70709186375607,0.0
0.008931239918543804,0.7070785787143877,0.7070785787143877,0.0
0.007942915604563889,0.707084475183729,0.707084475183729,0.0
0.011913903636677482,0.7070565956485152,0.7070565956485152,0.0
0.011301807081303393,0.7070616200716515,0.7070616200716515,0.0
0.013454173733783804,0.7070427798970658,0.7070427798970658,0.0
0.012324666536771145,0.7070530753043782,0.7070530753043782,0.0
0.014440614422882355,0.7070330503785129,0.7070330503785129,0.0
0.009223928635264075,0.7070766263431907,0.7070766263431907,0.00045617846860851013
0.011854636797497299,0.7070569721949428,0.7070569721949428,0.0005862827298465529
0.010997564970443564,0.7070640188712479,0.7070640188712479,0.0
0.015884328069047184,0.7070175698388955,0.7070175698388955,0.0
0.00841011307748594,0.7070817127460978,0.7070817127460978,0.00041593041926241044
0.009531365374182891,0.7070745826545172,0.7070745826545172,0.0004713830551030114
0.014002246811002471,0.7070372895169892,0.7070372895169892,0.0006924948966865712
0.016838241609194855,0.7070062871516534,0.7070062871516534,0.0008327518105437614
0.010464730130717335,0.7070679675858568,0.7070679675858568,0.0005175435277308277
0.014388300564693693,0.7070334046033458,0.7070334046033458,0.0007115875650194705
0.014161983354035547,0.6303553421677542,0.7761775446558948,0.0
0.015931871856008716,0.6303411218994546,0.7761547819228459,0.0
0.009792473904783938,0.7070727943117977,0.7070727943117977,0.0004842964344601354
0.011623358449856987,0.7070588968013894,0.7070588968013894,0.000574844631545845
0.031851579417336746,0.6301004830333679,0.7758584772710617,0.0015752512075834196
0.03639633050201934,0.6300057208559233,0.775735044171625,0.0018000163453026382
0.010997563343781965,0.7070639142886526,0.7070639142886526,0.0005438953186835788
0.012996807771332088,0.707046911397888,0.707046911397888,0.0006427699194526255
0.00841011307748594,0.7070817127460978,0.7070817127460978,0.00041593041926241044
0.010590292857560647,0.7070670305493013,0.7070670305493013,0.0005237533559624455
0.00886138536410712,0.7070789502550797,0.7070789502550797,0.0004382485343277508
0.01042497885809664,0.7070682619081263,0.7070682619081263,0.0005155775894211988
0.008561181950758598,0.7070808040438604,0.7070808040438604,0.0004234016790681799
0.011623358449856987,0.7070588968013894,0.7070588968013894,0.000574844631545845
0.021240312701178217,0.6302763412812528,0.7760802682309825,0.0
0.025486012000060572,0.6302179030677689,0.7759999084054052,0.0
0.00675998658573804,0.7070905850067237,0.7070905850067237,0.00033432178960128784
0.010315250047482747,0.7070690685366512,0.7070690685366512,0.000510150843100037
0.007431030864619738,0.7070872098678721,0.7070872098678721,0.0003675089448377714
0.01576176256837507,0.7070187264844803,0.7070187264844803,0.0007795134801372439
0.010997563343781965,0.7070639142886526,0.7070639142886526,0.0005438953186835788
0.023317784847340026,0.7069140510098633,0.7069140510098633,0.0011532039983847687
0.010997563343781965,0.7070639142886526,0.7070639142886526,0.0005438953186835788
0.023317784847340026,0.7069140510098633,0.7069140510098633,0.0011532039983847687
0.008935705182026582,0.7070785505065544,0.7070785505065544,0.0
0.012651818375320726,0.7070501861578843,0.7070501861578843,0.0
0.009531366433127218,0.707074661211218,0.707074661211218,0.0
0.01496190339602379,0.7070276308061687,0.7070276308061687,0.0
0.008561181950758598,0.7070808040438604,0.7070808040438604,0.0004234016790681799
0.01237800959528806,0.7070524768821815,0.7070524768821815,0.0006121666466512394
0.01266302031238177,0.7070499472145904,0.7070499472145904,0.0006262621321652705
0.015828059830657243,0.7070179841270833,0.7070179841270833,0.0007827922764914562
0.01266302031238177,0.7070499472145904,0.7070499472145904,0.0006262621321652705
0.015828059830657243,0.7070179841270833,0.7070179841270833,0.0007827922764914562
0.00864399253144234,0.7070802990606146,0.7070802990606146,0.0004274971578359218
0.010804763053478664,0.7070654041722537,0.7070654041722537,0.0005343601905775799
0.005862014290770578,0.7070946021359762,0.7070946021359762,0.00028991168599261017
0.00912969462299716,0.7070772393478512,0.7070772393478512,0.000451518032789177
0.010466262133803252,0.7070679562203384,0.7070679562203384,0.0005176192944511994
0.013082423632996444,0.7070461199870679,0.7070461199870679,0.0006470041361521485
0.011093553559302702,0.707063162688,0.707063162688,0.0005486426092632395
0.015257236729319862,0.7070242737573051,0.7070242737573051,0.0007545616582255125
0.00638277105259038,0.7070923421267286,0.7070923421267286,0.0003156662241637181
0.008516562513006108,0.7070810741201288,0.7070810741201288,0.0004211949808608362
0.008169840446458815,0.7070831246935178,0.7070831246935178,0.00040404749982486725
0.010590292857560647,0.7070670305493013,0.7070670305493013,0.0005237533559624455
0.006837572486049236,0.7070902110944091,0.7070902110944091,0.00033815887665921047
0.00924779186652012,0.7070764701107867,0.7070764701107867,0.00045735864819585164
0.007942914991723336,0.7070844206281901,0.7070844206281901,0.00039282467812677224
0.008935704309468925,0.7070784814614383,0.7070784814614383,0.0004419240509133989
0.006964126838229772,0.7070896339706094,0.7070896339706094,0.0
0.010183018379305731,0.7070701189191517,0.7070701189191517,0.0
0.008123423977959567,0.7070833927402986,0.7070833927402986,0.0004017519276933515
0.009928467139270784,0.7070718437462873,0.7070718437462873,0.0004910221137126996
0.0071450940792278745,0.70708868706899,0.70708868706899,0.0003533676597046427
0.008935704309468925,0.7070784814614383,0.7070784814614383,0.0004419240509133989
0.02027625493878869,0.7069614110705256,0.7069614110705256,0.0
0.026467944623428337,0.7068590552250891,0.7068590552250891,0.0
0.006964126838229772,0.7070896339706094,0.7070896339706094,0.0
0.010183018379305731,0.7070701189191517,0.7070701189191517,0.0
0.006964126838229772,0.7070896339706094,0.7070896339706094,0.0
0.007740807119345601,0.7070855959164849,0.7070855959164849,0.0
0.008165174944303308,0.7070831517049996,0.7070831517049996,0.0004038167628241003
0.01019390688144178,0.7070699506044559,0.7070699506044559,0.0005041496974006815
0.0123087501820274,0.7070530829092396,0.7070530829092396,0.0006087413542051138
0.014433322706708763,0.707032944658508,0.707032944658508,0.0007138141793624512
0.009860001648394493,0.7070723239452036,0.7070723239452036,0.0004876360854794507
0.010997563343781965,0.7070639142886526,0.7070639142886526,0.0005438953186835788
0.01266302031238177,0.7070499472145904,0.7070499472145904,0.0006262621321652705
0.015828059830657243,0.7070179841270833,0.7070179841270833,0.0007827922764914562
0.016818443351445302,0.7070067679885512,0.7070067679885512,0.0
0.019060135710518303,0.7069783275414802,0.7069783275414802,0.0
0.006681018334320891,0.7070909611991447,0.7070909611991447,0.00033041633700894613
0.0074233147481521594,0.7070872504916449,0.7070872504916449,0.00036712733670386544
0.005366926687572668,0.7070965724873188,0.7070965724873188,0.00026542664132406864
0.006708603879706062,0.7070908302883067,0.7070908302883067,0.0003317806073049487
0.009223928635264075,0.7070766263431907,0.7070766263431907,0.00045617846860851013
0.012431818708521288,0.7070520036992819,0.7070520036992819,0.0006148278293037234
0.010118165051097375,0.7070705844312853,0.7070705844312853,0.0
0.014002250168386682,0.7070374590466272,0.7070374590466272,0.0
0.01233167947903589,0.7070528826521004,0.7070528826521004,0.0006098753451550886
0.017504840499850155,0.7069981722357878,0.7069981722357878,0.0008657191147304726
0.00691699382977053,0.7070898652916612,0.7070898652916612,0.0
0.014426045696688957,0.7070331990810463,0.7070331990810463,0.0
0.010997563343781965,0.7070639142886526,0.7070639142886526,0.0005438953186835788
0.01293800857707003,0.7070474519120862,0.7070474519120862,0.0006398619474317522
0.025486012000060572,0.6302179030677689,0.7759999084054052,0.0
0.03639638946528888,0.6300067414862072,0.7757363008882738,0.0
0.017869263307451262,0.7069936026686948,0.7069936026686948,0.0008837420033358686
0.023822719141083012,0.7069056124950448,0.7069056124950448,0.0011781760208250747
0.0074247024663361945,0.7070872431887057,0.7070872431887057,0.0003671959676724132
0.009869938686603155,0.7070722544555951,0.7070722544555951,0.00048812753148383555
0.006216270517939206,0.7070930856211757,0.7070930856211757,0.0003074317763570329
0.009531365374182891,0.7070745826545172,0.7070745826545172,0.0004713830551030114
0.009514874425831741,0.70707469397897,0.70707469397897,0.00047056747902234135
0.013082423632996444,0.7070461199870679,0.7070461199870679,0.0006470041361521485
0.00841011307748594,0.7070817127460978,0.7070817127460978,0.00041593041926241044
0.009531365374182891,0.7070745826545172,0.7070745826545172,0.0004713830551030114
0.008935704309468925,0.7070784814614383,0.7070784814614383,0.0004419240509133989
0.010997563343781965,0.7070639142886526,0.7070639142886526,0.0005438953186835788
0.02133499211697151,0.7069458317690857,0.7069458317690857,0.0
0.027485187692752114,0.7068396439283432,0.7068396439283432,0.0
0.009283819117455119,0.7070762334758103,0.7070762334758103,0.0004591404113479287
0.011346647972902987,0.7070611496467737,0.7070611496467737,0.0005611596425768045
0.011082806980905812,0.7070633533812313,0.7070633533812313,0.0
0.014440614422882355,0.7070330503785129,0.7070330503785129,0.0
0.006808269968528019,0.7070903528144826,0.7070903528144826,0.0003367096918164203
0.010212108385258512,0.7070698189595409,0.7070698189595409,0.0005050498706853863
0.006808269968528019,0.7070903528144826,0.7070903528144826,0.0003367096918164203
0.010212108385258512,0.7070698189595409,0.7070698189595409,0.0005050498706853863
0.006808269968528019,0.7070903528144826,0.7070903528144826,0.0003367096918164203
0.010212108385258512,0.7070698189595409,0.7070698189595409,0.0005050498706853863
0.014296234368433199,0.7070343406742433,0.7070343406742433,0.0007070343406742432
0.02071684504657441,0.706954652924646,0.706954652924646,0.0010245719607603566
0.006808269968528019,0.7070903528144826,0.7070903528144826,0.0003367096918164203
0.010212108385258512,0.7070698189595409,0.7070698189595409,0.0005050498706853863
0.009526602506610892,0.707074614826721,0.707074614826721,0.0004711475027997474
0.012888445933318842,0.707047905614932,0.707047905614932,0.0006374107781067676
0.014296234368433199,0.7070343406742433,0.7070343406742433,0.0007070343406742432
0.057097268168459225,0.7059503977307026,0.7059503977307026,0.00282380159092281
0.011301805315870278,0.7070615096229427,0.7070615096229427,0.0005589419048402709
0.013454170755413782,0.7070426233779765,0.7070426233779765,0.0006653892559551821
0.006495568918910969,0.7070918272707682,0.7070918272707682,0.00032124475365533973
0.008931239047293574,0.7070785097382568,0.7070785097382568,0.0004417032169779215
0.013615590978818967,0.7070410745677504,0.7070410745677504,0.0006733724519692862
0.014296234368433199,0.7070343406742433,0.7070343406742433,0.0007070343406742432
0.00841011307748594,0.7070817127460978,0.7070817127460978,0.00041593041926241044
0.010590292857560647,0.7070670305493013,0.7070670305493013,0.0005237533559624455
0.006216270517939206,0.7070930856211757,0.7070930856211757,0.0003074317763570329
0.010212108385258512,0.7070698189595409,0.7070698189595409,0.0005050498706853863
0.010590292857560647,0.7070670305493013,0.7070670305493013,0.0005237533559624455
0.028583685653052023,0.7068171526471816,0.7068171526471816,0.0014136343052943631
0.006498816565900349,0.7070918123135889,0.7070918123135889,0.0003214053692334495
0.010212108385258512,0.7070698189595409,0.7070698189595409,0.0005050498706853863
0.009104689089883423,0.6303939033549353,0.7762220244553133,0.0
0.018207114392454517,0.6303155328742909,0.7761255246433393,0.0
0.006498816565900349,0.7070918123135889,0.7070918123135889,0.0003214053692334495
0.011913901568585562,0.7070564729130897,0.7070564729130897,0.0005892137274275748
0.007148666443297258,0.7070886689710443,0.7070886689710443,0.00035354433448552214
0.011913901568585562,0.7070564729130897,0.7070564729130897,0.0005892137274275748
0.011913901568585562,0.7070564729130897,0.7070564729130897,0.0005892137274275748
0.021991127671405916,0.7069353603567679,0.7069353603567679,0.0010875928620873352
0.004412827026101261,0.7070998795533178,0.7070998795533178,0.0002182407035658388
0.006619159783117735,0.7070912527959599,0.7070912527959599,0.000327357061479611
0.006808269968528019,0.7070903528144826,0.7070903528144826,0.0003367096918164203
0.014296234368433199,0.7070343406742433,0.7070343406742433,0.0007070343406742432
0.007724079716679218,0.7070856357850263,0.7070856357850263,0.0003820019642274588
0.013629867232396776,0.707040936699356,0.707040936699356,0.0006740784981402956
0.013615590978818967,0.7070410745677504,0.7070410745677504,0.0006733724519692862
0.017869263307451262,0.7069936026686948,0.7069936026686948,0.0008837420033358686
0.016033239874007246,0.7929396574682119,0.6090886684876323,0.0007929396574682119
0.010312778170019752,0.8015377092540105,0.5978552350603926,0.0002552667863866275
0.00641396563608912,0.7930224574788725,0.6091586146674809,0.0001586044914957745
0.011913901568585562,0.7070564729130897,0.7070564729130897,0.0005892137274275748
0.0014441674165800182,0.9999180925875497,0.012716815456086659,7.142272089911069e-05
0.0008424315733483778,0.9999187814224069,0.012716883735565052,4.166328255926695e-05
0.026293220777043175,0.6891892686366411,0.7241038570571955,0.0006501785553175859
0.027869627855845614,0.6891599370881705,0.7240727795010572,0.0006891599370881705
0.0014441674165800182,0.9999180925875497,0.012716815456086659,7.142272089911069e-05
0.019060127242430003,0.7069780134432493,0.7069780134432493,0.0009426373512576658
0.00910643619063493,0.7070773896783799,0.7070773896783799,0.0004503677641263566
0.017814139524630807,0.7929142221645761,0.609072654676707,0.00044050790120254225
0.021991127671405916,0.7069353603567679,0.7069353603567679,0.0010875928620873352
0.021441551900318486,0.6892684834424835,0.7241878852267312,0.0010604130514499746
0.013109540595653672,0.7070459796765216,0.7070459796765216,0.0003243330182002393
0.018218838926342792,0.7929069364580443,0.6090696611790275,0.0009010306096114139
0.14153415676972916,0.6999711017296201,0.6999711017296201,0.0069997110172962005
0.07130607466602853,0.7053024200398471,0.7053024200398471,0.0035265121001992355
0.015001701137543667,0.6457931711856996,0.7633646428915651,0.0007422910013628731
0.007148666443297258,0.7070886689710443,0.7070886689710443,0.00035354433448552214
0.024106272138923183,0.7928126099101838,0.608987382358227,0.0011921994133987726
0.01832729719740935,0.7069877257160876,0.7069877257160876,0.0009063945201488302
0.010590292857560647,0.7070670305493013,0.7070670305493013,0.0005237533559624455
0.012431818708521288,0.7070520036992819,0.7070520036992819,0.0006148278293037234
0.013733108489718229,0.8218131193154825,0.5695912019692035,0.0006791843961284979
0.035721379561627666,0.7066543929105373,0.7066543929105373,0.0017666359822763435
0.04641707811479626,0.6886806841957902,0.7235738388617103,0.0022956022806526343
0.02444913758034475,0.6892190119088283,0.7241394418455422,0.0012091561612435583
0.027734338059610203,0.6590337756739059,0.7516005614154365,0.0013729870326539704
0.016398076196718334,0.6893355473397914,0.7242564751850283,0.0004054914984351714
0.013847526677747744,0.8218116722698957,0.5695908216196625,0.00034242153011245657
0.008664946089572186,0.7070801705140509,0.7070801705140509,0.0004285334366751823
0.009344493128042829,0.7070758895106593,0.7070758895106593,0.00023107055212766642
0.014296234368433199,0.7070343406742433,0.7070343406742433,0.0007070343406742432
0.016033239874007246,0.7929396574682119,0.6090886684876323,0.0007929396574682119
0.013152721631304294,0.9757211892658972,0.21862008966691693,0.0006504807928439315
0.019060127242430003,0.7069780134432493,0.7069780134432493,0.0009426373512576658
0.07123634547348573,0.705310351222631,0.705310351222631,0.0
0.04801430455842453,0.6886324590476317,0.7235152549904239,0.002374594686371144
0.02041121880286541,0.7069593790112697,0.7069593790112697,0.000504978198982321
0.026392697213810143,0.6891861586988999,0.724102313519346,0.0013052768157176134
0.023620907653377075,0.6892351886989354,0.7241525442755645,0.0
0.009375127364558004,0.707075629621709,0.707075629621709,0.0004636561505716124
0.011913901568585562,0.7070564729130897,0.7070564729130897,0.0005892137274275748
0.010590292857560647,0.7070670305493013,0.7070670305493013,0.0005237533559624455
0.003530274025300236,0.7071023641179999,0.7071023641179999,0.00017459317632543205
0.009526653029972033,0.7070746929716997,0.7070746929716997,0.0
0.005954322798273837,0.7070942462076798,0.7070942462076798,0.0
0.010585055910977302,0.7070670697585036,0.7070670697585036,0.0005237533850062989
0.01786042870720717,0.70699371428826,0.70699371428826,0.000883742142860325
0.0037625257011310717,0.7071017638129611,0.7071017638129611,0.0001860794115297266
0.012143381963735527,0.6906473421511304,0.723089750345047,0.0
0.008077531937580618,0.707083656257057,0.707083656257057,0.00039948229167065366
0.02247853574051747,0.6892528268605752,0.7241712644278182,0.0011116981078396376
0.029773635348601647,0.7067925305306029,0.7067925305306029,0.0014724844386054226
0.07130651806159002,0.7053068057526215,0.7053068057526215,0.0
0.006495602983354162,0.7070918636011457,0.7070918636011457,0.0
0.00023775485155859552,0.9999585543038406,0.009101269834724979,5.882109142963768e-06
0.0002887023160743294,0.9999585415736298,0.009101194091742504,7.142561011240214e-06
0.009531365374182891,0.7070745826545172,0.7070745826545172,0.0004713830551030114
0.015876469399991665,0.7070174398808757,0.7070174398808757,0.000785574933200973
0.014296234368433199,0.7070343406742433,0.7070343406742433,0.0007070343406742432
0.014289169040569552,0.7070345888455989,0.7070345888455989,0.0
0.014296237048428702,0.7070344732160585,0.7070344732160585,0.00035351723660802925
0.009928468036938554,0.7070719076751493,0.7070719076751493,0.00024551107905387127
0.009418614972017183,0.689394172036866,0.7243250294429773,0.00046580687299788246
0.05943874855527367,0.7058535206959763,0.7058535206959763,0.0029410563362332344
0.03718937004039886,0.7066164322371677,0.7066164322371677,0.0018401469589509577
0.014296237048428702,0.7070344732160585,0.7070344732160585,0.00035351723660802925
0.017319368880599154,0.7070004614791837,0.7070004614791837,0.0008569702563384045
0.03106360180313312,0.6455572863590257,0.7630794532995283,0.0007685205789988402
0.0006736049219355602,0.9999083452779222,0.0135220938559751,1.666513908796537e-05
0.011913901568585562,0.7070564729130897,0.7070564729130897,0.0005892137274275748
0.017422623459496963,0.68932239206714,0.7242451877552414,0.0
0.07127098872019932,0.7053041931736698,0.7053041931736698,0.0035265209658683484
0.011437411130185074,0.7070605298086717,0.7070605298086717,0.0
0.0028868668811558506,0.9999044120777315,0.013521564521039723,0.0
0.011908011817329272,0.7070566145865971,0.7070566145865971,0.00029460692274441543
0.1473848709953424,0.6388379366250369,0.7550831045451634,0.003646335254709114
0.01485378022867661,0.5879774459644378,0.8087409277698605,0.0
0.0695323964444,0.687758619628091,0.7225935937122538,0.0034387930981404553
0.02856956085121457,0.7068174381794797,0.7068174381794797,0.0014136348763589593
0.007145131180491689,0.7070886868373765,0.7070886868373765,0.00035354434341868825
0.023810956456820288,0.7069061788269259,0.7069061788269259,0.0005890884823557716
0.007145131180491689,0.7070886868373765,0.7070886868373765,0.00035354434341868825
0.014289168147678919,0.7070345446649638,0.7070345446649638,0.00035351727233248195
0.014289165469008023,0.7070344121231085,0.7070344121231085,0.0007070344121231085
0.018643834902440058,0.6457538066159347,0.7633178996375558,0.00046125271901138195
0.025602804775290252,0.6590694284704544,0.7516451146480385,0.001267465582935161
0.024620752433759777,0.6456704002915726,0.7632189605257874,0.000609123019142993
0.01980329246576023,0.5879255556386015,0.8086720042623752,0.000979875926064336
0.00840595406726272,0.7070817374738557,0.7070817374738557,0.00041593043380815044
0.009526651971551274,0.7070746144149882,0.7070746144149882,0.0004713830762766588
0.025974188429514492,0.7068680671070248,0.7068680671070248,0.0006426073337336589
0.0057161578306373,0.70709522892594,0.70709522892594,0.0
0.01786042870720717,0.70699371428826,0.70699371428826,0.000883742142860325
0.02040082431698994,0.7069592585095523,0.7069592585095523,0.001009941797870789
0.011865501664264361,0.6458214661400692,0.7633961996029875,0.0002935552118818496
0.024165093977986864,0.6456779192534837,0.7632271715531318,0.0005978499252347071
0.022190458957745962,0.659122543299385,0.7517072898815054,0.0010985375721656418
0.016810127975770976,0.7070068668681508,0.7070068668681508,0.0
0.006213196539098846,0.7070931241923476,0.7070931241923476,0.00015371589656355383
0.011431753556505895,0.7070604624261438,0.7070604624261438,0.0005656483699409151
0.011908010267027204,0.7070565225350146,0.7070565225350146,0.0005892137687791788
0.0031741077837006276,0.7071032191412289,0.7071032191412289,0.0
0.032464780274827694,0.6589386095385819,0.7514953766686476,0.0008035836701690023
0.02048430843295321,0.659148538684138,0.7517335565023869,0.0005070373374493369
0.009905253916774936,0.781735774233351,0.62353107795449,0.0002450582364367872
0.009923557401797081,0.7070718782082037,0.7070718782082037,0.0004910221376445859
0.10604367252392105,0.7031099514203574,0.7031099514203574,0.005247089189704159
0.01662893363045122,0.7816668455679694,0.6234739321691296,0.0008228072058610203
0.009526651971551274,0.7070746144149882,0.7070746144149882,0.0004713830762766588
0.0138661945524028,0.7070386331175685,0.7070386331175685,0.0006864452748714258
0.009339871372206461,0.7070758634080102,0.7070758634080102,0.0004621410871947779
0.015876469399991665,0.7070174398808757,0.7070174398808757,0.000785574933200973
0.015876469399991665,0.7070174398808757,0.7070174398808757,0.000785574933200973
0.02381094406232564,0.7069058108557835,0.7069058108557835,0.001178176351426306
0.02856956085121457,0.7068174381794797,0.7068174381794797,0.0014136348763589593
0.11825095794738269,0.7021333475351769,0.7021333475351769,0.005851111229459807
0.005051973608268975,0.9998958155900989,0.013521091166317112,0.00012498697694876237
0.005292750886338008,0.7070968527022573,0.7070968527022573,0.00026188772322305825
0.023228584512573765,0.7815654363458763,0.6233903843607006,0.0005746804679013797
0.03261509790668874,0.6455239565895842,0.763041592886718,0.0016138098914739605
0.010040243270297155,0.6458345497964524,0.7634112135659342,0.0004967958075357326
0.017783592355500314,0.9679342697204526,0.25057178422326915,0.0008799402452004115
0.012990381157080122,0.707046970449685,0.707046970449685,0.0006427699731360773
0.019803299596114026,0.5879257673264926,0.808672295432013,0.0004899381394387438
0.0057133294849374084,0.7070952332843328,0.7070952332843328,0.00014141904665686654
0.026097232867370118,0.6456514811323631,0.7631858767576986,0.0006456514811323631
0.01786042870720717,0.70699371428826,0.70699371428826,0.000883742142860325
0.1413969628258574,0.6999849644844426,0.6999849644844426,0.006999849644844426
0.010349847870892161,0.7070688149421377,0.7070688149421377,0.0005123687064798099
0.01020705841286319,0.7070698554185287,0.7070698554185287,0.0005050498967275205
0.019478435294780664,0.6457472363930254,0.7633021474719169,0.0009638018453627245
0.00840595406726272,0.7070817374738557,0.7070817374738557,0.00041593043380815044
0.01786042870720717,0.70699371428826,0.70699371428826,0.000883742142860325
0.031198834504512402,0.7067617163002413,0.7067617163002413,0.0015444967576491288
0.014289165469008023,0.7070344121231085,0.7070344121231085,0.0007070344121231085
0.02899454456193845,0.6455984687220339,0.7631260832947205,0.0007173316319133709
0.006081005606172028,0.7070936751362823,0.7070936751362823,0.0003008909255899074
0.009526651971551274,0.7070746144149882,0.7070746144149882,0.0004713830762766588
0.01902160042242447,0.6591643710741153,0.7517581319422836,0.00047083169362436807
0.006351261825660679,0.7070924843016589,0.7070924843016589,0.00031426332635629286
0.02007751955633061,0.6457391247706529,0.7632934488231319,0.000993444807339466
0.030253515184418055,0.6589874594625714,0.7515452435416327,0.0
0.017401330454314853,0.6457693142373151,0.7633337704585992,0.0008610257523164202
0.01584375517183088,0.5879671637245503,0.8087292347976613,0.0007839562182994003
0.014403728322394518,0.5879800032644966,0.808746895156873,0.000712703034259996
0.016314077930788567,0.6457824020104331,0.7633470882964325,0.0004036140012565207
0.000898139733971319,0.9999081649853873,0.013522313619633495,4.444036288823944e-05
0.009526651971551274,0.7070746144149882,0.7070746144149882,0.0004713830762766588
0.012425671379740691,0.707052057728936,0.707052057728936,0.0006148278762860312
0.0067230997757696314,0.7817557878801897,0.6235483761354831,0.00033266203739582543
0.031712950705840744,0.5877487786432315,0.8084213297447844,0.0007845856186501916
0.013473827543480851,0.7070424354499852,0.7070424354499852,0.000667021165518854
0.014112364053415817,0.6147960577725703,0.7885597799193813,0.0003493159419162331
0.00018372627149620605,0.9999945504494144,0.0032962547640677563,4.545429774770066e-06
0.009526651971551274,0.7070746144149882,0.7070746144149882,0.0004713830762766588
0.09469869059695431,0.6563275585927527,0.748494700035135,0.004688053989948233
0.01611272327218412,0.6457845546991161,0.7633492342496491,0.0007972648823445878
0.0204109195285347,0.7069591128141658,0.7069591128141658,0.0010099415897345226
0.020695782586131417,0.614726215429646,0.7884683347839117,0.0010245436923827433
0.013510159566417202,0.8021866145324416,0.5969204296504986,0.0003342444227218506
0.0009185519889327888,0.9999081522276771,0.0135219397440571,2.2725185277901755e-05
0.0051776943808727474,0.707097302880197,0.707097302880197,0.0
0.007597416880299042,0.7070863235129802,0.7070863235129802,0.0003761097465494575
0.008931285421560351,0.7070785093763762,0.7070785093763762,0.0004419240683602351
0.013602126022731104,0.7070412041518643,0.7070412041518643,0.0006733725753827279
0.007145131180491689,0.7070886868373765,0.7070886868373765,0.00035354434341868825
0.00821272696333665,0.7070828756163172,0.7070828756163172,0.0004063694687450099
0.015364448441206326,0.7070231098625375,0.7070231098625375,0.0007602399030779973
0.0009622925174371182,0.999908108173156,0.013522090649528312,4.761467181776933e-05
0.025386843060347625,0.6456624113319486,0.7632006055504902,0.0006280762756147359
0.015876469399991665,0.7070174398808757,0.7070174398808757,0.000785574933200973
0.0216494427246097,0.6591290730512359,0.7517179521096039,0.0005358772951636065
0.004488435085781435,0.9998989052483394,0.013491969228150925,0.0
0.0028025107023110993,0.9989147057742531,0.046492542646112495,0.0
0.00840595406726272,0.7070817374738557,0.7070817374738557,0.00041593043380815044
0.01697521732339911,0.5879590364363868,0.8087124563738314,0.0004199707403117049
0.018593339867884005,0.993607474384697,0.11134843761553692,0.0
0.042069521143124754,0.6453019076877127,0.7627676710774469,0.001040809528528569
0.022630983154704482,0.5878904580019719,0.8086237286331123,0.0005598956742875923
0.015694278533906966,0.7070194785076901,0.7070194785076901,0.0007769444818765826
0.012638713203734237,0.7817116033977138,0.6235119359484981,0.00031268464135908555
0.008660661076715242,0.7070801967629959,0.7070801967629959,0.0004285334525836339
0.01786042870720717,0.70699371428826,0.70699371428826,0.000883742142860325
0.012152685941685448,0.781716562305348,0.6235151697077218,0.0006013204325425753
0.0012630085109161216,0.9999077770736243,0.013521877857838755,3.124711803355076e-05
0.03398880732550405,0.7066979740946386,0.7066979740946386,0.0008413071120174269
0.012419526396924962,0.7070522453694904,0.7070522453694904,0.0
0.01974569824409373,0.7816209102065801,0.6234403785035234,0.0009770261377582252
0.005493592862535177,0.7070961110193792,0.7070961110193792,0.0
0.012990383840589974,0.707047116509103,0.707047116509103,0.0
0.007938986992590949,0.7070844426849929,0.7070844426849929,0.0003928246903805516
0.007145131180491689,0.7070886868373765,0.7070886868373765,0.00035354434341868825
0.014610350491998837,0.6147919761484659,0.7885538871483571,0.0003616423389108623
0.007145131180491689,0.7070886868373765,0.7070886868373765,0.00035354434341868825
0.005582189393333642,0.7070957371070818,0.7070957371070818,0.00027620927230745385
0.012990381157080122,0.707046970449685,0.707046970449685,0.0006427699731360773
0.019021602530802637,0.659164444136725,0.7517582152681024,0.0
0.01970737362960363,0.7069691183306597,0.7069691183306597,0.0009751298183871168
0.007724433211863745,0.7070856725357708,0.7070856725357708,0.0001911042358204786
0.022118294907469898,0.6457097474224265,0.7632617541523297,0.001094423300715977
0.014289169040569552,0.7070345888455989,0.7070345888455989,0.0
0.012758448261282269,0.7070490872160387,0.7070490872160387,0.0006312938278714631
0.009521939361707522,0.7070747050772912,0.7070747050772912,0.00023569156835909704
0.011157242438941539,0.9937177827854909,0.11135711886981187,0.00027603271744041415
0.02597417234069432,0.7068676292618444,0.7068676292618444,0.0012852138713851716
0.024631533766818908,0.7068921120611067,0.7068921120611067,0.0006093897517768161
0.014289165469008023,0.7070344121231085,0.7070344121231085,0.0007070344121231085
0.019857664429327192,0.6457425563064735,0.7632967855160087,0.0004912831377864224
0.016810122160764385,0.7070066222983536,0.7070066222983536,0.0008317724968215925
0.020077529463917082,0.6457394434213807,0.7632938254829991,0.0
0.013608858501700462,0.7070411393758281,0.7070411393758281,0.0006733725136912649
0.019834361427057176,0.7069673379941172,0.7069673379941172,0.000981899080547385
0.02372599021341512,0.6456850379702285,0.7632349340646993,0.0005869863981547532
0.008033452471693148,0.993747213222804,0.11136328770260032,0.0003974988852891216
0.01278412902091956,0.7070489961965778,0.7070489961965778,0.0
0.015339717237777762,0.7070235827308256,0.7070235827308256,0.0
0.008931286075654998,0.7070785611602176,0.7070785611602176,0.00022096205036256801
0.060320633120728495,0.644693555372457,0.762051659989332,0.0029846923859835972
0.0004124112344862615,0.9999084853946965,0.013522231792791746,0.0
0.0016166500647767411,0.9999072642112451,0.013521945915381509,7.99925811368996e-05
0.024165093977986864,0.6456779192534837,0.7632271715531318,0.0005978499252347071
0.007517448625631813,0.7070867519158636,0.7070867519158636,0.0003721509220609808
0.010876856999073186,0.6458302028148354,0.7634035912372762,0.0
0.0016840102934419594,0.9999071509798868,0.01352207770508467,8.332559591499058e-05
0.01755247545892841,0.7816540283540608,0.623464623104718,0.0008685044759489565
0.00018363539152999083,0.9999947063514352,0.0032486191664971398,4.545430483415615e-06
0.01058505736281121,0.7070671667389973,0.7070671667389973,0.0
0.06203741934990811,0.6446243475250224,0.7619766751720777,0.001534819875059577
0.0005052037404886036,0.9999084423327136,0.013522261819886453,1.249885552915892e-05
0.0011226762862934175,0.9999079402767405,0.013522110915860646,5.5550533710708435e-05
0.15232371749949417,0.6988349869645274,0.6988349869645274,0.007537046882706292
0.009721056050328,0.707073349529053,0.707073349529053,0.00024050113929559622
0.013110655323530151,0.7817090383401203,0.6235054008463401,0.00032436059682162667
0.00821272696333665,0.7070828756163172,0.7070828756163172,0.0004063694687450099
0.010579818963522954,0.7070671089483163,0.7070671089483163,0.0005237534140357898
0.06528165952742516,0.7055975114879146,0.7055975114879146,0.001615083115473161
0.011426099182428043,0.7070605929720324,0.7070605929720324,0.00028282423718881296
0.029581632255182195,0.6589967581599994,0.751563836122874,0.0
0.0006732718891641807,0.9999087462834367,0.013492435319433267,0.0
0.022118294907469898,0.6457097474224265,0.7632617541523297,0.001094423300715977
0.02856956085121457,0.7068174381794797,0.7068174381794797,0.0014136348763589593
0.03802284346122677,0.6588116441301669,0.7513464453457069,0.0
0.016415663918829065,0.7070112677911529,0.7070112677911529,0.0008126566296450033
0.05922779599580582,0.6447360276633983,0.7621072908812124,0.0
0.017002508839980734,0.6457756450058987,0.7633377719380564,0.00042064593864375895
0.001208620663160111,0.9999078420602204,0.013522079077047633,0.0
0.004811409115712518,0.9998969958432743,0.013520035808080845,0.00023807071329601769
0.017640003837288552,0.7069966901634699,0.7069966901634699,0.00043641770997745056
6.648020535260279e-05,0.9999991304894235,0.0013170383285044584,3.289470823978367e-06
0.015876469399991665,0.7070174398808757,0.7070174398808757,0.000785574933200973
0.025093919461422882,0.6456624502691687,0.7632102659749037,0.0006208292791049699
0.00732832993238768,0.7070877470636306,0.7070877470636306,0.0003626091010582721
0.04075702704780754,0.6453364005590506,0.7628077922233153,0.002016676251747033
0.016801806784476892,0.7070067211289781,0.7070067211289781,0.0008317726130929155
0.003435226807881154,0.70710259875238,0.70710259875238,0.0001699765862385529
0.006351261825660679,0.7070924843016589,0.7070924843016589,0.00031426332635629286
0.0290449286562225,0.5877969233248393,0.8084866434856275,0.0007185781458738867
0.000808325827202164,0.9999082474049531,0.013521959211306661,0.0
0.013980228162598588,0.5879858455323503,0.808750319347873,0.00034587402678373547
0.010868831724848926,0.9680305346228634,0.25059621567678647,0.0005377947414571463
0.17576324885492764,0.6960920746729807,0.6960920746729807,0.004350575466706129
0.0004539126189359033,0.9999560169627572,0.009367902559811323,2.2470921729500163e-05
0.013316356988894497,0.6592255935096286,0.7518270126299261,0.0006592255935096285
0.017401330454314853,0.6457693142373151,0.7633337704585992,0.0008610257523164202
0.0047749246763971335,0.9998975931267263,0.013490344122870514,0.00011819120486131517
0.02549803859801458,0.706876317568721,0.706876317568721,0.0012622791385155732
0.011087911589413297,0.9875428431936631,0.15695896222737507,0.0002743174564426842
0.017401335292095636,0.6457694937690117,0.7633339826746395,0.0004305129958460078
0.004488434974978287,0.9998988805644698,0.013491968895083247,0.00022219975123654887
0.031692768813699014,0.6589585594927518,0.75151085812246,0.0007844744755866093
0.014573510282725287,0.7070316869837021,0.7070316869837021,0.0
0.02475149098919375,0.5878632199313706,0.8085813647147698,0.0006123575207618444
0.027183807289503446,0.6456322364651981,0.7631642048450502,0.000672533579651248
0.06203741934990811,0.6446243475250224,0.7619766751720777,0.001534819875059577
0.011908012334096765,0.707056645270466,0.707056645270466,0.0
0.07127143189981765,0.7053085789195215,0.7053085789195215,0.0
0.004394898060572467,0.7070999354881443,0.7070999354881443,0.00021756921091942903
0.007145131180491689,0.7070886868373765,0.7070886868373765,0.00035354434341868825
0.006655745986283152,0.9884771266757155,0.15122382068636214,0.00016474618777928592
0.008931285421560351,0.7070785093763762,0.7070785093763762,0.0004419240683602351
0.02856956085121457,0.7068174381794797,0.7068174381794797,0.0014136348763589593
0.038363237033753245,0.6453983469310294,0.7628798283767982,0.0018982304321500864
0.02853939028745161,0.982850848098284,0.18218044240396497,0.0
0.008660661871941236,0.7070802616874339,0.7070802616874339,0.0
0.004645502206819506,0.9998978030512049,0.013520457189763649,0.0
0.03597023424895611,0.6588607263422653,0.7514039478233668,0.0008903523328949532
0.007724432788709723,0.7070856338007416,0.7070856338007416,0.00038220845070310357
0.024206578144212263,0.6590899989760765,0.751674168650425,0.0005991727263418877
0.017002508839980734,0.6457756450058987,0.7633377719380564,0.00042064593864375895
0.06992054010450999,0.6576684465275693,0.7500535562003104,0.0017307064382304452
0.012983954541218323,0.7070470294722849,0.7070470294722849,0.0006427700267929862
0.01020705841286319,0.7070698554185287,0.7070698554185287,0.0005050498967275205
0.011902120513764079,0.7070566641840047,0.7070566641840047,0.00029460694341000197
0.014361877736541092,0.7816954730428105,0.6234945219439101,0.0007106322482207368
0.02640037096223454,0.5878360679369393,0.8085489169116622,0.0006531511865965992
0.11825247611948662,0.7021423619167934,0.7021423619167934,0.002925593174653306
0.02007752698701909,0.6457393637586545,0.7632937313179801,0.0004967225875066574
0.019308057281033155,0.7069748831254099,0.7069748831254099,0.00047768573184149316
0.009401312467954464,0.7070754552840566,0.7070754552840566,0.0004651812205816162
0.07914334368085399,0.7048887611357604,0.7048887611357604,0.0
0.02379916897365831,0.7069060091185636,0.7069060091185636,0.0011781766818642727
0.010992126267322063,0.7070640350083465,0.7070640350083465,0.00027194770577244095
0.019478164038329557,0.9830641919394433,0.18222347722548093,0.0
0.026097216548818265,0.645651077407676,0.7631853995389694,0.001291302154815352
0.008879221948563183,0.6458414777035071,0.7634197744810667,0.0004393479440159912
0.010243727169374292,0.6592497683260682,0.7518540761676247,0.0005071152064046679
0.039139139738519645,0.6587775995592415,0.7513164764855632,0.00193758117517424
0.032944260459159505,0.6455184137470145,0.7630321067950505,0.0016300970044116527
0.0015137175408229677,0.9999074304792983,0.013521594638533911,7.489943299470399e-05
0.016644681625228405,0.6591953118902338,0.7517875333866159,0.0
0.024206578144212263,0.6590899989760765,0.751674168650425,0.0005991727263418877
0.012425673141142039,0.7070521579571175,0.7070521579571175,0.0003074139817204859
0.006081005606172028,0.7070936751362823,0.7070936751362823,0.0003008909255899074
0.001393664313166887,0.9999075972746096,0.013522198672384704,6.895914463962825e-05
0.11825095794738269,0.7021333475351769,0.7021333475351769,0.005851111229459807
0.019050712754775854,0.7069784545315136,0.7069784545315136,0.0
0.023043279732431525,0.7069190219746435,0.7069190219746435,0.0
0.019572452811222926,0.7069713286587203,0.7069713286587203,0.0
0.033972397463471436,0.6454923615028714,0.763008952629605,0.0016809696914137275
0.007509544289743671,0.7070867940144783,0.7070867940144783,0.00037175961830414214
0.012103820414488846,0.707054855895883,0.707054855895883,0.0005991990304202399
0.010323667464355228,0.7070690067789831,0.7070690067789831,0.0005110726467502588
0.010919497946831199,0.7070645205175845,0.7070645205175845,0.0005405692052886732
0.033275698681109946,0.6589247263586128,0.75147070417568,0.001647311815896532
0.008506018487002324,0.7070812003049928,0.7070812003049928,0.0
0.010133013449364566,0.8022177891629543,0.596945298499701,0.0005013861182268464
0.003378379774219112,0.7071027434412095,0.7071027434412095,8.358188456751885e-05
0.05430741463986069,0.6449173435708345,0.7623191716567086,0.0013435777991059052
0.008660661076715242,0.7070801967629959,0.7070801967629959,0.0004285334525836339
0.0034668618765459525,0.707102521354917,0.707102521354917,0.0001716268255715818
0.009463567244176914,0.7070750390255883,0.7070750390255883,0.000468261615248734
0.013602126022731104,0.7070412041518643,0.7070412041518643,0.0006733725753827279
0.014282096567440348,0.7070344835366509,0.7070344835366509,0.0007070344835366509
0.0002886878762554494,0.9999085273568262,0.013522334391747708,7.1422037668344735e-06
