work_year,salary,salary_in_usd,remote_ratio
0.9059944571329911,-0.16482683909366422,-0.8203911752011167,1.1059182539114965
0.9059944571329911,-0.23927735073413398,-1.7061874477890269,1.1059182539114965
0.9059944571329911,-0.24597789678177626,-1.7775625122803262,1.1059182539114965
0.9059944571329911,-0.02337086697677166,0.5936757413750637,1.1059182539114965
0.9059944571329911,-0.1052664297812884,-0.2786861579630396,1.1059182539114965
0.9059944571329911,0.04691041601183179,1.3423208622615814,-0.9524326969869764
0.9059944571329911,-0.08144226605633807,-0.024908150882864077,-0.9524326969869764
0.9059944571329911,0.04214558326684173,1.2915652608455463,-0.9524326969869764
0.9059944571329911,-0.0739972148922911,0.05439747632969077,-0.9524326969869764
0.9059944571329911,-0.0649142524721538,0.1511503415290077,-0.9524326969869764
0.9059944571329911,-0.14889442960260368,-0.743417133428611,-0.9524326969869764
0.9059944571329911,-0.09037632745319445,-0.12007490353792989,1.1059182539114965
0.9059944571329911,-0.1350466344374763,-0.595908666813259,1.1059182539114965
0.9059944571329911,0.03419426862363956,1.2068668509825378,-0.9524326969869764
0.9059944571329911,-0.0892446796762593,-0.10802044820162156,-0.9524326969869764
0.9059944571329911,-0.0649142524721538,0.1511503415290077,-0.9524326969869764
0.9059944571329911,-0.14889442960260368,-0.743417133428611,-0.9524326969869764
0.9059944571329911,-0.030815918140818636,0.5143701141625089,-0.9524326969869764
0.9059944571329911,-0.06059612279700654,0.1971476053122895,-0.9524326969869764
0.9059944571329911,-0.06059612279700654,0.1971476053122895,1.1059182539114965
0.9059944571329911,-0.12015653210938235,-0.4372974123881493,1.1059182539114965
0.9059944571329911,0.12553015630416786,2.179788285626161,-0.9524326969869764
0.9059944571329911,-0.024859877209581056,0.5778146159325528,-0.9524326969869764
0.9059944571329911,0.058524695827745075,1.466037640713167,1.1059182539114965
0.9059944571329911,-0.07072139238011042,0.0892919523032149,1.1059182539114965
0.9059944571329911,0.0510796446636981,1.3867320135006123,-0.9524326969869764
0.9059944571329911,-0.051066457307026414,0.2986588081443597,-0.9524326969869764
0.9059944571329911,0.013854388843463218,0.990203877437838,-0.9524326969869764
0.9059944571329911,-0.09037632745319445,-0.12007490353792989,-0.9524326969869764
0.9059944571329911,-0.14993673676557026,-0.7545199212383686,-0.9524326969869764
0.9059944571329911,-0.17673892095613936,-1.0400201792035662,-0.9524326969869764
0.9059944571329911,0.09306973322892305,1.8340157509794215,-0.9524326969869764
0.9059944571329911,-0.14889442960260368,-0.743417133428611,-0.9524326969869764
0.9059944571329911,0.22649994019097294,3.2553312018828295,-0.9524326969869764
0.9059944571329911,-0.009091258844129561,0.7457839343687439,-0.9524326969869764
0.9059944571329911,-0.0419834948868891,0.3954116733436766,-0.9524326969869764
0.9059944571329911,-0.09037632745319445,-0.12007490353792989,-0.9524326969869764
0.9059944571329911,-0.12703575938496176,-0.51057581193255,-0.9524326969869764
0.9059944571329911,-0.18790649770220982,-1.1589786200223984,-0.9524326969869764
0.9059944571329911,-0.1350466344374763,-0.595908666813259,1.1059182539114965
0.9059944571329911,-0.23927735073413398,-1.7061874477890269,1.1059182539114965
-0.5404380201352825,2.1729192264170862,-1.8491913547787058,0.07674277846226003
0.9059944571329911,0.020733616119042626,1.0634822769822387,-0.9524326969869764
0.9059944571329911,-0.11914400515107196,-0.4265118470872418,-0.9524326969869764
0.9059944571329911,0.11913187933378588,2.111633029599691,-0.9524326969869764
0.9059944571329911,0.04584428468514026,1.3309642964447437,-0.9524326969869764
0.9059944571329911,0.032839269311783006,1.1924332268298528,1.1059182539114965
0.9059944571329911,-0.008480764648677709,0.7522869958001734,1.1059182539114965
0.9059944571329911,0.10617302327764572,1.973593654873518,1.1059182539114965
0.9059944571329911,0.080859849319886,1.7039545223508317,1.1059182539114965
0.9059944571329911,0.12597685937401068,2.184546623258914,1.1059182539114965
0.9059944571329911,-0.010714279997891802,0.728495307636407,1.1059182539114965
0.9059944571329911,0.04140107815043703,1.283634698124291,1.1059182539114965
0.9059944571329911,0.012511301613469144,0.9758971422886931,1.1059182539114965
0.9059944571329911,0.018768122611734224,1.042545591398124,1.1059182539114965
0.9059944571329911,-0.09990599294317458,-0.2215861063700001,1.1059182539114965
0.9059944571329911,-0.002360932591831095,0.8174762213688935,-0.9524326969869764
0.9059944571329911,-0.07697523535790989,0.02267522544466883,-0.9524326969869764
0.9059944571329911,0.10133374002101518,1.9220449971853575,-0.9524326969869764
0.9059944571329911,-0.008480764648677709,0.7522869958001734,-0.9524326969869764
0.9059944571329911,0.06075821117695917,1.4898293288769335,1.1059182539114965
0.9059944571329911,-0.036771959072056215,0.45092561239246504,1.1059182539114965
0.9059944571329911,-0.02709339255879515,0.5540229277687864,1.1059182539114965
0.9059944571329911,-0.11941202699297765,-0.4293668496668938,1.1059182539114965
0.9059944571329911,0.07043677769022023,1.5929266442532548,-0.9524326969869764
0.9059944571329911,-0.021881856743962265,0.6095368668175747,-0.9524326969869764
0.9059944571329911,0.06894776745741084,1.5770655188107439,1.1059182539114965
0.9059944571329911,0.016013453681036842,1.013202509329479,1.1059182539114965
0.9059944571329911,0.17675210831281105,2.725411000848538,-0.9524326969869764
0.9059944571329911,-0.047046129678441045,0.34148384683913935,-0.9524326969869764
0.9059944571329911,-0.11271148094533537,-0.35799178517559443,-0.9524326969869764
0.9059944571329911,-0.16259332374445012,-0.8893394874997119,-0.9524326969869764
0.9059944571329911,0.06894776745741084,1.5770655188107439,1.1059182539114965
0.9059944571329911,0.016013453681036842,1.013202509329479,1.1059182539114965
0.9059944571329911,0.13297520746821484,2.2590939128387157,-0.9524326969869764
0.9059944571329911,0.02874449117155717,1.1488151318629476,-0.9524326969869764
0.9059944571329911,0.13312410849149578,2.2606800253829666,1.1059182539114965
0.9059944571329911,-0.03364503758315649,0.48423397582173805,1.1059182539114965
0.9059944571329911,0.00417582233020215,0.8871065620615167,1.1059182539114965
0.9059944571329911,-0.07697523535790989,0.02267522544466883,1.1059182539114965
0.9059944571329911,0.47544756101437574,-1.1500646675237072,-0.9524326969869764
0.9059944571329911,-0.06059612279700654,0.1971476053122895,1.1059182539114965
0.9059944571329911,-0.18716199258580513,-1.0756918503237733,1.1059182539114965
-0.5404380201352825,0.16275541212440273,2.576316421688935,0.07674277846226003
0.9059944571329911,-0.14993673676557026,-0.6501854380775315,1.1059182539114965
0.9059944571329911,-0.0071406554391492535,0.7665620086984333,-0.9524326969869764
0.9059944571329911,-0.09141863461616102,-0.13117769134768759,-0.9524326969869764
0.9059944571329911,0.0510796446636981,1.3867320135006123,1.1059182539114965
0.9059944571329911,-0.02337086697677166,0.5936757413750637,1.1059182539114965
0.9059944571329911,-0.008480764648677709,0.7522869958001734,-0.9524326969869764
0.9059944571329911,-0.07548622512510049,0.0385363508871798,-0.9524326969869764
0.9059944571329911,-0.21694219724199304,-1.4161033245709438,-0.9524326969869764
0.9059944571329911,-0.2303432893372776,-1.5692900740947147,-0.9524326969869764
0.9059944571329911,-0.12760158327342933,-0.5166030396007042,-0.9524326969869764
0.9059944571329911,-0.17971694142175815,-1.071742430088588,-0.9524326969869764
0.9059944571329911,-0.04094714376485376,0.4064510166516643,-0.9524326969869764
0.9059944571329911,-0.0667233999050172,0.13187907411635685,-0.9524326969869764
0.9059944571329911,0.03916756280122294,1.2598430099605245,1.1059182539114965
0.9059944571329911,-0.008480764648677709,0.7522869958001734,1.1059182539114965
0.9059944571329911,0.018023617495329526,1.0346150286768687,-0.9524326969869764
0.9059944571329911,-0.1286438904363959,-0.5277058274104618,-0.9524326969869764
0.9059944571329911,-0.06804117396105351,0.11784197809973465,-0.9524326969869764
0.9059944571329911,-0.18716199258580513,-1.151048057301143,-0.9524326969869764
0.9059944571329911,-0.03826096930486561,0.43506448694995403,-0.9524326969869764
0.9059944571329911,-0.08695160391773284,-0.08359431502015467,-0.9524326969869764
0.9059944571329911,-0.017161694305956484,0.6598166344703345,-0.9524326969869764
0.9059944571329911,-0.14353399276448986,-0.6863170818355715,-0.9524326969869764
0.9059944571329911,-0.05687359721498305,0.23680041891856693,-0.9524326969869764
0.9059944571329911,-0.11055241610776174,-0.3349931532839535,-0.9524326969869764
0.9059944571329911,0.08428457285534761,1.740435110868607,-0.9524326969869764
0.9059944571329911,-0.08471808856851874,-0.059802626856388215,-0.9524326969869764
0.9059944571329911,0.018321419541891405,1.037787253765371,-0.9524326969869764
0.9059944571329911,-0.08590929675476626,-0.07249152721039699,-0.9524326969869764
0.9059944571329911,0.043634593499651125,1.3074263862880573,0.07674277846226003
-0.5404380201352825,-0.20354110514670848,-1.2852966230465557,1.1059182539114965
0.9059944571329911,-0.06059612279700654,0.1971476053122895,-0.9524326969869764
0.9059944571329911,-0.1052664297812884,-0.2786861579630396,-0.9524326969869764
0.9059944571329911,0.14756750774974692,2.414532942175323,-0.9524326969869764
0.9059944571329911,0.03470053210279475,1.2122596336329916,-0.9524326969869764
0.9059944571329911,-0.016193837654630377,0.6701263660079666,-0.9524326969869764
0.9059944571329911,-0.06973864562645622,0.09976029509527215,-0.9524326969869764
0.9059944571329911,0.1377400402132049,2.3098495142547506,1.1059182539114965
0.9059944571329911,-0.0028225257640020073,0.8125592724817151,1.1059182539114965
0.9059944571329911,0.14756750774974692,2.414532942175323,-0.9524326969869764
0.9059944571329911,0.03499833414935663,1.2154318587214938,-0.9524326969869764
0.9059944571329911,-0.0071406554391492535,0.7665620086984333,-0.9524326969869764
0.9059944571329911,-0.09141863461616102,-0.13117769134768759,-0.9524326969869764
0.9059944571329911,0.09128292094955177,1.8149824004484085,-0.9524326969869764
0.9059944571329911,-0.09186533768600384,-0.13593602898044085,-0.9524326969869764
0.9059944571329911,-0.05315107163295957,0.27645323252484433,-0.9524326969869764
0.9059944571329911,-0.07548622512510049,0.0385363508871798,-0.9524326969869764
0.9059944571329911,-0.04302580204985568,0.38430888553391895,1.1059182539114965
0.9059944571329911,-0.07310380875260546,0.06391415159519735,1.1059182539114965
0.9059944571329911,0.22574054497224016,3.247242027907149,-0.9524326969869764
0.9059944571329911,-0.021732955720681325,0.6111229793618258,-0.9524326969869764
0.9059944571329911,-0.1350466344374763,-0.595908666813259,1.1059182539114965
0.9059944571329911,-0.17971694142175815,-1.071742430088588,1.1059182539114965
0.9059944571329911,-0.15738178792961724,-0.8338255484509235,-0.9524326969869764
0.9059944571329911,-0.18716199258580513,-1.151048057301143,-0.9524326969869764
0.9059944571329911,-0.07729686156819672,0.01924922234908646,1.1059182539114965
0.9059944571329911,-0.15995777563237748,-0.8612652954664675,1.1059182539114965
0.9059944571329911,-0.17227189025771117,-0.9924368028760332,-0.9524326969869764
0.9059944571329911,-0.17971694142175815,-1.071742430088588,-0.9524326969869764
0.9059944571329911,0.0205549348911055,1.0615789419291373,-0.9524326969869764
0.9059944571329911,-0.07712413638119082,0.021089112900417734,-0.9524326969869764
0.9059944571329911,0.19000429938481467,2.866575017286886,1.1059182539114965
0.9059944571329911,0.03202031368373784,1.1837096078364717,1.1059182539114965
0.9059944571329911,-0.14249168560152328,-0.6752142940258138,1.1059182539114965
0.9059944571329911,-0.17227189025771117,-0.9924368028760332,1.1059182539114965
0.9059944571329911,0.006409337679416243,0.9108982502252831,-0.9524326969869764
0.9059944571329911,-0.04570602046891259,0.3557588597373992,-0.9524326969869764
0.9059944571329911,0.058524695827745075,1.466037640713167,-0.9524326969869764
0.9059944571329911,-0.07072139238011042,0.0892919523032149,-0.9524326969869764
0.9059944571329911,-0.1350466344374763,-0.595908666813259,1.1059182539114965
0.9059944571329911,-0.17971694142175815,-1.071742430088588,1.1059182539114965
0.9059944571329911,-0.12760158327342933,-0.5166030396007042,0.07674277846226003
0.9059944571329911,2.247369738057556,-1.8541717481676543,1.1059182539114965
0.9059944571329911,-0.2273652688716588,-1.4495861603800844,-0.9524326969869764
0.9059944571329911,-0.231832299570087,-1.507399962618037,-0.9524326969869764
0.9059944571329911,-0.06804117396105351,0.11784197809973465,-0.9524326969869764
0.9059944571329911,-0.11271148094533537,-0.35799178517559443,-0.9524326969869764
0.9059944571329911,-0.03319833451331367,0.48899231345449135,-0.9524326969869764
0.9059944571329911,-0.12730378122686745,-0.513430814512202,-0.9524326969869764
0.9059944571329911,0.17675210831281105,2.725411000848538,-0.9524326969869764
0.9059944571329911,-0.047046129678441045,0.34148384683913935,-0.9524326969869764
0.9059944571329911,-0.001035713484630733,0.8315926230127283,-0.9524326969869764
0.9059944571329911,-0.06059612279700654,0.1971476053122895,-0.9524326969869764
0.9059944571329911,-0.0419834948868891,0.3954116733436766,-0.9524326969869764
0.9059944571329911,-0.09037632745319445,-0.12007490353792989,-0.9524326969869764
0.9059944571329911,-0.06059612279700654,0.1971476053122895,1.1059182539114965
0.9059944571329911,-0.1052664297812884,-0.2786861579630396,1.1059182539114965
0.9059944571329911,-0.06804117396105351,0.11784197809973465,-0.9524326969869764
0.9059944571329911,-0.1052664297812884,-0.2786861579630396,-0.9524326969869764
0.9059944571329911,0.04691041601183179,1.3423208622615814,-0.9524326969869764
0.9059944571329911,-0.08144226605633807,-0.024908150882864077,-0.9524326969869764
0.9059944571329911,-0.21694219724199304,-1.3146555662406436,1.1059182539114965
0.9059944571329911,-0.231832299570087,-1.507399962618037,1.1059182539114965
0.9059944571329911,0.07490380838864842,1.6405100205807877,-0.9524326969869764
0.9059944571329911,-0.05315107163295957,0.27645323252484433,-0.9524326969869764
0.9059944571329911,0.043634593499651125,1.3074263862880573,1.1059182539114965
0.9059944571329911,-0.001035713484630733,0.8315926230127283,1.1059182539114965
0.9059944571329911,-0.20205209491389908,-1.1219111698632502,-0.9524326969869764
0.9059944571329911,-0.21694219724199304,-1.3146555662406436,-0.9524326969869764
-3.4333029746718298,-0.2616125042262749,-1.9441043294266915,-0.9524326969869764
0.9059944571329911,-0.17971694142175815,-0.8327787141717178,1.1059182539114965
0.9059944571329911,-0.21321967165996955,-1.2664694671462953,1.1059182539114965
0.9059944571329911,-0.15738178792961724,-0.8338255484509235,1.1059182539114965
0.9059944571329911,-0.17227189025771117,-0.9924368028760332,1.1059182539114965
0.9059944571329911,-0.04570602046891259,0.3557588597373992,-0.9524326969869764
0.9059944571329911,-0.07548622512510049,0.0385363508871798,-0.9524326969869764
0.9059944571329911,0.16275541212440273,2.576316421688935,-0.9524326969869764
0.9059944571329911,0.08830490048393298,1.7832601495633864,-0.9524326969869764
0.9059944571329911,0.055546675362126284,1.434315389828145,-0.9524326969869764
0.9059944571329911,-0.006991754415868314,0.7681481212426844,-0.9524326969869764
0.9059944571329911,-0.001035713484630733,0.8315926230127283,-0.9524326969869764
0.9059944571329911,-0.030815918140818636,0.5143701141625089,-0.9524326969869764
0.9059944571329911,0.058524695827745075,1.466037640713167,-0.9524326969869764
0.9059944571329911,0.013854388843463218,0.990203877437838,-0.9524326969869764
0.9059944571329911,-0.015925815812724686,0.6729813685876186,1.1059182539114965
0.9059944571329911,-0.11271148094533537,-0.35799178517559443,1.1059182539114965
0.9059944571329911,0.013854388843463218,0.990203877437838,1.1059182539114965
0.9059944571329911,-0.11271148094533537,-0.35799178517559443,1.1059182539114965
0.9059944571329911,-0.20949714607794606,-1.3310083865718725,0.07674277846226003
0.9059944571329911,0.043634593499651125,1.3074263862880573,-0.9524326969869764
0.9059944571329911,0.021299440007510193,1.0695095046503929,-0.9524326969869764
0.9059944571329911,-0.015925815812724686,0.6729813685876186,-0.9524326969869764
0.9059944571329911,-0.09037632745319445,-0.12007490353792989,-0.9524326969869764
0.9059944571329911,0.013854388843463218,0.990203877437838,1.1059182539114965
0.9059944571329911,-0.06059612279700654,0.1971476053122895,1.1059182539114965
0.9059944571329911,0.03618954233560415,1.2281207590755026,-0.9524326969869764
0.9059944571329911,-0.030815918140818636,0.5143701141625089,-0.9524326969869764
0.9059944571329911,0.0845823749019095,1.7436073359571092,-0.9524326969869764
0.9059944571329911,-0.02754009562863797,0.549264590136033,-0.9524326969869764
0.9059944571329911,0.0495906344308887,1.3708708880581013,-0.9524326969869764
0.9059944571329911,-0.021881856743962265,0.6095368668175747,-0.9524326969869764
0.9059944571329911,-0.1052664297812884,-0.2786861579630396,1.1059182539114965
0.9059944571329911,-0.17227189025771117,-0.9924368028760332,1.1059182539114965
0.9059944571329911,1.8006666682147374,-1.9120331337819343,1.1059182539114965
0.9059944571329911,-0.1350466344374763,-1.0984208430828915,1.1059182539114965
0.9059944571329911,-0.1350466344374763,-0.9921195803671831,-0.9524326969869764
0.9059944571329911,-0.07548622512510049,0.0385363508871798,-0.9524326969869764
0.9059944571329911,-0.1052664297812884,-0.2786861579630396,-0.9524326969869764
0.9059944571329911,-0.09335434791881324,-0.15179715442295183,-0.9524326969869764
0.9059944571329911,-0.16259332374445012,-0.8893394874997119,-0.9524326969869764
0.9059944571329911,-0.06804117396105351,0.11784197809973465,-0.9524326969869764
0.9059944571329911,-0.11271148094533537,-0.35799178517559443,-0.9524326969869764
0.9059944571329911,-0.008480764648677709,0.7522869958001734,-0.9524326969869764
0.9059944571329911,-0.07548622512510049,0.0385363508871798,-0.9524326969869764
0.9059944571329911,0.2066812139922799,3.0442196222430087,-0.9524326969869764
0.9059944571329911,0.11748950104699712,2.0941382082366014,-0.9524326969869764
0.9059944571329911,-0.1350466344374763,-0.595908666813259,-0.9524326969869764
0.9059944571329911,-0.16482683909366422,-0.9131311756634783,-0.9524326969869764
0.9059944571329911,0.08830490048393298,1.7832601495633864,-0.9524326969869764
0.9059944571329911,-0.0419834948868891,0.3954116733436766,-0.9524326969869764
0.9059944571329911,0.013854388843463218,0.990203877437838,1.1059182539114965
0.9059944571329911,-0.06804117396105351,0.11784197809973465,-0.9524326969869764
0.9059944571329911,-0.1350466344374763,-0.595908666813259,-0.9524326969869764
0.9059944571329911,-0.06804117396105351,0.11784197809973465,-0.9524326969869764
0.9059944571329911,-0.11271148094533537,-0.35799178517559443,-0.9524326969869764
0.9059944571329911,0.019065924658296103,1.0457178164866263,-0.9524326969869764
0.9059944571329911,-0.05761810233138775,0.22886985619731143,-0.9524326969869764
0.9059944571329911,0.07192578792302963,1.6087877696957658,-0.9524326969869764
0.9059944571329911,-0.10094830010614116,-0.23268889417975777,-0.9524326969869764
0.9059944571329911,0.06894776745741084,1.5770655188107439,-0.9524326969869764
0.9059944571329911,-0.06804117396105351,0.11784197809973465,-0.9524326969869764
0.9059944571329911,0.0015923895762778495,0.8595875094187602,-0.9524326969869764
0.9059944571329911,-0.08406888010701384,-0.05288717616345343,-0.9524326969869764
0.9059944571329911,-0.001035713484630733,0.8315926230127283,1.1059182539114965
0.9059944571329911,-0.11717851164376356,-0.40557516150312733,1.1059182539114965
-0.5404380201352825,-0.15887079816242664,-0.7821817240101078,1.1059182539114965
0.9059944571329911,-0.15738178792961724,-0.8338255484509235,-0.9524326969869764
0.9059944571329911,-0.18716199258580513,-1.151048057301143,-0.9524326969869764
0.9059944571329911,-0.08293127628914747,-0.040769276325375046,-0.9524326969869764
0.9059944571329911,-0.12685707815702463,-0.5086724768794486,-0.9524326969869764
0.9059944571329911,0.15233234049473698,2.4652885435913583,-0.9524326969869764
0.9059944571329911,-0.008480764648677709,0.7522869958001734,-0.9524326969869764
0.9059944571329911,-0.16482683909366422,-0.9131311756634783,-0.9524326969869764
0.9059944571329911,-0.17971694142175815,-1.071742430088588,-0.9524326969869764
0.9059944571329911,0.043634593499651125,1.3074263862880573,1.1059182539114965
0.9059944571329911,-0.04570602046891259,0.3557588597373992,1.1059182539114965
0.9059944571329911,-0.02337086697677166,0.5936757413750637,1.1059182539114965
0.9059944571329911,-0.06804117396105351,0.11784197809973465,1.1059182539114965
0.9059944571329911,0.013854388843463218,0.990203877437838,-0.9524326969869764
0.9059944571329911,-0.06282963814622064,0.17335591714852305,-0.9524326969869764
0.9059944571329911,-0.21694219724199304,-1.4161033245709438,-0.9524326969869764
0.9059944571329911,-0.2303432893372776,-1.5692900740947147,-0.9524326969869764
0.9059944571329911,0.07415930327224372,1.6325794578595323,-0.9524326969869764
0.9059944571329911,-0.09975709191989364,-0.219999993825749,-0.9524326969869764
0.9059944571329911,-0.05627799312185929,0.24314486909557131,1.1059182539114965
0.9059944571329911,-0.10958455945643564,-0.3246834217463214,1.1059182539114965
0.9059944571329911,-0.026348887442390452,0.5619534904900418,1.1059182539114965
0.9059944571329911,-0.11568950141095416,-0.3897140360606164,1.1059182539114965
0.9059944571329911,0.10319500281202693,1.9418714039884961,-0.9524326969869764
0.9059944571329911,-0.08144226605633807,-0.024908150882864077,-0.9524326969869764
0.9059944571329911,-0.02337086697677166,0.5936757413750637,-0.9524326969869764
0.9059944571329911,-0.12015653210938235,-0.4372974123881493,-0.9524326969869764
0.9059944571329911,0.10319500281202693,1.9418714039884961,-0.9524326969869764
0.9059944571329911,-0.08144226605633807,-0.024908150882864077,-0.9524326969869764
0.9059944571329911,-0.09037632745319445,-0.12007490353792989,1.1059182539114965
0.9059944571329911,-0.12015653210938235,-0.4372974123881493,1.1059182539114965
0.9059944571329911,0.021299440007510193,1.0695095046503929,1.1059182539114965
0.9059944571329911,-0.009969774881487104,0.7364258703576625,1.1059182539114965
0.9059944571329911,-0.06134062791341124,0.189217042591034,1.1059182539114965
0.9059944571329911,-0.09473168238416192,-0.1664686954572745,1.1059182539114965
0.9059944571329911,0.006409337679416243,0.9108982502252831,-0.9524326969869764
0.9059944571329911,-0.04570602046891259,0.3557588597373992,-0.9524326969869764
0.9059944571329911,0.042942203741394756,1.3000509629572898,1.1059182539114965
0.9059944571329911,-0.06638092755147104,0.13552713296813437,1.1059182539114965
0.9059944571329911,-0.030815918140818636,0.5143701141625089,-0.9524326969869764
0.9059944571329911,-0.08293127628914747,-0.040769276325375046,-0.9524326969869764
0.9059944571329911,-0.02337086697677166,0.5936757413750637,1.1059182539114965
0.9059944571329911,-0.06804117396105351,0.11784197809973465,1.1059182539114965
0.9059944571329911,0.012365378610653824,0.974342751995327,-0.9524326969869764
0.9059944571329911,-0.0427280000032938,0.38748111062242113,-0.9524326969869764
0.9059944571329911,0.04691041601183179,1.3423208622615814,-0.9524326969869764
0.9059944571329911,-0.08144226605633807,-0.024908150882864077,-0.9524326969869764
0.9059944571329911,0.04512360373246052,1.3232875117305682,1.1059182539114965
0.9059944571329911,-0.05612909209857835,0.2447309816398224,1.1059182539114965
0.9059944571329911,-0.005502744183058919,0.7840092466851953,-0.9524326969869764
0.9059944571329911,-0.09335434791881324,-0.15179715442295183,-0.9524326969869764
0.9059944571329911,0.02874449117155717,1.1488151318629476,-0.9524326969869764
0.9059944571329911,-0.08144226605633807,-0.024908150882864077,-0.9524326969869764
0.9059944571329911,-0.02337086697677166,0.5936757413750637,1.1059182539114965
0.9059944571329911,-0.1350466344374763,-0.595908666813259,1.1059182539114965
0.9059944571329911,-0.01741482604553408,0.6571202431451076,-0.9524326969869764
0.9059944571329911,-0.12164554234219174,-0.4531585378306603,-0.9524326969869764
0.9059944571329911,0.080859849319886,1.7039545223508317,-0.9524326969869764
0.9059944571329911,-0.015925815812724686,0.6729813685876186,-0.9524326969869764
0.9059944571329911,-0.0725082046594817,0.07025860177220174,1.1059182539114965
0.9059944571329911,-0.17227189025771117,-0.9924368028760332,1.1059182539114965
0.9059944571329911,0.012067576564091945,0.9711705269068248,-0.9524326969869764
0.9059944571329911,-0.12730378122686745,-0.513430814512202,-0.9524326969869764
0.9059944571329911,-0.09782137861724143,-0.19938053075048476,1.1059182539114965
0.9059944571329911,-0.11717851164376356,-0.40557516150312733,1.1059182539114965
0.9059944571329911,0.02874449117155717,1.1488151318629476,-0.9524326969869764
0.9059944571329911,-0.05315107163295957,0.27645323252484433,-0.9524326969869764
0.9059944571329911,-0.11271148094533537,-0.35799178517559443,1.1059182539114965
0.9059944571329911,-0.15589277769680784,-0.8179644230084125,1.1059182539114965
0.9059944571329911,-0.03826096930486561,0.43506448694995403,-0.9524326969869764
0.9059944571329911,-0.07548622512510049,0.0385363508871798,-0.9524326969869764
0.9059944571329911,-0.07697523535790989,0.02267522544466883,-0.9524326969869764
0.9059944571329911,-0.12611257304061993,-0.5007419141581931,-0.9524326969869764
0.9059944571329911,-0.20205209491389908,-1.5370602671955325,-0.9524326969869764
-0.5404380201352825,0.12553015630416786,2.179788285626161,-0.9524326969869764
0.9059944571329911,-0.20949714607794606,-1.3889649389388075,0.07674277846226003
0.9059944571329911,0.13401751463118142,2.2701967006484733,1.1059182539114965
0.9059944571329911,-0.05992606819224231,0.20428511176141945,1.1059182539114965
0.9059944571329911,-0.17971694142175815,-1.3611603860380856,1.1059182539114965
0.9059944571329911,0.08904940560033768,1.791190712284642,-0.9524326969869764
0.9059944571329911,-0.04645052558531729,0.3478282970161437,-0.9524326969869764
0.9059944571329911,-0.06804117396105351,0.11784197809973465,-0.9524326969869764
0.9059944571329911,-0.11271148094533537,-0.35799178517559443,-0.9524326969869764
0.9059944571329911,-0.07548622512510049,0.0385363508871798,-0.9524326969869764
0.9059944571329911,-0.1052664297812884,-0.2786861579630396,-0.9524326969869764
0.9059944571329911,-0.09037483844296164,-0.12005904241248738,1.1059182539114965
0.9059944571329911,-0.17687739890779064,-1.0414952638697197,1.1059182539114965
0.9059944571329911,-0.14410279467342305,-0.6923760317546107,1.1059182539114965
0.9059944571329911,-0.20657570800117403,-1.357845410820601,1.1059182539114965
0.9059944571329911,-0.02337086697677166,0.5936757413750637,1.1059182539114965
0.9059944571329911,-0.08293127628914747,-0.040769276325375046,1.1059182539114965
0.9059944571329911,-0.15738178792961724,-0.8338255484509235,-0.9524326969869764
0.9059944571329911,-0.18716199258580513,-1.151048057301143,-0.9524326969869764
0.9059944571329911,0.09872797211359874,1.8942880276609633,-0.9524326969869764
0.9059944571329911,-0.06506315349543473,0.14956422898475658,-0.9524326969869764
0.9059944571329911,0.04661261396526992,1.3391486371730794,1.1059182539114965
0.9059944571329911,-0.02337086697677166,0.5936757413750637,1.1059182539114965
0.9059944571329911,0.018321419541891405,1.037787253765371,1.1059182539114965
0.9059944571329911,-0.08561149470820438,-0.0693193021218948,1.1059182539114965
0.9059944571329911,0.03419426862363956,1.2068668509825378,-0.9524326969869764
0.9059944571329911,-0.0892446796762593,-0.10802044820162156,-0.9524326969869764
0.9059944571329911,0.04512360373246052,1.3232875117305682,-0.9524326969869764
0.9059944571329911,-0.06506315349543473,0.14956422898475658,-0.9524326969869764
0.9059944571329911,-0.1350466344374763,-0.595908666813259,-0.9524326969869764
0.9059944571329911,-0.16482683909366422,-0.9131311756634783,-0.9524326969869764
0.9059944571329911,-0.0071406554391492535,0.7665620086984333,-0.9524326969869764
0.9059944571329911,-0.09141863461616102,-0.13117769134768759,-0.9524326969869764
0.9059944571329911,0.07043677769022023,1.5929266442532548,1.1059182539114965
0.9059944571329911,-0.05166206140015017,0.29231435796735533,1.1059182539114965
0.9059944571329911,0.1687114530556403,2.639760923458979,1.1059182539114965
0.9059944571329911,0.012365378610653824,0.974342751995327,1.1059182539114965
0.9059944571329911,-0.21694219724199304,-1.4161033245709438,1.1059182539114965
0.9059944571329911,-0.06059612279700654,0.1971476053122895,-0.9524326969869764
0.9059944571329911,-0.09037632745319445,-0.12007490353792989,-0.9524326969869764
0.9059944571329911,-0.07548622512510049,0.0385363508871798,1.1059182539114965
0.9059944571329911,-0.12015653210938235,-0.4372974123881493,1.1059182539114965
0.9059944571329911,-0.14993673676557026,-0.7545199212383686,-0.9524326969869764
0.9059944571329911,-0.17227189025771117,-0.9924368028760332,-0.9524326969869764
0.9059944571329911,-0.043919208189541314,0.9250939574963305,-0.9524326969869764
0.9059944571329911,-0.15802206232972527,-0.5519416270866185,-0.9524326969869764
0.9059944571329911,0.07341479815583903,1.6246488951382767,-0.9524326969869764
0.9059944571329911,-0.010565378974610863,0.7300814201806581,-0.9524326969869764
0.9059944571329911,-0.09037632745319445,-0.12007490353792989,-0.9524326969869764
0.9059944571329911,-0.16482683909366422,-0.9131311756634783,-0.9524326969869764
0.9059944571329911,0.08830490048393298,1.7832601495633864,-0.9524326969869764
0.9059944571329911,-0.06059612279700654,0.1971476053122895,-0.9524326969869764
0.9059944571329911,-0.04570602046891259,0.3557588597373992,1.1059182539114965
0.9059944571329911,-0.1052664297812884,-0.2786861579630396,1.1059182539114965
0.9059944571329911,0.1464894643411929,2.403049487354945,-0.9524326969869764
0.9059944571329911,0.017358029921263726,1.0275251056040664,-0.9524326969869764
0.9059944571329911,-0.06804117396105351,0.11784197809973465,-0.9524326969869764
0.9059944571329911,-0.1052664297812884,-0.2786861579630396,-0.9524326969869764
0.9059944571329911,-0.05315107163295957,0.27645323252484433,-0.9524326969869764
0.9059944571329911,-0.12611257304061993,-0.5007419141581931,-0.9524326969869764
0.9059944571329911,0.013854388843463218,0.990203877437838,-0.9524326969869764
0.9059944571329911,-0.04570602046891259,0.3557588597373992,-0.9524326969869764
0.9059944571329911,-0.04905629349273373,0.3200713274917495,1.1059182539114965
0.9059944571329911,-0.1281227368549126,-0.522154433505583,1.1059182539114965
0.9059944571329911,-0.015925815812724686,0.6729813685876186,1.1059182539114965
0.9059944571329911,-0.07548622512510049,0.0385363508871798,1.1059182539114965
0.9059944571329911,0.013854388843463218,0.990203877437838,-0.9524326969869764
0.9059944571329911,-0.06804117396105351,0.11784197809973465,-0.9524326969869764
0.9059944571329911,-0.18269496188737694,-1.10346468097361,-0.9524326969869764
0.9059944571329911,-0.1946070437498521,-1.2303536845136978,1.1059182539114965
0.9059944571329911,-0.21694219724199304,-1.4161033245709438,-0.9524326969869764
0.9059944571329911,-0.2303432893372776,-1.5692900740947147,-0.9524326969869764
0.9059944571329911,-0.15738178792961724,-0.8338255484509235,-0.9524326969869764
0.9059944571329911,-0.18716199258580513,-1.151048057301143,-0.9524326969869764
0.9059944571329911,-0.09782137861724143,-0.19938053075048476,-0.9524326969869764
0.9059944571329911,-0.14993673676557026,-0.7545199212383686,-0.9524326969869764
0.9059944571329911,-0.12760158327342933,-0.5166030396007042,1.1059182539114965
0.9059944571329911,-0.14993673676557026,-0.7545199212383686,1.1059182539114965
0.9059944571329911,-0.016193837654630377,0.6701263660079666,-0.9524326969869764
0.9059944571329911,-0.06973864562645622,0.09976029509527215,-0.9524326969869764
0.9059944571329911,-0.08293127628914747,-0.040769276325375046,-0.9524326969869764
0.9059944571329911,-0.12685707815702463,-0.5086724768794486,-0.9524326969869764
0.9059944571329911,-0.05315107163295957,0.27645323252484433,-0.9524326969869764
0.9059944571329911,-0.09782137861724143,-0.19938053075048476,-0.9524326969869764
0.9059944571329911,0.07490380838864842,1.6405100205807877,-0.9524326969869764
0.9059944571329911,-0.01443680557991529,0.6888424940301295,-0.9524326969869764
0.9059944571329911,0.09128292094955177,1.8149824004484085,-0.9524326969869764
0.9059944571329911,-0.054640081865768964,0.2605921070823334,-0.9524326969869764
0.9059944571329911,-0.015925815812724686,0.6729813685876186,-0.9524326969869764
0.9059944571329911,-0.05315107163295957,0.27645323252484433,-0.9524326969869764
0.9059944571329911,0.0015923895762778495,0.8595875094187602,-0.9524326969869764
0.9059944571329911,-0.08406888010701384,-0.05288717616345343,-0.9524326969869764
0.9059944571329911,-0.02337086697677166,0.5936757413750637,1.1059182539114965
0.9059944571329911,-0.06804117396105351,0.11784197809973465,1.1059182539114965
0.9059944571329911,0.06894776745741084,1.5770655188107439,1.1059182539114965
0.9059944571329911,-0.06804117396105351,0.11784197809973465,1.1059182539114965
0.9059944571329911,-0.05315107163295957,0.27645323252484433,-0.9524326969869764
0.9059944571329911,-0.09782137861724143,-0.19938053075048476,-0.9524326969869764
0.9059944571329911,-0.16482683909366422,-0.9131311756634783,-0.9524326969869764
0.9059944571329911,-0.17971694142175815,-1.071742430088588,-0.9524326969869764
0.9059944571329911,-0.06655216372824412,0.13370310354224563,-0.9524326969869764
0.9059944571329911,-0.17227189025771117,-0.9924368028760332,-0.9524326969869764
0.9059944571329911,-0.18835320077205264,-1.1637369576551517,1.1059182539114965
0.9059944571329911,-0.20041418365780875,-1.2922120737394907,1.1059182539114965
0.9059944571329911,-0.030815918140818636,0.5143701141625089,-0.9524326969869764
0.9059944571329911,-0.09037632745319445,-0.12007490353792989,-0.9524326969869764
0.9059944571329911,0.02643652531070261,1.1242303874270556,1.1059182539114965
0.9059944571329911,-0.029996962512773468,0.5230937331558899,1.1059182539114965
0.9059944571329911,-0.09782137861724143,-0.19938053075048476,-0.9524326969869764
0.9059944571329911,-0.1350466344374763,-0.595908666813259,-0.9524326969869764
0.9059944571329911,-0.08293127628914747,-0.040769276325375046,-0.9524326969869764
0.9059944571329911,-0.1052664297812884,-0.2786861579630396,-0.9524326969869764
0.9059944571329911,0.013854388843463218,0.990203877437838,1.1059182539114965
0.9059944571329911,-0.030815918140818636,0.5143701141625089,1.1059182539114965
0.9059944571329911,-0.028954655349806895,0.5341965209656476,-0.9524326969869764
0.9059944571329911,-0.11457274373634711,-0.3778181919787332,-0.9524326969869764
0.9059944571329911,0.04691041601183179,1.3423208622615814,-0.9524326969869764
0.9059944571329911,-0.08144226605633807,-0.024908150882864077,-0.9524326969869764
0.9059944571329911,0.10319500281202693,1.9418714039884961,-0.9524326969869764
0.9059944571329911,-0.08144226605633807,-0.024908150882864077,-0.9524326969869764
0.9059944571329911,-0.05523568595889272,0.25424765690532897,-0.9524326969869764
0.9059944571329911,-0.1343021293210716,-0.5879781040920035,-0.9524326969869764
0.9059944571329911,0.021299440007510193,1.0695095046503929,1.1059182539114965
0.9059944571329911,-0.009969774881487104,0.7364258703576625,1.1059182539114965
0.9059944571329911,-0.11271148094533537,-0.35799178517559443,1.1059182539114965
0.9059944571329911,-0.14249168560152328,-0.6752142940258138,1.1059182539114965
0.9059944571329911,-0.012203290230701196,0.7126341821938961,-0.9524326969869764
0.9059944571329911,-0.10303291443207431,-0.25489446979927316,-0.9524326969869764
0.9059944571329911,0.018470320565172345,1.039373366309622,-0.9524326969869764
0.9059944571329911,-0.11345598606174007,-0.3659223478968499,-0.9524326969869764
0.9059944571329911,-0.1946070437498521,-1.0255231105491112,-0.9524326969869764
0.9059944571329911,-0.21694219724199304,-1.3146555662406436,-0.9524326969869764
0.9059944571329911,0.09128292094955177,1.8149824004484085,-0.9524326969869764
0.9059944571329911,-0.09186533768600384,-0.13593602898044085,-0.9524326969869764
0.9059944571329911,-0.1459164091369849,-0.711694882543589,1.1059182539114965
0.9059944571329911,-0.1919268253307952,-1.201803658717178,1.1059182539114965
0.9059944571329911,-0.04570602046891259,0.3557588597373992,1.1059182539114965
0.9059944571329911,-0.09037632745319445,-0.12007490353792989,1.1059182539114965
0.9059944571329911,0.10021698234640813,1.9101491531034742,-0.9524326969869764
0.9059944571329911,-0.001035713484630733,0.8315926230127283,-0.9524326969869764
0.9059944571329911,-0.030815918140818636,0.5143701141625089,-0.9524326969869764
0.9059944571329911,-0.08293127628914747,-0.040769276325375046,-0.9524326969869764
0.9059944571329911,-0.03453844372284213,0.47471730055623146,-0.9524326969869764
0.9059944571329911,-0.12536806792421523,-0.49281135143693766,-0.9524326969869764
0.9059944571329911,0.006409337679416243,0.9108982502252831,-0.9524326969869764
0.9059944571329911,-0.04570602046891259,0.3557588597373992,-0.9524326969869764
0.9059944571329911,-0.06655216372824412,0.13370310354224563,-0.9524326969869764
0.9059944571329911,-0.17227189025771117,-0.9924368028760332,-0.9524326969869764
-0.5404380201352825,-0.1990740744482803,-1.232130130563259,1.1059182539114965
0.9059944571329911,0.14190926886507121,2.3542606654937814,1.1059182539114965
0.9059944571329911,0.024277460473128985,1.1012317555354147,1.1059182539114965
0.9059944571329911,-0.1350466344374763,-0.595908666813259,1.1059182539114965
0.9059944571329911,-0.16482683909366422,-0.9131311756634783,1.1059182539114965
0.9059944571329911,0.048473876756281654,1.358975043976218,-0.9524326969869764
0.9059944571329911,-0.01801043013865784,0.6507757929681033,-0.9524326969869764
0.9059944571329911,0.24197075650986255,3.4201282952305188,-0.9524326969869764
0.9059944571329911,0.0872625933209664,1.7721573617536288,-0.9524326969869764
0.9059944571329911,0.058524695827745075,1.466037640713167,-0.9524326969869764
0.9059944571329911,0.043634593499651125,1.3074263862880573,-0.9524326969869764
0.9059944571329911,0.15873508449581739,2.533491382994155,1.1059182539114965
0.9059944571329911,0.011174170424406308,0.9616538516413182,1.1059182539114965
0.9059944571329911,0.02874449117155717,1.1488151318629476,1.1059182539114965
0.9059944571329911,-0.05791590437794963,0.22569763110880925,1.1059182539114965
0.9059944571329911,0.013854388843463218,0.990203877437838,1.1059182539114965
0.9059944571329911,-0.030815918140818636,0.5143701141625089,1.1059182539114965
0.9059944571329911,0.18817281679845912,2.8470658329925973,-0.9524326969869764
0.9059944571329911,-0.02972894067086778,0.5259487357355419,-0.9524326969869764
0.9059944571329911,-0.09335434791881324,-0.15179715442295183,-0.9524326969869764
0.9059944571329911,-0.16259332374445012,-0.8893394874997119,-0.9524326969869764
0.9059944571329911,-0.25416745306222793,-1.8416255979426281,-0.9524326969869764
0.9059944571329911,-0.12313455257500114,-0.46901966327317124,-0.9524326969869764
0.9059944571329911,-0.1946070437498521,-1.2303536845136978,-0.9524326969869764
0.9059944571329911,-0.08442028652195686,-0.056630401767886016,1.1059182539114965
0.9059944571329911,-0.09931038885005082,-0.2152416561929957,1.1059182539114965
0.9059944571329911,-0.028954655349806895,0.5341965209656476,-0.9524326969869764
0.9059944571329911,-0.11457274373634711,-0.3778181919787332,-0.9524326969869764
0.9059944571329911,-0.03826096930486561,0.43506448694995403,-0.9524326969869764
0.9059944571329911,-0.08695160391773284,-0.08359431502015467,-0.9524326969869764
0.9059944571329911,0.0510796446636981,1.3867320135006123,-0.9524326969869764
0.9059944571329911,-0.02337086697677166,0.5936757413750637,-0.9524326969869764
0.9059944571329911,0.058524695827745075,1.466037640713167,-0.9524326969869764
0.9059944571329911,-0.09856588373364612,-0.20731109347174023,-0.9524326969869764
0.9059944571329911,0.0845823749019095,1.7436073359571092,-0.9524326969869764
0.9059944571329911,-0.02754009562863797,0.549264590136033,-0.9524326969869764
0.9059944571329911,-0.02337086697677166,0.5936757413750637,-0.9524326969869764
0.9059944571329911,-0.06804117396105351,0.11784197809973465,-0.9524326969869764
0.9059944571329911,-0.06253183609965876,0.17652814223702523,-0.9524326969869764
0.9059944571329911,-0.09692797247755579,-0.18986385548497817,-0.9524326969869764
0.9059944571329911,-0.06804117396105351,0.11784197809973465,-0.9524326969869764
0.9059944571329911,-0.11271148094533537,-0.35799178517559443,-0.9524326969869764
0.9059944571329911,0.013854388843463218,0.990203877437838,-0.9524326969869764
0.9059944571329911,-0.06059612279700654,0.1971476053122895,-0.9524326969869764
0.9059944571329911,-0.04570602046891259,0.3557588597373992,-0.9524326969869764
0.9059944571329911,-0.1052664297812884,-0.2786861579630396,-0.9524326969869764
0.9059944571329911,-0.008480764648677709,0.7522869958001734,1.1059182539114965
0.9059944571329911,-0.10489417722308605,-0.27472087660241185,1.1059182539114965
0.9059944571329911,0.12597685937401068,2.184546623258914,1.1059182539114965
0.9059944571329911,-0.0114587851142965,0.7205647449151515,1.1059182539114965
0.9059944571329911,-0.030815918140818636,0.5143701141625089,1.1059182539114965
0.9059944571329911,-0.09782137861724143,-0.19938053075048476,1.1059182539114965
0.9059944571329911,-0.03453844372284213,0.47471730055623146,-0.9524326969869764
0.9059944571329911,-0.12536806792421523,-0.49281135143693766,-0.9524326969869764
0.9059944571329911,0.08830490048393298,1.7832601495633864,-0.9524326969869764
0.9059944571329911,0.013854388843463218,0.990203877437838,-0.9524326969869764
0.9059944571329911,-0.08293127628914747,-0.040769276325375046,0.07674277846226003
0.9059944571329911,1.949567691495677,4.540463029736839,-0.9524326969869764
0.9059944571329911,0.03767855256841354,1.2439818845180135,1.1059182539114965
0.9059944571329911,-0.009969774881487104,0.7364258703576625,1.1059182539114965
0.9059944571329911,-0.015925815812724686,0.6729813685876186,1.1059182539114965
0.9059944571329911,-0.03826096930486561,0.43506448694995403,1.1059182539114965
0.9059944571329911,-0.0071406554391492535,0.7665620086984333,-0.9524326969869764
0.9059944571329911,-0.09141863461616102,-0.13117769134768759,-0.9524326969869764
0.9059944571329911,-0.06804117396105351,0.11784197809973465,-0.9524326969869764
0.9059944571329911,-0.1052664297812884,-0.2786861579630396,-0.9524326969869764
0.9059944571329911,-0.06973120057529218,0.0998396007224847,-0.9524326969869764
0.9059944571329911,-0.1125744920039169,-0.35653256163488345,-0.9524326969869764
0.9059944571329911,-0.09037632745319445,-0.12007490353792989,-0.9524326969869764
0.9059944571329911,-0.14993673676557026,-0.7545199212383686,-0.9524326969869764
0.9059944571329911,-0.026348887442390452,0.5619534904900418,1.1059182539114965
0.9059944571329911,-0.08739830698757566,-0.08835265265290795,1.1059182539114965
0.9059944571329911,0.025839432207346042,1.1178700761246088,-0.9524326969869764
0.9059944571329911,-0.09260984280240854,-0.14386659170169636,-0.9524326969869764
0.9059944571329911,-0.016193837654630377,0.6701263660079666,-0.9524326969869764
0.9059944571329911,-0.06973864562645622,0.09976029509527215,-0.9524326969869764
0.9059944571329911,-0.03453844372284213,0.47471730055623146,-0.9524326969869764
0.9059944571329911,-0.12536806792421523,-0.49281135143693766,-0.9524326969869764
0.9059944571329911,0.12597685937401068,2.184546623258914,1.1059182539114965
0.9059944571329911,-0.010714279997891802,0.728495307636407,1.1059182539114965
0.9059944571329911,-0.0611917268901303,0.19080315513528512,-0.9524326969869764
0.9059944571329911,-0.1320686139718575,-0.564186415928237,-0.9524326969869764
0.9059944571329911,-0.06804117396105351,0.11784197809973465,-0.9524326969869764
0.9059944571329911,-0.1350466344374763,-0.595908666813259,-0.9524326969869764
0.9059944571329911,-0.001035713484630733,0.8315926230127283,1.1059182539114965
0.9059944571329911,-0.14249168560152328,-0.6752142940258138,1.1059182539114965
0.9059944571329911,-0.05523568595889272,0.25424765690532897,-0.9524326969869764
0.9059944571329911,-0.12492136485437241,-0.4880530138041844,-0.9524326969869764
0.9059944571329911,-0.14993673676557026,-0.6501854380775315,-0.9524326969869764
0.9059944571329911,-0.17227189025771117,-0.9055019743256306,-0.9524326969869764
0.9059944571329911,-0.09335434791881324,-0.15179715442295183,-0.9524326969869764
0.9059944571329911,-0.15738178792961724,-0.8338255484509235,-0.9524326969869764
0.9059944571329911,-0.059107112564197144,0.21300873075480048,-0.9524326969869764
0.9059944571329911,-0.07548622512510049,0.0385363508871798,-0.9524326969869764
0.9059944571329911,0.12597685937401068,2.184546623258914,1.1059182539114965
0.9059944571329911,-0.010714279997891802,0.728495307636407,1.1059182539114965
0.9059944571329911,0.043634593499651125,1.3074263862880573,-0.9524326969869764
0.9059944571329911,-0.030815918140818636,0.5143701141625089,-0.9524326969869764
0.9059944571329911,-0.08293127628914747,-0.040769276325375046,-0.9524326969869764
0.9059944571329911,-0.12685707815702463,-0.5086724768794486,-0.9524326969869764
0.9059944571329911,-0.1350466344374763,-0.595908666813259,1.1059182539114965
0.9059944571329911,-0.16482683909366422,-0.9131311756634783,1.1059182539114965
0.9059944571329911,-0.2735245860887501,-2.070993332966779,-0.9524326969869764
0.9059944571329911,-0.22438724840604002,-1.5012141236954577,0.07674277846226003
0.9059944571329911,-0.04570602046891259,0.3557588597373992,1.1059182539114965
0.9059944571329911,-0.06804117396105351,0.11784197809973465,1.1059182539114965
0.9059944571329911,-0.054640081865768964,0.2605921070823334,-0.9524326969869764
0.9059944571329911,-0.0710191944266723,0.08611972721471271,-0.9524326969869764
0.9059944571329911,-0.18716199258580513,-0.9291509123604145,-0.9524326969869764
0.9059944571329911,-0.22140922794042123,-1.3724852296040386,-0.9524326969869764
0.9059944571329911,-0.001035713484630733,0.8315926230127283,-0.9524326969869764
0.9059944571329911,-0.1052664297812884,-0.2786861579630396,-0.9524326969869764
0.9059944571329911,-0.17971694142175815,-0.8327787141717178,-0.9524326969869764
0.9059944571329911,-0.22140922794042123,-1.3724852296040386,-0.9524326969869764
0.9059944571329911,-0.14993673676557026,-0.4472740602914887,-0.9524326969869764
0.9059944571329911,-0.1946070437498521,-1.0255231105491112,-0.9524326969869764
0.9059944571329911,-0.06059612279700654,0.1971476053122895,-0.9524326969869764
0.9059944571329911,-0.11866752187657295,-0.42143628694563834,-0.9524326969869764
0.9059944571329911,0.1106400539760739,2.021177031201051,-0.9524326969869764
0.9059944571329911,0.06596974699179205,1.545343267925722,-0.9524326969869764
0.9059944571329911,-0.11717851164376356,-0.2613499478543751,0.07674277846226003
-0.5404380201352825,-0.17971694142175815,-1.0154988792694442,1.1059182539114965
0.9059944571329911,-0.04570602046891259,0.3557588597373992,1.1059182539114965
0.9059944571329911,-0.09037632745319445,-0.12007490353792989,1.1059182539114965
0.9059944571329911,-0.17227189025771117,-0.9924368028760332,1.1059182539114965
0.9059944571329911,-0.19401143965672835,-1.2240092343366933,1.1059182539114965
0.9059944571329911,-0.15738178792961724,-0.8338255484509235,1.1059182539114965
0.9059944571329911,-0.17227189025771117,-0.9924368028760332,1.1059182539114965
0.9059944571329911,0.09128292094955177,1.8149824004484085,-0.9524326969869764
0.9059944571329911,-0.09186533768600384,-0.13593602898044085,-0.9524326969869764
0.9059944571329911,-0.1459164091369849,-0.711694882543589,1.1059182539114965
0.9059944571329911,-0.1919268253307952,-1.201803658717178,1.1059182539114965
-0.5404380201352825,-0.039749979537675006,0.5509934528092667,1.1059182539114965
0.9059944571329911,-0.2005630846810897,-1.2288785998475442,1.1059182539114965
0.9059944571329911,-0.15961530327883133,-0.85761723661469,1.1059182539114965
0.9059944571329911,-0.20577462049592257,-1.34931212533253,1.1059182539114965
0.9059944571329911,0.015397003444653752,1.0066360033962793,-0.9524326969869764
0.9059944571329911,-0.08438455027636944,-0.05624973475726575,-0.9524326969869764
0.9059944571329911,-0.03826096930486561,0.43506448694995403,1.1059182539114965
0.9059944571329911,-0.07548622512510049,0.0385363508871798,1.1059182539114965
0.9059944571329911,-0.1916290232842333,-1.1986314336286759,1.1059182539114965
0.9059944571329911,-0.1975850642154709,-1.2620759353987197,1.1059182539114965
0.9059944571329911,-0.027837897675199848,0.5460923650475308,-0.9524326969869764
0.9059944571329911,-0.11271148094533537,-0.35799178517559443,-0.9524326969869764
0.9059944571329911,-0.09782137861724143,-0.19938053075048476,-0.9524326969869764
0.9059944571329911,-0.14993673676557026,-0.7545199212383686,-0.9524326969869764
0.9059944571329911,-0.040047781584236886,0.4160311364189409,-0.9524326969869764
0.9059944571329911,-0.09633236838443203,-0.18351940530797378,-0.9524326969869764
0.9059944571329911,0.06894776745741084,1.5770655188107439,1.1059182539114965
0.9059944571329911,-0.06804117396105351,0.11784197809973465,1.1059182539114965
0.9059944571329911,-0.14993673676557026,-0.7545199212383686,1.1059182539114965
0.9059944571329911,-0.14993673676557026,-0.7545199212383686,1.1059182539114965
0.9059944571329911,-0.07623073024150519,0.030605788165924314,-0.9524326969869764
0.9059944571329911,-0.12104993824906798,-0.4468140876536559,-0.9524326969869764
0.9059944571329911,0.10021698234640813,1.9101491531034742,-0.9524326969869764
0.9059944571329911,-0.001035713484630733,0.8315926230127283,-0.9524326969869764
0.9059944571329911,-0.06804117396105351,0.11784197809973465,-0.9524326969869764
0.9059944571329911,-0.1052664297812884,-0.2786861579630396,-0.9524326969869764
0.9059944571329911,0.02219284614719583,1.0790261799158993,-0.9524326969869764
0.9059944571329911,-0.12655927611046275,-0.5055002517909465,-0.9524326969869764
0.9059944571329911,0.09128292094955177,1.8149824004484085,-0.9524326969869764
0.9059944571329911,-0.09186533768600384,-0.13593602898044085,-0.9524326969869764
0.9059944571329911,0.07303956757717106,1.620651891526764,-0.9524326969869764
0.9059944571329911,-0.04595617418802457,0.35309419066305736,-0.9524326969869764
0.9059944571329911,-0.006545051346025495,0.7729064588754377,1.1059182539114965
0.9059944571329911,-0.13132410885545281,-0.5562558532069816,1.1059182539114965
0.9059944571329911,-0.03826096930486561,0.43506448694995403,-0.9524326969869764
0.9059944571329911,-0.08695160391773284,-0.08359431502015467,-0.9524326969869764
0.9059944571329911,-0.001035713484630733,0.8315926230127283,-0.9524326969869764
0.9059944571329911,-0.09633236838443203,-0.18351940530797378,-0.9524326969869764
0.9059944571329911,-0.06202557262050356,0.18192092488747896,1.1059182539114965
0.9059944571329911,-0.1143493922014257,-0.3754390231623565,1.1059182539114965
0.9059944571329911,-0.05523568595889272,0.25424765690532897,1.1059182539114965
0.9059944571329911,-0.12492136485437241,-0.4880530138041844,1.1059182539114965
0.9059944571329911,-0.02694449153551421,0.5556090403130374,1.1059182539114965
0.9059944571329911,-0.12328345359828208,-0.47060577581742236,1.1059182539114965
0.9059944571329911,-0.015657793970818994,0.6758363711672706,-0.9524326969869764
0.9059944571329911,-0.12608279283596374,-0.500424691649343,-0.9524326969869764
0.9059944571329911,0.2760393106365415,3.7830308453551695,1.1059182539114965
0.9059944571329911,0.03339020309792248,1.198301843243582,1.1059182539114965
0.9059944571329911,-0.05523568595889272,0.25424765690532897,-0.9524326969869764
0.9059944571329911,-0.1343021293210716,-0.5879781040920035,-0.9524326969869764
0.9059944571329911,0.023532955356724287,1.0933011928141594,1.1059182539114965
0.9059944571329911,-0.10288401340879337,-0.25330835725502204,1.1059182539114965
0.9059944571329911,0.10319500281202693,1.9418714039884961,-0.9524326969869764
0.9059944571329911,0.0510796446636981,1.3867320135006123,-0.9524326969869764
0.9059944571329911,0.005664832563011545,0.9029676875040277,-0.9524326969869764
0.9059944571329911,-0.11196697582893067,-0.35006122245433896,-0.9524326969869764
0.9059944571329911,-0.030815918140818636,0.5143701141625089,1.1059182539114965
0.9059944571329911,-0.14993673676557026,-0.7545199212383686,1.1059182539114965
0.9059944571329911,-0.14249168560152328,-0.6752142940258138,1.1059182539114965
0.9059944571329911,-0.17971694142175815,-1.071742430088588,1.1059182539114965
0.9059944571329911,0.12553015630416786,2.179788285626161,-0.9524326969869764
0.9059944571329911,-0.04570602046891259,0.3557588597373992,-0.9524326969869764
0.9059944571329911,-0.1113207453878914,-0.3431774940122892,1.1059182539114965
0.9059944571329911,-0.16234614804580375,-0.8867065406762551,1.1059182539114965
0.9059944571329911,-0.02337086697677166,0.5936757413750637,-0.9524326969869764
0.9059944571329911,-0.1052664297812884,-0.2786861579630396,-0.9524326969869764
0.9059944571329911,-0.06059612279700654,0.1971476053122895,1.1059182539114965
0.9059944571329911,-0.1052664297812884,-0.2786861579630396,1.1059182539114965
0.9059944571329911,0.013854388843463218,0.990203877437838,-0.9524326969869764
0.9059944571329911,-0.02337086697677166,0.5936757413750637,-0.9524326969869764
0.9059944571329911,0.02278845024031959,1.0853706300929038,-0.9524326969869764
0.9059944571329911,-0.09037632745319445,-0.12007490353792989,-0.9524326969869764
0.9059944571329911,-0.07846424559071928,0.006814100002157861,1.1059182539114965
0.9059944571329911,-0.14695871629995147,-0.7227976703533467,1.1059182539114965
0.9059944571329911,-0.18716199258580513,-1.151048057301143,-0.9524326969869764
0.9059944571329911,-0.21247516654356485,-1.4206871898238294,-0.9524326969869764
0.9059944571329911,-0.12015653210938235,-0.4372974123881493,1.1059182539114965
0.9059944571329911,-0.17227189025771117,-0.9924368028760332,1.1059182539114965
0.9059944571329911,-0.09037632745319445,-0.12007490353792989,-0.9524326969869764
0.9059944571329911,-0.15440376746399845,-0.8021032975659016,-0.9524326969869764
0.9059944571329911,-0.04570602046891259,0.3557588597373992,-0.9524326969869764
0.9059944571329911,-0.11717851164376356,-0.40557516150312733,-0.9524326969869764
0.9059944571329911,-0.0419834948868891,0.3954116733436766,-0.9524326969869764
0.9059944571329911,-0.09037632745319445,-0.12007490353792989,-0.9524326969869764
0.9059944571329911,0.16201090700799803,2.5683858589676793,-0.9524326969869764
0.9059944571329911,0.08100875034316694,1.7055406348950828,-0.9524326969869764
0.9059944571329911,-0.06804117396105351,0.11784197809973465,-0.9524326969869764
0.9059944571329911,-0.1350466344374763,-0.595908666813259,-0.9524326969869764
0.9059944571329911,-0.0649142524721538,0.1511503415290077,-0.9524326969869764
0.9059944571329911,-0.14889442960260368,-0.743417133428611,-0.9524326969869764
0.9059944571329911,-0.11256257992205443,-0.3564056726313434,-0.9524326969869764
0.9059944571329911,-0.1739098015138015,-1.0098840408627954,-0.9524326969869764
0.9059944571329911,-0.03319833451331367,0.48899231345449135,-0.9524326969869764
0.9059944571329911,-0.12730378122686745,-0.513430814512202,-0.9524326969869764
0.9059944571329911,0.02874449117155717,1.1488151318629476,-0.9524326969869764
0.9059944571329911,-0.04570602046891259,0.3557588597373992,-0.9524326969869764
0.9059944571329911,-0.06804117396105351,0.11784197809973465,-0.9524326969869764
0.9059944571329911,-0.1350466344374763,-0.595908666813259,-0.9524326969869764
0.9059944571329911,0.04691041601183179,1.3423208622615814,-0.9524326969869764
0.9059944571329911,-0.08144226605633807,-0.024908150882864077,-0.9524326969869764
0.9059944571329911,-0.1350466344374763,-0.595908666813259,-0.9524326969869764
0.9059944571329911,-0.15738178792961724,-0.8338255484509235,-0.9524326969869764
0.9059944571329911,-0.17971694142175815,-0.8327787141717178,1.1059182539114965
0.9059944571329911,-0.21321967165996955,-1.2664694671462953,1.1059182539114965
0.9059944571329911,0.013854388843463218,0.990203877437838,-0.9524326969869764
0.9059944571329911,-0.06804117396105351,0.11784197809973465,-0.9524326969869764
0.9059944571329911,-0.07548622512510049,0.0385363508871798,-0.9524326969869764
0.9059944571329911,-0.14249168560152328,-0.6752142940258138,-0.9524326969869764
0.9059944571329911,-0.008480764648677709,0.7522869958001734,1.1059182539114965
0.9059944571329911,-0.10489417722308605,-0.27472087660241185,1.1059182539114965
0.9059944571329911,-0.09037632745319445,-0.12007490353792989,1.1059182539114965
0.9059944571329911,0.021299440007510193,1.0695095046503929,-0.9524326969869764
0.9059944571329911,-0.07548622512510049,0.0385363508871798,-0.9524326969869764
0.9059944571329911,0.15873508449581739,2.533491382994155,1.1059182539114965
0.9059944571329911,0.011174170424406308,0.9616538516413182,1.1059182539114965
0.9059944571329911,-0.073568379945242,0.05896548045713393,-0.9524326969869764
0.9059944571329911,-0.14369480586963326,-0.6880300833833627,-0.9524326969869764
0.9059944571329911,-0.009969774881487104,0.7364258703576625,1.1059182539114965
0.9059944571329911,-0.0710191944266723,0.08611972721471271,1.1059182539114965
0.9059944571329911,-0.17971694142175815,-1.071742430088588,-0.9524326969869764
0.9059944571329911,-0.20205209491389908,-1.3096593117262527,-0.9524326969869764
0.9059944571329911,0.12597685937401068,2.184546623258914,1.1059182539114965
0.9059944571329911,-0.010714279997891802,0.728495307636407,1.1059182539114965
0.9059944571329911,-0.17227189025771117,-0.9924368028760332,1.1059182539114965
0.9059944571329911,-0.18716199258580513,-1.151048057301143,1.1059182539114965
0.9059944571329911,-0.04570602046891259,0.3557588597373992,-0.9524326969869764
0.9059944571329911,-0.06506315349543473,0.14956422898475658,-0.9524326969869764
0.9059944571329911,-0.06202557262050356,0.18192092488747896,1.1059182539114965
0.9059944571329911,-0.1143493922014257,-0.3754390231623565,1.1059182539114965
0.9059944571329911,-0.1350466344374763,-0.9921195803671831,1.1059182539114965
0.9059944571329911,-0.015657793970818994,0.6758363711672706,-0.9524326969869764
0.9059944571329911,-0.12608279283596374,-0.500424691649343,-0.9524326969869764
0.9059944571329911,1.8006666682147374,-1.9120331337819343,1.1059182539114965
0.9059944571329911,-0.17971694142175815,-1.071742430088588,-0.9524326969869764
0.9059944571329911,-0.16482683909366422,-0.9131311756634783,0.07674277846226003
0.9059944571329911,1.949567691495677,-1.892746005243841,0.07674277846226003
0.9059944571329911,0.08830490048393298,1.7832601495633864,-0.9524326969869764
0.9059944571329911,-0.06059612279700654,0.1971476053122895,-0.9524326969869764
0.9059944571329911,-0.07623073024150519,0.030605788165924314,-0.9524326969869764
0.9059944571329911,-0.12104993824906798,-0.4468140876536559,-0.9524326969869764
0.9059944571329911,-0.12760158327342933,-0.5166030396007042,-0.9524326969869764
0.9059944571329911,-0.17971694142175815,-1.071742430088588,-0.9524326969869764
0.9059944571329911,0.030105446524344957,1.1633122005174028,1.1059182539114965
0.9059944571329911,-0.11017420750862816,-0.33096442742155574,1.1059182539114965
0.9059944571329911,-0.06059612279700654,0.1971476053122895,-0.9524326969869764
0.9059944571329911,-0.1350466344374763,-0.595908666813259,-0.9524326969869764
0.9059944571329911,-0.06655216372824412,0.13370310354224563,-0.9524326969869764
0.9059944571329911,-0.17227189025771117,-0.9924368028760332,-0.9524326969869764
0.9059944571329911,-0.17227189025771117,-0.9924368028760332,1.1059182539114965
0.9059944571329911,-0.1946070437498521,-1.2303536845136978,1.1059182539114965
0.9059944571329911,-0.007438457485711133,0.7633897836099311,-0.9524326969869764
0.9059944571329911,-0.03826096930486561,0.43506448694995403,-0.9524326969869764
0.9059944571329911,-0.04570602046891259,0.3557588597373992,1.1059182539114965
0.9059944571329911,-0.09037632745319445,-0.12007490353792989,1.1059182539114965
0.9059944571329911,-0.032304928373628035,0.49850898871999794,-0.9524326969869764
0.9059944571329911,-0.11926312596969671,-0.4277807371226427,-0.9524326969869764
0.9059944571329911,0.0034313172137974525,0.8791759993402612,1.1059182539114965
0.9059944571329911,-0.08017660735845009,-0.011426194256729754,1.1059182539114965
0.9059944571329911,-0.07623073024150519,0.030605788165924314,-0.9524326969869764
0.9059944571329911,-0.12104993824906798,-0.4468140876536559,-0.9524326969869764
0.9059944571329911,0.12701916653697726,2.1956494110686715,1.1059182539114965
0.9059944571329911,-0.01815933116193878,0.6491896804238522,1.1059182539114965
0.9059944571329911,-0.20205209491389908,-1.2458975874473586,-0.9524326969869764
0.9059944571329911,-0.21694219724199304,-1.4161033245709438,-0.9524326969869764
0.9059944571329911,-0.17971694142175815,-0.9905969123247019,1.1059182539114965
0.9059944571329911,-0.21694219724199304,-1.4161033245709438,1.1059182539114965
0.9059944571329911,-0.044217010236103194,0.9212397040138003,-0.9524326969869764
0.9059944571329911,-0.1599131053253932,-0.5764312047698555,-0.9524326969869764
0.9059944571329911,-0.11613620448079698,-0.00974491495982359,-0.9524326969869764
0.9059944571329911,-0.1599131053253932,-0.5764312047698555,-0.9524326969869764
0.9059944571329911,0.09128292094955177,1.8149824004484085,-0.9524326969869764
0.9059944571329911,-0.09186533768600384,-0.13593602898044085,-0.9524326969869764
-0.5404380201352825,-0.09037632745319445,-0.12007490353792989,1.1059182539114965
-1.986870497403556,-0.06059612279700654,0.1971476053122895,1.1059182539114965
0.9059944571329911,-0.040047781584236886,0.4160311364189409,-0.9524326969869764
0.9059944571329911,-0.09633236838443203,-0.18351940530797378,-0.9524326969869764
0.9059944571329911,0.10319500281202693,1.9418714039884961,1.1059182539114965
0.9059944571329911,-0.12015653210938235,-0.4372974123881493,1.1059182539114965
0.9059944571329911,-0.030815918140818636,0.5143701141625089,1.1059182539114965
0.9059944571329911,-0.09037632745319445,-0.12007490353792989,1.1059182539114965
0.9059944571329911,0.0845823749019095,1.7436073359571092,-0.9524326969869764
0.9059944571329911,-0.02754009562863797,0.549264590136033,-0.9524326969869764
0.9059944571329911,0.07303956757717106,1.620651891526764,-0.9524326969869764
0.9059944571329911,-0.04595617418802457,0.35309419066305736,-0.9524326969869764
0.9059944571329911,-0.040047781584236886,0.4160311364189409,-0.9524326969869764
0.9059944571329911,-0.09633236838443203,-0.18351940530797378,-0.9524326969869764
0.9059944571329911,-0.09223759024420619,-0.13990131034106862,-0.9524326969869764
0.9059944571329911,-0.1257403204824176,-0.49677663279756545,-0.9524326969869764
0.9059944571329911,0.09128292094955177,1.8149824004484085,-0.9524326969869764
0.9059944571329911,-0.09186533768600384,-0.13593602898044085,-0.9524326969869764
0.9059944571329911,0.16201090700799803,2.5683858589676793,-0.9524326969869764
0.9059944571329911,0.08100875034316694,1.7055406348950828,-0.9524326969869764
0.9059944571329911,-0.05315107163295957,0.27645323252484433,-0.9524326969869764
0.9059944571329911,-0.07548622512510049,0.0385363508871798,-0.9524326969869764
0.9059944571329911,-0.03453844372284213,0.47471730055623146,-0.9524326969869764
0.9059944571329911,-0.12536806792421523,-0.49281135143693766,-0.9524326969869764
0.9059944571329911,-0.003269228833844826,0.8078009348489619,1.1059182539114965
0.9059944571329911,-0.10973346047971658,-0.3262695342905725,1.1059182539114965
0.9059944571329911,0.08830490048393298,1.7832601495633864,1.1059182539114965
0.9059944571329911,-0.07846424559071928,0.006814100002157861,1.1059182539114965
0.9059944571329911,-0.09037632745319445,-0.12007490353792989,1.1059182539114965
0.9059944571329911,-0.1350466344374763,-0.595908666813259,1.1059182539114965
0.9059944571329911,-0.11271148094533537,-0.22467902583128974,-0.9524326969869764
0.9059944571329911,-0.07548622512510049,0.0385363508871798,-0.9524326969869764
0.9059944571329911,-0.1052664297812884,-0.2786861579630396,-0.9524326969869764
0.9059944571329911,-0.04570602046891259,0.3557588597373992,-0.9524326969869764
0.9059944571329911,-0.08293127628914747,-0.040769276325375046,-0.9524326969869764
0.9059944571329911,-0.12834608838983402,-0.5245336023219597,-0.9524326969869764
0.9059944571329911,-0.17971694142175815,-1.071742430088588,-0.9524326969869764
0.9059944571329911,-0.14993673676557026,-0.7545199212383686,-0.9524326969869764
0.9059944571329911,-0.17971694142175815,-1.071742430088588,-0.9524326969869764
0.9059944571329911,-0.05523568595889272,0.25424765690532897,1.1059182539114965
0.9059944571329911,-0.12492136485437241,-0.4880530138041844,1.1059182539114965
0.9059944571329911,-0.09782137861724143,-0.19938053075048476,-0.9524326969869764
0.9059944571329911,-0.14993673676557026,-0.7545199212383686,-0.9524326969869764
0.9059944571329911,-0.008480764648677709,0.7522869958001734,1.1059182539114965
0.9059944571329911,-0.09782137861724143,-0.19938053075048476,1.1059182539114965
0.9059944571329911,-0.09484335815162263,-0.1676582798654628,1.1059182539114965
0.9059944571329911,-0.14398069583433268,-0.6910754194683248,1.1059182539114965
0.9059944571329911,0.02956344679960234,1.1575387508563286,-0.9524326969869764
0.9059944571329911,-0.055682389028735534,0.2494893192725757,-0.9524326969869764
0.9059944571329911,0.013854388843463218,0.990203877437838,1.1059182539114965
0.9059944571329911,-0.06059612279700654,0.1971476053122895,1.1059182539114965
0.9059944571329911,-0.043472505119698496,0.37955054790116566,1.1059182539114965
0.9059944571329911,-0.1060109348976931,-0.28661672068429506,1.1059182539114965
0.9059944571329911,-0.02337086697677166,0.5936757413750637,-0.9524326969869764
0.9059944571329911,-0.06804117396105351,0.11784197809973465,-0.9524326969869764
0.9059944571329911,-0.02337086697677166,0.5936757413750637,-0.9524326969869764
0.9059944571329911,-0.062457385588018284,0.1773211985091508,-0.9524326969869764
0.9059944571329911,-0.12760158327342933,-0.5166030396007042,-0.9524326969869764
0.9059944571329911,-0.15738178792961724,-0.8338255484509235,-0.9524326969869764
0.9059944571329911,0.03618954233560415,1.2281207590755026,-0.9524326969869764
0.9059944571329911,-0.0661054606584013,0.13846144117499892,-0.9524326969869764
0.9059944571329911,0.013854388843463218,1.2220618091564635,1.1059182539114965
0.9059944571329911,-0.17673892095613936,-1.0400201792035662,1.1059182539114965
0.9059944571329911,-0.1946070437498521,-1.2303536845136978,1.1059182539114965
0.9059944571329911,-0.0555334880054546,0.2510754318168268,-0.9524326969869764
0.9059944571329911,-0.10124610215270304,-0.23586111926825998,-0.9524326969869764
0.9059944571329911,0.10319500281202693,1.9418714039884961,-0.9524326969869764
0.9059944571329911,-0.02337086697677166,0.5936757413750637,-0.9524326969869764
0.9059944571329911,-0.006545051346025495,0.7729064588754377,1.1059182539114965
0.9059944571329911,-0.09945928987333176,-0.21682776873724682,1.1059182539114965
0.9059944571329911,0.22231582143677855,3.210761439389374,1.1059182539114965
0.9059944571329911,-0.06059612279700654,0.1971476053122895,1.1059182539114965
0.9059944571329911,-0.0555334880054546,0.2510754318168268,-0.9524326969869764
0.9059944571329911,-0.10124610215270304,-0.23586111926825998,-0.9524326969869764
0.9059944571329911,0.08830490048393298,1.7832601495633864,-0.9524326969869764
0.9059944571329911,-0.02337086697677166,0.5936757413750637,-0.9524326969869764
0.9059944571329911,-0.1946070437498521,-1.1608026494482873,0.07674277846226003
0.9059944571329911,-0.0071406554391492535,0.7665620086984333,-0.9524326969869764
0.9059944571329911,-0.10273511238551243,-0.2517222447107709,-0.9524326969869764
0.9059944571329911,-0.05523568595889272,0.25424765690532897,-0.9524326969869764
0.9059944571329911,-0.12492136485437241,-0.4880530138041844,-0.9524326969869764
0.9059944571329911,-0.20949714607794606,-1.3889649389388075,0.07674277846226003
0.9059944571329911,-0.1350466344374763,-0.595908666813259,1.1059182539114965
0.9059944571329911,0.0845823749019095,1.7436073359571092,-0.9524326969869764
0.9059944571329911,-0.02754009562863797,0.549264590136033,-0.9524326969869764
0.9059944571329911,0.17764551445249668,2.7349276761140446,1.1059182539114965
0.9059944571329911,0.07192578792302963,1.6087877696957658,1.1059182539114965
0.9059944571329911,-0.09782137861724143,-0.19938053075048476,-0.9524326969869764
0.9059944571329911,-0.12015653210938235,-0.4372974123881493,-0.9524326969869764
0.9059944571329911,-0.06059612279700654,0.1971476053122895,-0.9524326969869764
0.9059944571329911,-0.1350466344374763,-0.595908666813259,-0.9524326969869764
0.9059944571329911,-0.06197196825212242,0.18249192540340936,-0.9524326969869764
0.9059944571329911,-0.16130532989306998,-0.87561961399194,-0.9524326969869764
0.9059944571329911,-0.06655216372824412,0.13370310354224563,-0.9524326969869764
0.9059944571329911,-0.17227189025771117,-0.9924368028760332,-0.9524326969869764
0.9059944571329911,-0.07623073024150519,0.030605788165924314,-0.9524326969869764
0.9059944571329911,-0.12104993824906798,-0.4468140876536559,-0.9524326969869764
0.9059944571329911,-0.07623073024150519,0.030605788165924314,-0.9524326969869764
0.9059944571329911,-0.12104993824906798,-0.4468140876536559,-0.9524326969869764
0.9059944571329911,-0.0611917268901303,0.19080315513528512,-0.9524326969869764
0.9059944571329911,-0.1320686139718575,-0.564186415928237,-0.9524326969869764
0.9059944571329911,-0.16482683909366422,-0.6400343177943245,-0.9524326969869764
0.9059944571329911,-0.22438724840604002,-1.4110277644293403,-0.9524326969869764
0.9059944571329911,0.09128292094955177,1.8149824004484085,-0.9524326969869764
0.9059944571329911,-0.09186533768600384,-0.13593602898044085,-0.9524326969869764
0.9059944571329911,-0.14249168560152328,-0.6752142940258138,-0.9524326969869764
0.9059944571329911,-0.15663728281321254,-0.825894985729668,-0.9524326969869764
0.9059944571329911,-0.0071406554391492535,0.7665620086984333,-0.9524326969869764
0.9059944571329911,-0.10273511238551243,-0.2517222447107709,-0.9524326969869764
0.9059944571329911,-0.06059612279700654,0.1971476053122895,-0.9524326969869764
0.9059944571329911,-0.1350466344374763,-0.595908666813259,-0.9524326969869764
0.9059944571329911,-0.06804117396105351,0.11784197809973465,-0.9524326969869764
0.9059944571329911,-0.09782137861724143,-0.19938053075048476,-0.9524326969869764
0.9059944571329911,-0.06059612279700654,0.1971476053122895,1.1059182539114965
0.9059944571329911,-0.13839690746129743,-0.6315961990589086,1.1059182539114965
0.9059944571329911,0.015343399076272614,1.006065002880349,-0.9524326969869764
0.9059944571329911,-0.10228840931566961,-0.24696390707801766,-0.9524326969869764
0.9059944571329911,0.09128292094955177,1.8149824004484085,-0.9524326969869764
0.9059944571329911,-0.09186533768600384,-0.13593602898044085,-0.9524326969869764
0.9059944571329911,-0.1052664297812884,-0.2786861579630396,1.1059182539114965
0.9059944571329911,-0.17227189025771117,-0.9924368028760332,1.1059182539114965
0.9059944571329911,-0.10974835058204467,-0.3264281455449976,1.1059182539114965
0.9059944571329911,-0.16047892921386078,-0.8668166893713464,1.1059182539114965
0.9059944571329911,-0.0071406554391492535,0.7665620086984333,-0.9524326969869764
0.9059944571329911,-0.09141863461616102,-0.13117769134768759,-0.9524326969869764
0.9059944571329911,0.013854388843463218,0.990203877437838,-0.9524326969869764
0.9059944571329911,-0.09782137861724143,-0.19938053075048476,-0.9524326969869764
0.9059944571329911,0.015343399076272614,1.006065002880349,-0.9524326969869764
0.9059944571329911,-0.10228840931566961,-0.24696390707801766,-0.9524326969869764
0.9059944571329911,0.0205549348911055,1.0615789419291373,-0.9524326969869764
0.9059944571329911,-0.07221040261291982,0.07343082686070393,-0.9524326969869764
0.9059944571329911,-0.05315107163295957,0.27645323252484433,-0.9524326969869764
0.9059944571329911,-0.07548622512510049,0.0385363508871798,-0.9524326969869764
0.9059944571329911,0.022669329421694837,1.084101740057503,-0.9524326969869764
0.9059944571329911,-0.028433501768323606,0.5397479148705264,-0.9524326969869764
0.9059944571329911,-0.10303291443207431,-0.25489446979927316,1.1059182539114965
0.9059944571329911,-0.167804859559283,-0.9448534265485004,1.1059182539114965
0.9059944571329911,-0.054640081865768964,0.2605921070823334,-0.9524326969869764
0.9059944571329911,-0.11122247071252597,-0.3421306597330835,-0.9524326969869764
0.9059944571329911,-0.001035713484630733,0.8315926230127283,-0.9524326969869764
0.9059944571329911,-0.08144226605633807,-0.024908150882864077,-0.9524326969869764
0.9059944571329911,-0.18716199258580513,-0.9291509123604145,1.1059182539114965
0.9059944571329911,-0.23026883882563712,-1.4871611665533928,1.1059182539114965
0.9059944571329911,-0.015925815812724686,0.6729813685876186,-0.9524326969869764
0.9059944571329911,-0.12015653210938235,-0.4372974123881493,-0.9524326969869764
0.9059944571329911,0.12597685937401068,2.184546623258914,1.1059182539114965
0.9059944571329911,-0.0114587851142965,0.7205647449151515,1.1059182539114965
0.9059944571329911,-0.030815918140818636,0.5143701141625089,-0.9524326969869764
0.9059944571329911,-0.07548622512510049,0.0385363508871798,-0.9524326969869764
0.9059944571329911,-0.054640081865768964,0.2605921070823334,-0.9524326969869764
0.9059944571329911,-0.11122247071252597,-0.3421306597330835,-0.9524326969869764
0.9059944571329911,-0.04570602046891259,0.3557588597373992,1.1059182539114965
0.9059944571329911,-0.09037632745319445,-0.12007490353792989,1.1059182539114965
0.9059944571329911,0.013854388843463218,0.990203877437838,-0.9524326969869764
0.9059944571329911,-0.1052664297812884,-0.2786861579630396,-0.9524326969869764
0.9059944571329911,-0.02337086697677166,0.5936757413750637,1.1059182539114965
0.9059944571329911,-0.04570602046891259,0.3557588597373992,1.1059182539114965
0.9059944571329911,-0.12760158327342933,-0.15815746572539874,-0.9524326969869764
0.9059944571329911,-0.15738178792961724,-0.5436621196056278,-0.9524326969869764
0.9059944571329911,-0.05523568595889272,0.25424765690532897,-0.9524326969869764
0.9059944571329911,-0.12492136485437241,-0.4880530138041844,-0.9524326969869764
0.9059944571329911,-0.15738178792961724,-0.8338255484509235,1.1059182539114965
0.9059944571329911,-0.17227189025771117,-0.9924368028760332,1.1059182539114965
0.9059944571329911,0.0510796446636981,1.3867320135006123,-0.9524326969869764
0.9059944571329911,-0.051066457307026414,0.2986588081443597,-0.9524326969869764
0.9059944571329911,-0.06059612279700654,0.1971476053122895,-0.9524326969869764
0.9059944571329911,-0.1052664297812884,-0.2786861579630396,-0.9524326969869764
0.9059944571329911,-0.040047781584236886,0.4160311364189409,-0.9524326969869764
0.9059944571329911,-0.09633236838443203,-0.18351940530797378,-0.9524326969869764
0.9059944571329911,-0.06804117396105351,0.11784197809973465,1.1059182539114965
0.9059944571329911,-0.14993673676557026,-0.7545199212383686,1.1059182539114965
0.9059944571329911,0.0205549348911055,1.0615789419291373,-0.9524326969869764
0.9059944571329911,-0.07221040261291982,0.07343082686070393,-0.9524326969869764
0.9059944571329911,-0.14249168560152328,-0.6752142940258138,-0.9524326969869764
0.9059944571329911,-0.15663728281321254,-0.825894985729668,-0.9524326969869764
0.9059944571329911,-0.03453844372284213,0.47471730055623146,-0.9524326969869764
0.9059944571329911,-0.12536806792421523,-0.49281135143693766,-0.9524326969869764
0.9059944571329911,-0.040047781584236886,0.4160311364189409,-0.9524326969869764
0.9059944571329911,-0.09633236838443203,-0.18351940530797378,-0.9524326969869764
0.9059944571329911,-0.05315107163295957,0.27645323252484433,-0.9524326969869764
0.9059944571329911,-0.07548622512510049,0.0385363508871798,-0.9524326969869764
0.9059944571329911,0.08830490048393298,1.7832601495633864,-0.9524326969869764
0.9059944571329911,0.013854388843463218,0.990203877437838,-0.9524326969869764
0.9059944571329911,0.10319500281202693,1.9418714039884961,-0.9524326969869764
0.9059944571329911,-0.006991754415868314,0.7681481212426844,-0.9524326969869764
0.9059944571329911,-0.04570602046891259,0.3557588597373992,1.1059182539114965
0.9059944571329911,-0.09037632745319445,-0.12007490353792989,1.1059182539114965
0.9059944571329911,0.013854388843463218,0.990203877437838,-0.9524326969869764
0.9059944571329911,-0.06059612279700654,0.1971476053122895,-0.9524326969869764
0.9059944571329911,-0.21694219724199304,-1.4161033245709438,-0.9524326969869764
0.9059944571329911,-0.2303432893372776,-1.5692900740947147,-0.9524326969869764
0.9059944571329911,-0.06059612279700654,0.1971476053122895,-0.9524326969869764
0.9059944571329911,-0.1052664297812884,-0.2786861579630396,-0.9524326969869764
0.9059944571329911,-0.23927735073413398,-1.7061874477890269,0.07674277846226003
0.9059944571329911,-0.008480764648677709,0.7522869958001734,-0.9524326969869764
0.9059944571329911,-0.09782137861724143,-0.19938053075048476,-0.9524326969869764
-0.5404380201352825,-0.2328448265283974,-1.6376673858773796,1.1059182539114965
-0.5404380201352825,-0.21247516654356485,-2.0346872168288717,1.1059182539114965
0.9059944571329911,-0.17971694142175815,-0.9905969123247019,1.1059182539114965
-0.5404380201352825,-0.12611257304061993,-0.5007419141581931,-0.9524326969869764
0.9059944571329911,-0.02337086697677166,0.5936757413750637,1.1059182539114965
0.9059944571329911,-0.09037632745319445,-0.12007490353792989,1.1059182539114965
0.9059944571329911,-0.10228840931566961,-0.24696390707801766,1.1059182539114965
0.9059944571329911,-0.14427849788089456,-0.694247644556827,1.1059182539114965
0.9059944571329911,-0.06059612279700654,0.1971476053122895,1.1059182539114965
0.9059944571329911,-0.14993673676557026,-0.7545199212383686,1.1059182539114965
0.9059944571329911,-0.03826096930486561,0.43506448694995403,1.1059182539114965
0.9059944571329911,-0.11717851164376356,-0.40557516150312733,1.1059182539114965
0.9059944571329911,0.043634593499651125,1.3074263862880573,-0.9524326969869764
0.9059944571329911,-0.18418397212018633,-1.0416538751241449,1.1059182539114965
0.9059944571329911,-0.1946070437498521,-1.1608026494482873,-0.9524326969869764
0.9059944571329911,0.0205549348911055,1.0615789419291373,-0.9524326969869764
0.9059944571329911,-0.07221040261291982,0.07343082686070393,-0.9524326969869764
0.9059944571329911,1.6517656449337978,-1.9313202623200276,1.1059182539114965
0.9059944571329911,0.013854388843463218,0.990203877437838,-0.9524326969869764
0.9059944571329911,-0.02337086697677166,0.5936757413750637,-0.9524326969869764
0.9059944571329911,-0.0071406554391492535,0.7665620086984333,-0.9524326969869764
0.9059944571329911,-0.09141863461616102,-0.13117769134768759,-0.9524326969869764
0.9059944571329911,-0.0071406554391492535,0.7665620086984333,-0.9524326969869764
0.9059944571329911,-0.10273511238551243,-0.2517222447107709,-0.9524326969869764
0.9059944571329911,0.0205549348911055,1.0615789419291373,-0.9524326969869764
0.9059944571329911,-0.07221040261291982,0.07343082686070393,-0.9524326969869764
0.9059944571329911,-0.22438724840604002,-1.5475761933639172,0.07674277846226003
0.9059944571329911,1.2050625750909794,-1.7148634834060803,0.07674277846226003
0.9059944571329911,-0.015657793970818994,0.6758363711672706,-0.9524326969869764
0.9059944571329911,-0.12608279283596374,-0.500424691649343,-0.9524326969869764
0.9059944571329911,-0.08144226605633807,-0.024908150882864077,1.1059182539114965
0.9059944571329911,-0.12909059350623872,-0.5324641650432151,1.1059182539114965
0.9059944571329911,-0.09782137861724143,-0.19938053075048476,-0.9524326969869764
0.9059944571329911,-0.12015653210938235,-0.4372974123881493,-0.9524326969869764
0.9059944571329911,-0.0555334880054546,0.2510754318168268,-0.9524326969869764
0.9059944571329911,-0.10124610215270304,-0.23586111926825998,-0.9524326969869764
0.9059944571329911,0.17764551445249668,2.7349276761140446,1.1059182539114965
0.9059944571329911,0.07192578792302963,1.6087877696957658,1.1059182539114965
0.9059944571329911,-0.05705227844292018,0.2348970838654656,-0.9524326969869764
0.9059944571329911,-0.1024313542980193,-0.2484865751204987,-0.9524326969869764
0.9059944571329911,-0.0071406554391492535,0.7665620086984333,-0.9524326969869764
0.9059944571329911,-0.09141863461616102,-0.13117769134768759,-0.9524326969869764
0.9059944571329911,0.0845823749019095,1.7436073359571092,-0.9524326969869764
0.9059944571329911,-0.02754009562863797,0.549264590136033,-0.9524326969869764
0.9059944571329911,-0.03319833451331367,0.48899231345449135,-0.9524326969869764
0.9059944571329911,-0.12730378122686745,-0.513430814512202,-0.9524326969869764
0.9059944571329911,-0.09293742505362661,-0.14735603929904875,-0.9524326969869764
0.9059944571329911,-0.12477246383109147,-0.4864669012599333,-0.9524326969869764
-0.5404380201352825,0.0019423069809880573,0.8633148738977502,1.1059182539114965
0.9059944571329911,-0.07548622512510049,0.0385363508871798,-0.9524326969869764
0.9059944571329911,-0.1350466344374763,-0.595908666813259,-0.9524326969869764
0.9059944571329911,-0.1350466344374763,-0.4799797009539463,1.1059182539114965
0.9059944571329911,-0.16482683909366422,-0.8203911752011167,1.1059182539114965
0.9059944571329911,0.12553015630416786,2.179788285626161,-0.9524326969869764
0.9059944571329911,-0.024859877209581056,0.5778146159325528,-0.9524326969869764
0.9059944571329911,-0.07623073024150519,0.030605788165924314,-0.9524326969869764
0.9059944571329911,-0.12104993824906798,-0.4468140876536559,-0.9524326969869764
0.9059944571329911,-0.07623073024150519,0.030605788165924314,-0.9524326969869764
0.9059944571329911,-0.12104993824906798,-0.4468140876536559,-0.9524326969869764
0.9059944571329911,-0.030071413024413938,0.5223006768837644,1.1059182539114965
0.9059944571329911,-0.15738178792961724,-0.8338255484509235,1.1059182539114965
0.9059944571329911,-0.19456684047356626,-1.0250155545349509,-0.9524326969869764
0.9059944571329911,-0.2173338069332219,-1.319731126382247,-0.9524326969869764
0.9059944571329911,-0.0875486970210894,0.36032686386484236,-0.9524326969869764
0.9059944571329911,-0.12776388538880554,-0.1602511342838102,-0.9524326969869764
0.9059944571329911,-0.16482683909366422,-0.9131311756634783,-0.9524326969869764
0.9059944571329911,-0.18716199258580513,-1.151048057301143,-0.9524326969869764
0.9059944571329911,-0.09820852127777187,-0.2035044233655376,-0.9524326969869764
0.9059944571329911,-0.18643535559219415,-1.1433078280851976,-0.9524326969869764
0.9059944571329911,-0.17644111890957748,-1.036847954115064,-0.9524326969869764
0.9059944571329911,-0.1871917727904613,-1.1513652798099931,-0.9524326969869764
0.9059944571329911,-0.05523568595889272,0.25424765690532897,-0.9524326969869764
0.9059944571329911,-0.12492136485437241,-0.4880530138041844,-0.9524326969869764
0.9059944571329911,-0.01596304106854492,0.6725848404515559,1.1059182539114965
0.9059944571329911,-0.15519889892831865,-0.8105731385522025,1.1059182539114965
0.9059944571329911,-0.1052664297812884,-0.2786861579630396,-0.9524326969869764
0.9059944571329911,-0.14993673676557026,-0.7545199212383686,-0.9524326969869764
0.9059944571329911,-0.22140922794042123,-1.3724852296040386,-0.9524326969869764
0.9059944571329911,-0.231832299570087,-1.507399962618037,-0.9524326969869764
0.9059944571329911,-0.06197196825212242,0.18249192540340936,-0.9524326969869764
0.9059944571329911,-0.16130532989306998,-0.87561961399194,-0.9524326969869764
0.9059944571329911,-0.032304928373628035,0.49850898871999794,-0.9524326969869764
0.9059944571329911,-0.11926312596969671,-0.4277807371226427,-0.9524326969869764
0.9059944571329911,-0.02337086697677166,0.5936757413750637,-0.9524326969869764
0.9059944571329911,-0.1052664297812884,-0.2786861579630396,-0.9524326969869764
0.9059944571329911,0.058524695827745075,1.466037640713167,-0.9524326969869764
0.9059944571329911,-0.015925815812724686,0.6729813685876186,-0.9524326969869764
0.9059944571329911,-0.05523568595889272,0.25424765690532897,-0.9524326969869764
0.9059944571329911,-0.12492136485437241,-0.4880530138041844,-0.9524326969869764
0.9059944571329911,-0.07548622512510049,0.0385363508871798,-0.9524326969869764
0.9059944571329911,-0.1052664297812884,-0.2786861579630396,-0.9524326969869764
0.9059944571329911,0.022669329421694837,1.084101740057503,-0.9524326969869764
0.9059944571329911,-0.028433501768323606,0.5397479148705264,-0.9524326969869764
0.9059944571329911,-0.03826096930486561,0.43506448694995403,1.1059182539114965
0.9059944571329911,-0.09782137861724143,-0.19938053075048476,1.1059182539114965
0.9059944571329911,0.1106400539760739,2.021177031201051,-0.9524326969869764
0.9059944571329911,-0.008480764648677709,0.7522869958001734,-0.9524326969869764
0.9059944571329911,-0.09037632745319445,-0.12007490353792989,-0.9524326969869764
-0.5404380201352825,-0.03379393860643743,0.48264786327748693,1.1059182539114965
0.9059944571329911,-0.2303432893372776,-1.5692900740947147,0.07674277846226003
0.9059944571329911,-0.14249168560152328,-0.6752142940258138,-0.9524326969869764
0.9059944571329911,-0.15663728281321254,-0.825894985729668,-0.9524326969869764
0.9059944571329911,-0.0649142524721538,0.1511503415290077,-0.9524326969869764
0.9059944571329911,-0.14889442960260368,-0.743417133428611,-0.9524326969869764
0.9059944571329911,-0.03441932290421738,0.47598619059163233,-0.9524326969869764
0.9059944571329911,-0.15294453743584524,-0.7865593946322409,-0.9524326969869764
0.9059944571329911,0.01683240930908201,1.02192612832286,1.1059182539114965
0.9059944571329911,-0.08293127628914747,-0.040769276325375046,1.1059182539114965
0.9059944571329911,-0.040047781584236886,0.4160311364189409,-0.9524326969869764
0.9059944571329911,-0.09633236838443203,-0.18351940530797378,-0.9524326969869764
0.9059944571329911,-0.040047781584236886,0.4160311364189409,-0.9524326969869764
0.9059944571329911,-0.09633236838443203,-0.18351940530797378,-0.9524326969869764
0.9059944571329911,-0.12909059350623872,-0.5324641650432151,1.1059182539114965
0.9059944571329911,-0.18716199258580513,-1.151048057301143,1.1059182539114965
0.9059944571329911,0.058524695827745075,1.466037640713167,-0.9524326969869764
0.9059944571329911,-0.06357414326262534,0.16542535442726755,-0.9524326969869764
0.9059944571329911,0.11659609490731149,2.084621532971095,1.1059182539114965
0.9059944571329911,-0.04868404093453138,0.3240366088523773,1.1059182539114965
0.9059944571329911,0.009387358145035033,0.942620501110305,-0.9524326969869764
0.9059944571329911,-0.12611257304061993,-0.5007419141581931,-0.9524326969869764
0.9059944571329911,-0.06059612279700654,0.1971476053122895,1.1059182539114965
0.9059944571329911,-0.1350466344374763,-0.595908666813259,1.1059182539114965
0.9059944571329911,0.1478653097963088,2.4177051672638252,1.1059182539114965
0.9059944571329911,0.02874449117155717,1.1488151318629476,1.1059182539114965
0.9059944571329911,0.0019423069809880573,0.8633148738977502,-0.9524326969869764
0.9059944571329911,-0.02664668948895233,0.5587812654015396,-0.9524326969869764
0.9059944571329911,0.16311277458027698,2.5801230917951377,-0.9524326969869764
0.9059944571329911,0.014092630480712721,0.9927416575086397,-0.9524326969869764
0.9059944571329911,0.16311277458027698,2.5801230917951377,-0.9524326969869764
0.9059944571329911,0.014092630480712721,0.9927416575086397,-0.9524326969869764
0.9059944571329911,-0.02337086697677166,0.5936757413750637,-0.9524326969869764
0.9059944571329911,-0.07548622512510049,0.0385363508871798,-0.9524326969869764
0.9059944571329911,-0.032304928373628035,0.49850898871999794,-0.9524326969869764
0.9059944571329911,-0.1350466344374763,-0.595908666813259,-0.9524326969869764
0.9059944571329911,0.2669861284210604,3.686595202664703,-0.9524326969869764
0.9059944571329911,0.080859849319886,1.7039545223508317,-0.9524326969869764
0.9059944571329911,-0.14249168560152328,-0.35090186210279206,1.1059182539114965
0.9059944571329911,-0.12015653210938235,-0.4372974123881493,1.1059182539114965
0.9059944571329911,-0.16482683909366422,-0.9131311756634783,1.1059182539114965
0.9059944571329911,-0.20205209491389908,-1.3096593117262527,-0.9524326969869764
0.9059944571329911,-0.21247516654356485,-1.4206871898238294,-0.9524326969869764
0.9059944571329911,-0.14249168560152328,-0.6752142940258138,-0.9524326969869764
0.9059944571329911,-0.15738178792961724,-0.8338255484509235,-0.9524326969869764
0.9059944571329911,-0.07920875070712398,-0.001116462719097624,1.1059182539114965
0.9059944571329911,-0.16259332374445012,-0.8893394874997119,1.1059182539114965
0.9059944571329911,0.19744935054886165,2.9458806444994408,-0.9524326969869764
0.9059944571329911,-0.008927467718520527,0.7475286581674202,-0.9524326969869764
-1.986870497403556,-0.23927735073413398,-1.7061874477890269,-0.9524326969869764
0.9059944571329911,-0.006991754415868314,0.7681481212426844,1.1059182539114965
0.9059944571329911,-0.05599805919809113,0.24612676067876338,1.1059182539114965
0.9059944571329911,-0.001035713484630733,0.8315926230127283,1.1059182539114965
0.9059944571329911,-0.04570602046891259,0.3557588597373992,1.1059182539114965
0.9059944571329911,0.013854388843463218,0.990203877437838,1.1059182539114965
0.9059944571329911,-0.06059612279700654,0.1971476053122895,1.1059182539114965
0.9059944571329911,-0.001035713484630733,0.8315926230127283,-0.9524326969869764
0.9059944571329911,-0.010997191942125588,0.7254816938023299,-0.9524326969869764
0.9059944571329911,0.07341479815583903,1.6246488951382767,1.1059182539114965
0.9059944571329911,-0.015925815812724686,0.6729813685876186,1.1059182539114965
0.9059944571329911,0.013854388843463218,0.990203877437838,1.1059182539114965
0.9059944571329911,-0.06059612279700654,0.1971476053122895,1.1059182539114965
0.9059944571329911,0.16201090700799803,2.5683858589676793,-0.9524326969869764
0.9059944571329911,0.08100875034316694,1.7055406348950828,-0.9524326969869764
0.9059944571329911,-0.0695301841938629,0.10198085265722368,1.1059182539114965
0.9059944571329911,-0.18567298235299573,-1.135186931858632,1.1059182539114965
0.9059944571329911,-0.06282963814622064,0.17335591714852305,-0.9524326969869764
0.9059944571329911,-0.09591991254994382,-0.17912587356039825,-0.9524326969869764
0.9059944571329911,0.055546675362126284,1.434315389828145,-0.9524326969869764
0.9059944571329911,-0.1052664297812884,-0.2786861579630396,-0.9524326969869764
0.9059944571329911,-0.015925815812724686,0.6729813685876186,-0.9524326969869764
0.9059944571329911,-0.14993673676557026,-0.7545199212383686,-0.9524326969869764
0.9059944571329911,-0.09558786326802733,-0.17558884258671828,-0.9524326969869764
0.9059944571329911,-0.167804859559283,-0.9448534265485004,-0.9524326969869764
0.9059944571329911,-0.015925815812724686,0.6729813685876186,-0.9524326969869764
0.9059944571329911,-0.04570602046891259,0.3557588597373992,-0.9524326969869764
0.9059944571329911,0.12106312560573967,2.1322049092986277,-0.9524326969869764
0.9059944571329911,-0.030815918140818636,0.5143701141625089,-0.9524326969869764
0.9059944571329911,-0.16482683909366422,-0.9131311756634783,-0.9524326969869764
0.9059944571329911,-0.1946070437498521,-1.2303536845136978,-0.9524326969869764
0.9059944571329911,0.10170599257921753,1.9260102785459852,1.1059182539114965
0.9059944571329911,-0.06655216372824412,0.13370310354224563,1.1059182539114965
0.9059944571329911,0.013854388843463218,0.990203877437838,-0.9524326969869764
0.9059944571329911,-0.04570602046891259,0.3557588597373992,-0.9524326969869764
0.9059944571329911,0.17764551445249668,2.7349276761140446,1.1059182539114965
0.9059944571329911,0.07192578792302963,1.6087877696957658,1.1059182539114965
0.9059944571329911,-0.0725082046594817,0.07025860177220174,1.1059182539114965
0.9059944571329911,-0.14249168560152328,-0.6752142940258138,1.1059182539114965
0.9059944571329911,-0.05315107163295957,0.27645323252484433,-0.9524326969869764
0.9059944571329911,-0.07623073024150519,0.030605788165924314,-0.9524326969869764
0.9059944571329911,-0.07548622512510049,0.0385363508871798,1.1059182539114965
0.9059944571329911,-0.1052664297812884,-0.2786861579630396,1.1059182539114965
0.9059944571329911,0.10170599257921753,1.9260102785459852,1.1059182539114965
0.9059944571329911,-0.06655216372824412,0.13370310354224563,1.1059182539114965
0.9059944571329911,-0.14993673676557026,-0.4472740602914887,-0.9524326969869764
0.9059944571329911,-0.1946070437498521,-1.0255231105491112,-0.9524326969869764
0.9059944571329911,-0.167804859559283,-1.9000262618219534,1.1059182539114965
0.9059944571329911,-0.13296202011154315,-1.8723803201756568,1.1059182539114965
0.9059944571329911,0.0845823749019095,1.7436073359571092,-0.9524326969869764
0.9059944571329911,-0.02754009562863797,0.549264590136033,-0.9524326969869764
0.9059944571329911,0.0510796446636981,1.3867320135006123,-0.9524326969869764
0.9059944571329911,-0.051066457307026414,0.2986588081443597,-0.9524326969869764
0.9059944571329911,-0.07623073024150519,0.030605788165924314,-0.9524326969869764
0.9059944571329911,-0.12104993824906798,-0.4468140876536559,-0.9524326969869764
0.9059944571329911,-0.09782137861724143,-0.19938053075048476,-0.9524326969869764
0.9059944571329911,-0.14993673676557026,-0.7545199212383686,-0.9524326969869764
0.9059944571329911,-0.1350466344374763,-0.4799797009539463,1.1059182539114965
0.9059944571329911,-0.17971694142175815,-0.9905969123247019,1.1059182539114965
0.9059944571329911,-0.0071406554391492535,0.7665620086984333,-0.9524326969869764
0.9059944571329911,-0.09141863461616102,-0.13117769134768759,-0.9524326969869764
0.9059944571329911,-0.07623073024150519,0.030605788165924314,-0.9524326969869764
0.9059944571329911,-0.12104993824906798,-0.4468140876536559,-0.9524326969869764
0.9059944571329911,-0.1052664297812884,-0.2786861579630396,1.1059182539114965
0.9059944571329911,-0.17227189025771117,-0.9924368028760332,1.1059182539114965
0.9059944571329911,-0.032304928373628035,0.49850898871999794,-0.9524326969869764
0.9059944571329911,-0.11926312596969671,-0.4277807371226427,-0.9524326969869764
0.9059944571329911,0.14488728933069,2.3859829163788033,1.1059182539114965
0.9059944571329911,-0.07548622512510049,0.0385363508871798,1.1059182539114965
0.9059944571329911,0.14488728933069,2.3859829163788033,1.1059182539114965
0.9059944571329911,-0.07548622512510049,0.0385363508871798,1.1059182539114965
0.9059944571329911,-0.1052664297812884,-0.2786861579630396,-0.9524326969869764
0.9059944571329911,-0.14993673676557026,-0.7545199212383686,-0.9524326969869764
0.9059944571329911,-0.1946070437498521,-1.0255231105491112,-0.9524326969869764
0.9059944571329911,-0.20949714607794606,-1.218283368051947,-0.9524326969869764
0.9059944571329911,0.03626399284724462,1.228913815347628,1.1059182539114965
0.9059944571329911,-0.051066457307026414,0.2986588081443597,1.1059182539114965
0.9059944571329911,0.010876368377844428,0.9584816265528161,1.1059182539114965
0.9059944571329911,-0.11420049117814476,-0.37385291061810544,1.1059182539114965
0.9059944571329911,-0.17227189025771117,-0.9924368028760332,1.1059182539114965
0.9059944571329911,-0.1946070437498521,-1.2303536845136978,1.1059182539114965
0.9059944571329911,0.0205549348911055,1.0615789419291373,-0.9524326969869764
0.9059944571329911,-0.07221040261291982,0.07343082686070393,-0.9524326969869764
0.9059944571329911,0.027702184008590595,1.13771234405319,1.1059182539114965
0.9059944571329911,-0.012649993300544015,0.7078758445611427,1.1059182539114965
0.9059944571329911,-0.07548622512510049,0.0385363508871798,-0.9524326969869764
0.9059944571329911,-0.1052664297812884,-0.2786861579630396,-0.9524326969869764
-0.5404380201352825,-0.15738178792961724,-0.8338255484509235,-0.9524326969869764
0.9059944571329911,-0.22438724840604002,-1.4110277644293403,1.1059182539114965
0.9059944571329911,-0.1052664297812884,-0.2786861579630396,1.1059182539114965
0.9059944571329911,-0.1946070437498521,-1.2303536845136978,1.1059182539114965
0.9059944571329911,-0.0649142524721538,0.1511503415290077,-0.9524326969869764
0.9059944571329911,-0.14889442960260368,-0.743417133428611,-0.9524326969869764
0.9059944571329911,0.058524695827745075,1.466037640713167,-0.9524326969869764
0.9059944571329911,-0.030815918140818636,0.5143701141625089,-0.9524326969869764
0.9059944571329911,0.05405766512931689,1.4184542643856342,-0.9524326969869764
0.9059944571329911,-0.12313455257500114,-0.46901966327317124,-0.9524326969869764
0.9059944571329911,-0.015925815812724686,0.6729813685876186,1.1059182539114965
0.9059944571329911,-0.04570602046891259,0.3557588597373992,1.1059182539114965
0.9059944571329911,-0.015925815812724686,0.6729813685876186,1.1059182539114965
0.9059944571329911,-0.04570602046891259,0.3557588597373992,1.1059182539114965
0.9059944571329911,-0.015925815812724686,0.6729813685876186,-0.9524326969869764
0.9059944571329911,-0.09037632745319445,-0.12007490353792989,-0.9524326969869764
0.9059944571329911,-0.20651912561232727,-1.2969704113722438,1.1059182539114965
0.9059944571329911,-0.21247516654356485,-1.365046361771501,1.1059182539114965
0.9059944571329911,-0.1946070437498521,-1.2303536845136978,1.1059182539114965
0.9059944571329911,-0.20949714607794606,-1.3889649389388075,0.07674277846226003
0.9059944571329911,0.05361096205947407,1.4136959267528808,-0.9524326969869764
0.9059944571329911,-0.08546259368492344,-0.0677331895776437,-0.9524326969869764
0.9059944571329911,0.09128292094955177,1.8149824004484085,-0.9524326969869764
0.9059944571329911,-0.09186533768600384,-0.13593602898044085,-0.9524326969869764
0.9059944571329911,-0.09782286762747423,0.22731546590394536,1.1059182539114965
0.9059944571329911,0.9072605285291002,-2.0277400438850517,-0.9524326969869764
0.9059944571329911,-0.16482683909366422,-0.9131311756634783,-0.9524326969869764
0.9059944571329911,-0.20577462049592257,-1.34931212533253,-0.9524326969869764
0.9059944571329911,0.08830490048393298,1.7832601495633864,1.1059182539114965
0.9059944571329911,-0.0419834948868891,0.3954116733436766,1.1059182539114965
0.9059944571329911,-0.15738178792961724,-0.8338255484509235,1.1059182539114965
0.9059944571329911,-0.17227189025771117,-0.9924368028760332,1.1059182539114965
0.9059944571329911,-0.05523568595889272,0.25424765690532897,-0.9524326969869764
0.9059944571329911,-0.12492136485437241,-0.4880530138041844,-0.9524326969869764
0.9059944571329911,-0.03826096930486561,0.43506448694995403,-0.9524326969869764
0.9059944571329911,-0.09931038885005082,-0.2152416561929957,-0.9524326969869764
0.9059944571329911,-0.1113207453878914,-0.3431774940122892,1.1059182539114965
0.9059944571329911,-0.16234614804580375,-0.8867065406762551,1.1059182539114965
0.9059944571329911,-0.03441932290421738,0.47598619059163233,-0.9524326969869764
0.9059944571329911,-0.15294453743584524,-0.7865593946322409,-0.9524326969869764
0.9059944571329911,0.08830490048393298,1.7832601495633864,1.1059182539114965
0.9059944571329911,-0.19014001305142392,-1.182770308186165,1.1059182539114965
0.9059944571329911,0.09388868885696822,1.8427393699728025,-0.9524326969869764
0.9059944571329911,-0.032007126327066156,0.5016812138085002,-0.9524326969869764
0.9059944571329911,0.09388868885696822,1.8427393699728025,-0.9524326969869764
0.9059944571329911,-0.032007126327066156,0.5016812138085002,-0.9524326969869764
0.9059944571329911,-0.030815918140818636,0.5143701141625089,-0.9524326969869764
0.9059944571329911,-0.1052664297812884,-0.2786861579630396,-0.9524326969869764
0.9059944571329911,-0.09820852127777187,-0.2035044233655376,-0.9524326969869764
0.9059944571329911,-0.18643535559219415,-1.1433078280851976,-0.9524326969869764
0.9059944571329911,0.034075147805014805,1.205597960947137,1.1059182539114965
0.9059944571329911,-0.04030835837497853,0.41325543946650145,1.1059182539114965
0.9059944571329911,-0.2660795349247031,-1.9916877057542244,-0.9524326969869764
-0.5404380201352825,0.2744311795851074,3.765900829877258,1.1059182539114965
0.9059944571329911,-0.14249168560152328,-0.5650905000784602,1.1059182539114965
0.9059944571329911,1.7262161565742675,-1.921676698050981,1.1059182539114965
0.9059944571329911,0.043634593499651125,1.3074263862880573,-0.9524326969869764
0.9059944571329911,-0.030815918140818636,0.5143701141625089,-0.9524326969869764
0.9059944571329911,0.06596974699179205,1.545343267925722,-0.9524326969869764
0.9059944571329911,0.02874449117155717,1.1488151318629476,-0.9524326969869764
0.9059944571329911,-0.015925815812724686,0.6729813685876186,1.1059182539114965
0.9059944571329911,-0.11271148094533537,-0.35799178517559443,1.1059182539114965
0.9059944571329911,0.013854388843463218,0.990203877437838,1.1059182539114965
0.9059944571329911,-0.11271148094533537,-0.35799178517559443,1.1059182539114965
0.9059944571329911,0.06038595861875682,1.4858640475163059,1.1059182539114965
0.9059944571329911,-0.07734748791611223,0.01870994408404109,1.1059182539114965
0.9059944571329911,0.13939284157162332,2.327455363495938,-0.9524326969869764
0.9059944571329911,-0.05599508117762551,0.2461584829296484,-0.9524326969869764
0.9059944571329911,-0.04570602046891259,0.3557588597373992,1.1059182539114965
0.9059944571329911,-0.17227189025771117,-0.9924368028760332,1.1059182539114965
0.9059944571329911,-0.09782137861724143,-0.19938053075048476,-0.9524326969869764
0.9059944571329911,-0.12760158327342933,-0.5166030396007042,-0.9524326969869764
0.9059944571329911,-0.14993673676557026,-0.4472740602914887,-0.9524326969869764
0.9059944571329911,-0.17971694142175815,-0.8327787141717178,-0.9524326969869764
0.9059944571329911,-0.20205209491389908,-1.3096593117262527,-0.9524326969869764
0.9059944571329911,-0.21247516654356485,-1.4206871898238294,-0.9524326969869764
0.9059944571329911,-0.1350466344374763,-0.595908666813259,0.07674277846226003
0.9059944571329911,0.05241975387322655,1.401007026398872,-0.9524326969869764
0.9059944571329911,-0.051066457307026414,0.2986588081443597,-0.9524326969869764
0.9059944571329911,0.08830490048393298,1.7832601495633864,1.1059182539114965
0.9059944571329911,-0.0419834948868891,0.3954116733436766,1.1059182539114965
0.9059944571329911,0.19000429938481467,2.866575017286886,1.1059182539114965
0.9059944571329911,-0.0028225257640020073,0.8125592724817151,1.1059182539114965
0.9059944571329911,0.28932128191320133,3.9245120843023673,-0.9524326969869764
0.9059944571329911,-0.1946070437498521,-1.2303536845136978,-0.9524326969869764
0.9059944571329911,-0.12015653210938235,-0.4372974123881493,1.1059182539114965
0.9059944571329911,-0.14249168560152328,-0.6752142940258138,1.1059182539114965
0.9059944571329911,-0.06804117396105351,0.11784197809973465,1.1059182539114965
0.9059944571329911,-0.08293127628914747,-0.040769276325375046,1.1059182539114965
0.9059944571329911,-0.015657793970818994,0.6758363711672706,-0.9524326969869764
0.9059944571329911,-0.12608279283596374,-0.500424691649343,-0.9524326969869764
0.9059944571329911,-0.14410130566319024,-0.6923601706291682,1.1059182539114965
0.9059944571329911,-0.20657570800117403,-1.357845410820601,1.1059182539114965
0.9059944571329911,0.0762007363014254,1.6543250608412148,-0.9524326969869764
0.9059944571329911,-0.08467044024106885,-0.05929507084222786,-0.9524326969869764
0.9059944571329911,-0.030815918140818636,0.5143701141625089,1.1059182539114965
0.9059944571329911,-0.14993673676557026,-0.7545199212383686,1.1059182539114965
0.9059944571329911,0.030105446524344957,1.1633122005174028,1.1059182539114965
0.9059944571329911,-0.11017420750862816,-0.33096442742155574,1.1059182539114965
0.9059944571329911,0.002686812097392755,0.8712454366190057,1.1059182539114965
0.9059944571329911,-0.07548622512510049,0.0385363508871798,1.1059182539114965
0.9059944571329911,-0.06197196825212242,0.18249192540340936,-0.9524326969869764
0.9059944571329911,-0.16130532989306998,-0.87561961399194,-0.9524326969869764
0.9059944571329911,-0.2303432893372776,-1.611020695133961,1.1059182539114965
0.9059944571329911,-0.02337086697677166,0.5936757413750637,-0.9524326969869764
0.9059944571329911,-0.062457385588018284,0.1773211985091508,-0.9524326969869764
0.9059944571329911,0.2669861284210604,3.686595202664703,-0.9524326969869764
0.9059944571329911,0.013854388843463218,0.990203877437838,-0.9524326969869764
0.9059944571329911,0.06596974699179205,1.545343267925722,1.1059182539114965
0.9059944571329911,-0.008480764648677709,0.7522869958001734,1.1059182539114965
0.9059944571329911,-0.1350466344374763,-0.25452966391409537,-0.9524326969869764
0.9059944571329911,-0.16482683909366422,-0.6400343177943245,-0.9524326969869764
0.9059944571329911,0.03782745359169448,1.2455679970622646,-0.9524326969869764
0.9059944571329911,-0.07429501693885297,0.051225251241188575,-0.9524326969869764
0.9059944571329911,-0.1052664297812884,0.13097498996613374,-0.9524326969869764
0.9059944571329911,-0.1350466344374763,-0.25452966391409537,-0.9524326969869764
0.9059944571329911,-0.20949714607794606,-1.3310083865718725,1.1059182539114965
0.9059944571329911,-0.12015653210938235,-0.4372974123881493,0.07674277846226003
0.9059944571329911,-0.09335434791881324,-0.15179715442295183,-0.9524326969869764
0.9059944571329911,-0.16259332374445012,-0.8893394874997119,-0.9524326969869764
0.9059944571329911,-0.20205209491389908,-1.1219111698632502,1.1059182539114965
0.9059944571329911,-0.20651912561232727,-1.1797249721012029,1.1059182539114965
0.9059944571329911,-0.20949714607794606,-1.218283368051947,-0.9524326969869764
0.9059944571329911,-0.21694219724199304,-1.3146555662406436,-0.9524326969869764
0.9059944571329911,0.13893124839945242,2.3225384146087595,1.1059182539114965
0.9059944571329911,0.06745875722460144,1.561204393368233,1.1059182539114965
0.9059944571329911,0.08547578104159513,1.7531240112226156,-0.9524326969869764
0.9059944571329911,-0.06670106475152505,0.1321169909979945,-0.9524326969869764
0.9059944571329911,-0.05188541293507158,0.28993518915097866,-0.9524326969869764
0.9059944571329911,-0.1312585924052092,-0.5555579636875111,-0.9524326969869764
0.9059944571329911,-0.05849661836874529,0.21951179218622996,1.1059182539114965
0.9059944571329911,-0.11217543726152399,-0.3522817800162905,1.1059182539114965
0.9059944571329911,-0.1916290232842333,-1.1267646742486586,1.1059182539114965
0.9059944571329911,-0.20205209491389908,-1.2458975874473586,1.1059182539114965
0.9059944571329911,-0.030815918140818636,-0.1884997986969222,0.07674277846226003
0.9059944571329911,-0.1350466344374763,-0.595908666813259,0.07674277846226003
0.9059944571329911,1.279513086731449,-1.9795222225398184,0.07674277846226003
0.9059944571329911,0.08830490048393298,1.7832601495633864,-0.9524326969869764
0.9059944571329911,-0.0419834948868891,0.3954116733436766,-0.9524326969869764
0.9059944571329911,-0.008480764648677709,0.7522869958001734,-0.9524326969869764
0.9059944571329911,-0.10489417722308605,-0.27472087660241185,-0.9524326969869764
0.9059944571329911,-0.24672240189818095,-1.7565147988181142,1.1059182539114965
-0.5404380201352825,-0.015925815812724686,0.6729813685876186,1.1059182539114965
0.9059944571329911,-0.15738178792961724,-0.8338255484509235,-0.9524326969869764
0.9059944571329911,-0.17971694142175815,-1.071742430088588,-0.9524326969869764
0.9059944571329911,-0.08293127628914747,-0.040769276325375046,1.1059182539114965
0.9059944571329911,-0.1350466344374763,-0.595908666813259,1.1059182539114965
0.9059944571329911,-0.05315107163295957,0.27645323252484433,-0.9524326969869764
0.9059944571329911,-0.07548622512510049,0.0385363508871798,-0.9524326969869764
0.9059944571329911,0.0205549348911055,1.0615789419291373,-0.9524326969869764
0.9059944571329911,-0.07221040261291982,0.07343082686070393,-0.9524326969869764
0.9059944571329911,0.05361096205947407,1.4136959267528808,-0.9524326969869764
0.9059944571329911,-0.08546259368492344,-0.0677331895776437,-0.9524326969869764
0.9059944571329911,0.0510796446636981,1.3867320135006123,1.1059182539114965
0.9059944571329911,-0.051066457307026414,0.2986588081443597,1.1059182539114965
0.9059944571329911,-0.040047781584236886,0.4160311364189409,-0.9524326969869764
0.9059944571329911,-0.09633236838443203,-0.18351940530797378,-0.9524326969869764
0.9059944571329911,-0.040047781584236886,0.4160311364189409,-0.9524326969869764
0.9059944571329911,-0.09633236838443203,-0.18351940530797378,-0.9524326969869764
0.9059944571329911,0.043634593499651125,1.3074263862880573,-0.9524326969869764
0.9059944571329911,-0.06059612279700654,0.1971476053122895,-0.9524326969869764
0.9059944571329911,-0.06804117396105351,0.11784197809973465,-0.9524326969869764
0.9059944571329911,-0.11271148094533537,-0.35799178517559443,-0.9524326969869764
0.9059944571329911,0.0205549348911055,1.0615789419291373,-0.9524326969869764
0.9059944571329911,-0.07712413638119082,0.021089112900417734,-0.9524326969869764
0.9059944571329911,-0.0419834948868891,0.3954116733436766,-0.9524326969869764
0.9059944571329911,-0.09037632745319445,-0.12007490353792989,-0.9524326969869764
0.9059944571329911,-0.06059612279700654,0.1971476053122895,1.1059182539114965
0.9059944571329911,-0.12462356280781053,-0.4848807887156822,1.1059182539114965
0.9059944571329911,-0.02337086697677166,0.5936757413750637,-0.9524326969869764
0.9059944571329911,-0.12015653210938235,-0.4372974123881493,-0.9524326969869764
0.9059944571329911,0.05361096205947407,1.4136959267528808,-0.9524326969869764
0.9059944571329911,-0.08546259368492344,-0.0677331895776437,-0.9524326969869764
0.9059944571329911,0.09128292094955177,1.8149824004484085,-0.9524326969869764
0.9059944571329911,-0.09186533768600384,-0.13593602898044085,-0.9524326969869764
0.9059944571329911,-0.06059612279700654,0.1971476053122895,-0.9524326969869764
0.9059944571329911,-0.09782137861724143,-0.19938053075048476,-0.9524326969869764
0.9059944571329911,0.09128292094955177,1.8149824004484085,-0.9524326969869764
0.9059944571329911,-0.09186533768600384,-0.13593602898044085,-0.9524326969869764
0.9059944571329911,0.0510796446636981,1.3867320135006123,-0.9524326969869764
0.9059944571329911,-0.051066457307026414,0.2986588081443597,-0.9524326969869764
-0.5404380201352825,-0.24970042236379975,-1.8172153258866037,1.1059182539114965
0.9059944571329911,-0.12015653210938235,-0.4372974123881493,1.1059182539114965
0.9059944571329911,0.1106400539760739,2.021177031201051,1.1059182539114965
0.9059944571329911,-0.011831037672498849,0.7165994635545238,1.1059182539114965
0.9059944571329911,-0.09037632745319445,-0.12007490353792989,-0.9524326969869764
0.9059944571329911,-0.1350466344374763,-0.595908666813259,-0.9524326969869764
0.9059944571329911,-0.05523568595889272,0.25424765690532897,-0.9524326969869764
0.9059944571329911,-0.12492136485437241,-0.4880530138041844,-0.9524326969869764
0.9059944571329911,-0.07920875070712398,-0.001116462719097624,-0.9524326969869764
0.9059944571329911,-0.16259332374445012,-0.8893394874997119,-0.9524326969869764
0.9059944571329911,0.1837504564070152,2.7999582904283398,-0.9524326969869764
0.9059944571329911,0.007600545865663759,0.923587150579292,-0.9524326969869764
0.9059944571329911,0.021299440007510193,1.0695095046503929,-0.9524326969869764
0.9059944571329911,-0.015925815812724686,0.6729813685876186,-0.9524326969869764
0.9059944571329911,-0.03826096930486561,0.43506448694995403,1.1059182539114965
0.9059944571329911,-0.0695301841938629,0.10198085265722368,1.1059182539114965
0.9059944571329911,-0.04570602046891259,0.3557588597373992,-0.9524326969869764
0.9059944571329911,-0.1350466344374763,-0.595908666813259,-0.9524326969869764
0.9059944571329911,0.013854388843463218,0.990203877437838,-0.9524326969869764
0.9059944571329911,-0.06804117396105351,0.11784197809973465,-0.9524326969869764
0.9059944571329911,-0.06059612279700654,0.1971476053122895,-0.9524326969869764
0.9059944571329911,-0.1350466344374763,-0.595908666813259,-0.9524326969869764
0.9059944571329911,0.012365378610653824,0.974342751995327,-0.9524326969869764
0.9059944571329911,-0.11717851164376356,-0.40557516150312733,-0.9524326969869764
0.9059944571329911,-0.12760158327342933,-0.5166030396007042,-0.9524326969869764
0.9059944571329911,-0.17971694142175815,-1.071742430088588,-0.9524326969869764
0.9059944571329911,-0.09037632745319445,-0.12007490353792989,1.1059182539114965
0.9059944571329911,-0.015657793970818994,0.6758363711672706,-0.9524326969869764
0.9059944571329911,-0.12608279283596374,-0.500424691649343,-0.9524326969869764
0.9059944571329911,-0.04570602046891259,0.3557588597373992,-0.9524326969869764
0.9059944571329911,-0.08293127628914747,-0.040769276325375046,-0.9524326969869764
0.9059944571329911,-0.0114587851142965,0.7205647449151515,-0.9524326969869764
0.9059944571329911,-0.08442028652195686,-0.056630401767886016,-0.9524326969869764
0.9059944571329911,0.043634593499651125,1.3074263862880573,-0.9524326969869764
0.9059944571329911,-0.06059612279700654,0.1971476053122895,-0.9524326969869764
0.9059944571329911,0.2372059237648725,3.3693726938144835,-0.9524326969869764
0.9059944571329911,0.10691752839405042,1.9815242175947736,-0.9524326969869764
0.9059944571329911,-0.10228840931566961,-0.24696390707801766,-0.9524326969869764
0.9059944571329911,-0.14398069583433268,-0.6910754194683248,-0.9524326969869764
0.9059944571329911,0.12701916653697726,2.1956494110686715,-0.9524326969869764
0.9059944571329911,-0.009969774881487104,0.7364258703576625,-0.9524326969869764
0.9059944571329911,0.17764551445249668,2.7349276761140446,1.1059182539114965
0.9059944571329911,0.07192578792302963,1.6087877696957658,1.1059182539114965
0.9059944571329911,0.0510796446636981,1.3867320135006123,1.1059182539114965
0.9059944571329911,-0.051066457307026414,0.2986588081443597,1.1059182539114965
0.9059944571329911,-0.015925815812724686,0.6729813685876186,1.1059182539114965
0.9059944571329911,-0.06059612279700654,0.1971476053122895,1.1059182539114965
0.9059944571329911,0.055546675362126284,1.434315389828145,-0.9524326969869764
0.9059944571329911,-0.05761810233138775,0.22886985619731143,-0.9524326969869764
0.9059944571329911,0.027925535543512004,1.1400915128695666,1.1059182539114965
0.9059944571329911,-0.047675981006919416,0.3347745907769572,1.1059182539114965
0.9059944571329911,-0.02337086697677166,0.5936757413750637,-0.9524326969869764
0.9059944571329911,-0.06804117396105351,0.11784197809973465,-0.9524326969869764
0.9059944571329911,0.07341479815583903,1.6246488951382767,-0.9524326969869764
0.9059944571329911,-0.030815918140818636,0.5143701141625089,-0.9524326969869764
0.9059944571329911,-0.13028180169248624,-0.5451530653972239,-0.9524326969869764
0.9059944571329911,-0.19282023147048083,-1.2113203339826846,-0.9524326969869764
-0.5404380201352825,-0.05315107163295957,0.27645323252484433,1.1059182539114965
-1.986870497403556,-0.14993673676557026,-1.1198016401793964,0.07674277846226003
0.9059944571329911,-0.1960960539826615,-1.1778216370481014,0.07674277846226003
0.9059944571329911,0.06894776745741084,1.5770655188107439,1.1059182539114965
0.9059944571329911,-0.06804117396105351,0.11784197809973465,1.1059182539114965
0.9059944571329911,0.07341479815583903,1.6246488951382767,1.1059182539114965
0.9059944571329911,-0.07697523535790989,0.02267522544466883,1.1059182539114965
0.9059944571329911,-0.02411537209317636,0.5857451786538083,-0.9524326969869764
0.9059944571329911,-0.11568950141095416,-0.3897140360606164,-0.9524326969869764
0.9059944571329911,-0.09037632745319445,-0.12007490353792989,1.1059182539114965
0.9059944571329911,-0.15440376746399845,-0.8021032975659016,1.1059182539114965
0.9059944571329911,-0.04570602046891259,0.3557588597373992,1.1059182539114965
0.9059944571329911,-0.12313455257500114,-0.46901966327317124,1.1059182539114965
0.9059944571329911,-0.03826096930486561,0.43506448694995403,1.1059182539114965
0.9059944571329911,-0.12425131024960819,-0.48091550735505445,1.1059182539114965
0.9059944571329911,0.16275541212440273,2.576316421688935,-0.9524326969869764
0.9059944571329911,-0.1067554400140978,-0.2945472834055506,-0.9524326969869764
0.9059944571329911,0.14161146681850934,2.351088440405279,1.1059182539114965
0.9059944571329911,-0.053746675726083326,0.27010878234783997,1.1059182539114965
0.9059944571329911,7.161103506328561,-1.2177440897869016,0.07674277846226003
0.9059944571329911,-0.23927735073413398,-1.7061874477890269,1.1059182539114965
0.9059944571329911,0.043634593499651125,1.3074263862880573,-0.9524326969869764
0.9059944571329911,0.006409337679416243,0.9108982502252831,-0.9524326969869764
0.9059944571329911,-0.03319833451331367,0.48899231345449135,-0.9524326969869764
0.9059944571329911,-0.12730378122686745,-0.513430814512202,-0.9524326969869764
0.9059944571329911,0.02278845024031959,1.0853706300929038,-0.9524326969869764
0.9059944571329911,-0.04570602046891259,0.3557588597373992,-0.9524326969869764
0.9059944571329911,0.013854388843463218,0.990203877437838,1.1059182539114965
0.9059944571329911,-0.02337086697677166,0.5936757413750637,1.1059182539114965
0.9059944571329911,0.06038595861875682,1.4858640475163059,1.1059182539114965
0.9059944571329911,-0.07734748791611223,0.01870994408404109,1.1059182539114965
0.9059944571329911,-0.05612909209857835,0.2447309816398224,1.1059182539114965
0.9059944571329911,-0.14398069583433268,-0.6910754194683248,1.1059182539114965
0.9059944571329911,0.07415930327224372,1.6325794578595323,-0.9524326969869764
0.9059944571329911,-0.09975709191989364,-0.219999993825749,-0.9524326969869764
0.9059944571329911,-0.04570602046891259,0.3557588597373992,1.1059182539114965
0.9059944571329911,-0.14993673676557026,-0.7545199212383686,1.1059182539114965
0.9059944571329911,-0.09896196045557341,-0.21153015283944815,-0.9524326969869764
0.9059944571329911,-0.1729568349648035,-0.9997329205795883,-0.9524326969869764
0.9059944571329911,-0.12164554234219174,-0.4531585378306603,-0.9524326969869764
0.9059944571329911,-0.1663158493264736,-0.9289923011059894,-0.9524326969869764
-0.5404380201352825,-0.16482683909366422,-0.8488460342449814,0.07674277846226003
0.9059944571329911,-0.20949714607794606,-1.3889649389388075,-0.9524326969869764
0.9059944571329911,0.12597685937401068,2.184546623258914,1.1059182539114965
0.9059944571329911,-0.010714279997891802,0.728495307636407,1.1059182539114965
0.9059944571329911,0.12597685937401068,2.184546623258914,1.1059182539114965
0.9059944571329911,-0.010714279997891802,0.728495307636407,1.1059182539114965
0.9059944571329911,-0.04570602046891259,0.3557588597373992,1.1059182539114965
0.9059944571329911,-0.09692797247755579,-0.18986385548497817,1.1059182539114965
0.9059944571329911,-0.030815918140818636,0.5143701141625089,-0.9524326969869764
0.9059944571329911,-0.1052664297812884,-0.2786861579630396,-0.9524326969869764
0.9059944571329911,0.0510796446636981,1.3867320135006123,-0.9524326969869764
0.9059944571329911,-0.07548622512510049,0.0385363508871798,-0.9524326969869764
0.9059944571329911,-0.07356540192477637,0.058997202708018955,-0.9524326969869764
0.9059944571329911,-0.17349585666908052,-1.0054746479897771,-0.9524326969869764
0.9059944571329911,-0.06059612279700654,0.1971476053122895,-0.9524326969869764
0.9059944571329911,-0.1052664297812884,-0.2786861579630396,-0.9524326969869764
0.9059944571329911,-0.15738178792961724,-0.8338255484509235,1.1059182539114965
0.9059944571329911,-0.17227189025771117,-0.9924368028760332,1.1059182539114965
0.9059944571329911,0.043634593499651125,1.3074263862880573,-0.9524326969869764
0.9059944571329911,-0.04570602046891259,0.3557588597373992,-0.9524326969869764
0.9059944571329911,0.02219284614719583,1.0790261799158993,1.1059182539114965
0.9059944571329911,-0.12387905769140584,-0.4769502259944267,1.1059182539114965
0.9059944571329911,-0.1052664297812884,-0.2786861579630396,-0.9524326969869764
0.9059944571329911,-0.14249168560152328,-0.6752142940258138,-0.9524326969869764
0.9059944571329911,-0.0071406554391492535,0.7665620086984333,-0.9524326969869764
0.9059944571329911,-0.09141863461616102,-0.13117769134768759,-0.9524326969869764
0.9059944571329911,-0.04570602046891259,0.3557588597373992,1.1059182539114965
0.9059944571329911,-0.09037632745319445,-0.12007490353792989,1.1059182539114965
0.9059944571329911,1.294403189059543,-1.9776030263612745,0.07674277846226003
0.9059944571329911,0.08830490048393298,1.7832601495633864,-0.9524326969869764
0.9059944571329911,-0.02337086697677166,0.5936757413750637,-0.9524326969869764
0.9059944571329911,-0.08144226605633807,-0.024908150882864077,1.1059182539114965
0.9059944571329911,-0.12909059350623872,-0.5324641650432151,1.1059182539114965
0.9059944571329911,-0.16482683909366422,-0.9131311756634783,-0.9524326969869764
0.9059944571329911,-0.20577462049592257,-1.34931212533253,-0.9524326969869764
0.9059944571329911,-0.12015653210938235,-0.4372974123881493,1.1059182539114965
0.9059944571329911,-0.15887079816242664,-0.8496866738934346,1.1059182539114965
0.9059944571329911,-0.09782137861724143,-0.19938053075048476,-0.9524326969869764
0.9059944571329911,-0.12015653210938235,-0.4372974123881493,-0.9524326969869764
0.9059944571329911,-0.14993673676557026,-0.7545199212383686,-0.9524326969869764
0.9059944571329911,-0.16482683909366422,-0.9131311756634783,-0.9524326969869764
0.9059944571329911,0.013854388843463218,0.990203877437838,-0.9524326969869764
0.9059944571329911,-0.08293127628914747,-0.040769276325375046,-0.9524326969869764
-0.5404380201352825,-0.21247516654356485,-1.4206871898238294,0.07674277846226003
0.9059944571329911,-0.1052664297812884,-0.2786861579630396,0.07674277846226003
0.9059944571329911,-0.09037632745319445,-0.12007490353792989,-0.9524326969869764
0.9059944571329911,-0.17227189025771117,-0.9924368028760332,-0.9524326969869764
0.9059944571329911,0.09128292094955177,1.8149824004484085,-0.9524326969869764
0.9059944571329911,-0.09186533768600384,-0.13593602898044085,-0.9524326969869764
0.9059944571329911,-0.06059612279700654,0.1971476053122895,-0.9524326969869764
0.9059944571329911,-0.1350466344374763,-0.595908666813259,-0.9524326969869764
0.9059944571329911,0.05361096205947407,1.4136959267528808,-0.9524326969869764
0.9059944571329911,-0.08546259368492344,-0.0677331895776437,-0.9524326969869764
0.9059944571329911,-0.001035713484630733,0.8315926230127283,-0.9524326969869764
0.9059944571329911,-0.03826096930486561,0.43506448694995403,-0.9524326969869764
0.9059944571329911,-0.030815918140818636,0.5143701141625089,1.1059182539114965
0.9059944571329911,-0.06059612279700654,0.1971476053122895,1.1059182539114965
0.9059944571329911,-0.06059612279700654,0.1971476053122895,-0.9524326969869764
0.9059944571329911,-0.09037632745319445,-0.12007490353792989,-0.9524326969869764
0.9059944571329911,0.0510796446636981,1.3867320135006123,-0.9524326969869764
0.9059944571329911,-0.051066457307026414,0.2986588081443597,-0.9524326969869764
0.9059944571329911,0.013854388843463218,0.990203877437838,1.1059182539114965
0.9059944571329911,-0.16482683909366422,-0.9131311756634783,1.1059182539114965
0.9059944571329911,-0.2660795349247031,-1.9777774987411423,0.07674277846226003
-0.5404380201352825,-0.2750135963215595,-2.0820326762747667,-0.9524326969869764
0.9059944571329911,1.8602270775271132,-1.9043087656914315,0.07674277846226003
0.9059944571329911,0.09872797211359874,1.8942880276609633,-0.9524326969869764
0.9059944571329911,-0.08442028652195686,-0.056630401767886016,-0.9524326969869764
0.9059944571329911,-0.17673892095613936,-0.9565589371250734,-0.9524326969869764
0.9059944571329911,-0.2303432893372776,-1.5692900740947147,-0.9524326969869764
0.9059944571329911,0.02219284614719583,1.0790261799158993,-0.9524326969869764
0.9059944571329911,-0.12655927611046275,-0.5055002517909465,-0.9524326969869764
0.9059944571329911,-0.07548622512510049,0.0385363508871798,1.1059182539114965
0.9059944571329911,-0.12015653210938235,-0.4372974123881493,1.1059182539114965
0.9059944571329911,0.16201090700799803,2.5683858589676793,-0.9524326969869764
0.9059944571329911,0.08100875034316694,1.7055406348950828,-0.9524326969869764
0.9059944571329911,0.02874449117155717,1.1488151318629476,-0.9524326969869764
0.9059944571329911,-0.05791590437794963,0.22569763110880925,-0.9524326969869764
0.9059944571329911,-0.20949714607794606,-1.3310083865718725,0.07674277846226003
0.9059944571329911,-0.21247516654356485,-1.365046361771501,-0.9524326969869764
0.9059944571329911,-0.2273652688716588,-1.5352520988950862,-0.9524326969869764
0.9059944571329911,-0.21247516654356485,-1.365046361771501,-0.9524326969869764
0.9059944571329911,-0.2273652688716588,-1.5352520988950862,-0.9524326969869764
0.9059944571329911,-0.04570602046891259,0.3557588597373992,-0.9524326969869764
0.9059944571329911,-0.08293127628914747,-0.040769276325375046,-0.9524326969869764
0.9059944571329911,-0.1052664297812884,-0.2786861579630396,1.1059182539114965
0.9059944571329911,-0.14249168560152328,-0.6752142940258138,1.1059182539114965
0.9059944571329911,0.08830490048393298,1.7832601495633864,1.1059182539114965
0.9059944571329911,-0.19014001305142392,-1.182770308186165,1.1059182539114965
0.9059944571329911,0.06894776745741084,1.5770655188107439,1.1059182539114965
0.9059944571329911,-0.06804117396105351,0.11784197809973465,1.1059182539114965
0.9059944571329911,-0.09037632745319445,-0.12007490353792989,1.1059182539114965
0.9059944571329911,-0.14993673676557026,-0.7545199212383686,1.1059182539114965
0.9059944571329911,-0.1052664297812884,-0.2786861579630396,1.1059182539114965
0.9059944571329911,-0.1350466344374763,-0.595908666813259,1.1059182539114965
0.9059944571329911,-0.02411537209317636,0.5857451786538083,-0.9524326969869764
0.9059944571329911,-0.11568950141095416,-0.3897140360606164,-0.9524326969869764
0.9059944571329911,-0.010997191942125588,0.7254816938023299,-0.9524326969869764
0.9059944571329911,-0.010997191942125588,0.7254816938023299,-0.9524326969869764
0.9059944571329911,-0.06804117396105351,0.11784197809973465,1.1059182539114965
0.9059944571329911,-0.13132410885545281,-0.5562558532069816,1.1059182539114965
0.9059944571329911,0.02874449117155717,1.1488151318629476,-0.9524326969869764
0.9059944571329911,-0.008480764648677709,0.7522869958001734,-0.9524326969869764
0.9059944571329911,-0.02411537209317636,0.5857451786538083,-0.9524326969869764
0.9059944571329911,-0.11568950141095416,-0.3897140360606164,-0.9524326969869764
0.9059944571329911,-0.10228840931566961,-0.24696390707801766,-0.9524326969869764
0.9059944571329911,-0.14398069583433268,-0.6910754194683248,-0.9524326969869764
0.9059944571329911,0.043634593499651125,1.3074263862880573,-0.9524326969869764
0.9059944571329911,-0.06655216372824412,0.13370310354224563,-0.9524326969869764
0.9059944571329911,0.16275541212440273,2.576316421688935,-0.9524326969869764
0.9059944571329911,-0.09037632745319445,-0.12007490353792989,-0.9524326969869764
0.9059944571329911,0.966820937841476,-1.7896169676166345,0.07674277846226003
-0.5404380201352825,1.5773151332933282,-1.929876899904759,1.1059182539114965
0.9059944571329911,-0.06804117396105351,0.11784197809973465,-0.9524326969869764
0.9059944571329911,-0.09335434791881324,-0.15179715442295183,-0.9524326969869764
0.9059944571329911,-0.012947795347105894,0.7047036194726405,-0.9524326969869764
0.9059944571329911,-0.07548622512510049,0.0385363508871798,-0.9524326969869764
0.9059944571329911,-0.10228840931566961,-0.24696390707801766,-0.9524326969869764
0.9059944571329911,-0.14398069583433268,-0.6910754194683248,-0.9524326969869764
0.9059944571329911,-0.17673892095613936,-0.9565589371250734,-0.9524326969869764
0.9059944571329911,-0.2303432893372776,-1.5692900740947147,-0.9524326969869764
0.9059944571329911,0.16275541212440273,2.576316421688935,-0.9524326969869764
0.9059944571329911,0.013854388843463218,0.990203877437838,-0.9524326969869764
0.9059944571329911,-0.08293127628914747,-0.040769276325375046,-0.9524326969869764
0.9059944571329911,-0.12685707815702463,-0.5086724768794486,-0.9524326969869764
0.9059944571329911,0.09128292094955177,1.8149824004484085,-0.9524326969869764
0.9059944571329911,-0.09186533768600384,-0.13593602898044085,-0.9524326969869764
-0.5404380201352825,-0.12015653210938235,-0.4372974123881493,1.1059182539114965
0.9059944571329911,-0.08144226605633807,-0.024908150882864077,1.1059182539114965
0.9059944571329911,-0.12909059350623872,-0.5324641650432151,1.1059182539114965
0.9059944571329911,-0.03379393860643743,0.48264786327748693,1.1059182539114965
0.9059944571329911,-0.09037632745319445,-0.12007490353792989,1.1059182539114965
0.9059944571329911,-0.18716199258580513,-0.9291509123604145,-0.9524326969869764
0.9059944571329911,-0.23026883882563712,-1.4871611665533928,-0.9524326969869764
0.9059944571329911,-0.1052664297812884,-0.2786861579630396,-0.9524326969869764
0.9059944571329911,-0.14249168560152328,-0.6752142940258138,-0.9524326969869764
0.9059944571329911,-0.0555334880054546,0.2510754318168268,-0.9524326969869764
0.9059944571329911,-0.10124610215270304,-0.23586111926825998,-0.9524326969869764
0.9059944571329911,-0.008480764648677709,0.7522869958001734,-0.9524326969869764
0.9059944571329911,-0.04570602046891259,0.3557588597373992,-0.9524326969869764
0.9059944571329911,0.021299440007510193,1.0695095046503929,1.1059182539114965
0.9059944571329911,-0.008480764648677709,0.7522869958001734,1.1059182539114965
0.9059944571329911,0.0205549348911055,1.0615789419291373,-0.9524326969869764
0.9059944571329911,-0.07221040261291982,0.07343082686070393,-0.9524326969869764
0.9059944571329911,-0.06804117396105351,0.11784197809973465,-0.9524326969869764
0.9059944571329911,-0.15440376746399845,-0.8021032975659016,-0.9524326969869764
0.9059944571329911,-0.20949714607794606,-1.3889649389388075,1.1059182539114965
0.9059944571329911,0.06462963778226359,1.5310682550274621,1.1059182539114965
0.9059944571329911,0.019065924658296103,1.0457178164866263,1.1059182539114965
0.9059944571329911,0.04929283238432682,1.367698662969599,-0.9524326969869764
0.9059944571329911,-0.027688996651918908,0.5476784775917819,-0.9524326969869764
0.9059944571329911,-0.015925815812724686,0.6729813685876186,-0.9524326969869764
0.9059944571329911,-0.06059612279700654,0.1971476053122895,-0.9524326969869764
0.9059944571329911,0.061800518339925746,1.5009321166866911,1.1059182539114965
0.9059944571329911,-0.03498514679268495,0.46995896292347816,1.1059182539114965
0.9059944571329911,0.009387358145035033,0.942620501110305,-0.9524326969869764
0.9059944571329911,-0.12611257304061993,-0.5007419141581931,-0.9524326969869764
0.9059944571329911,-0.015925815812724686,0.6729813685876186,-0.9524326969869764
0.9059944571329911,-0.06804117396105351,0.11784197809973465,-0.9524326969869764
0.9059944571329911,0.0510796446636981,1.3867320135006123,-0.9524326969869764
0.9059944571329911,0.013854388843463218,0.990203877437838,-0.9524326969869764
0.9059944571329911,-0.030815918140818636,0.5143701141625089,1.1059182539114965
0.9059944571329911,-0.11420049117814476,-0.37385291061810544,1.1059182539114965
0.9059944571329911,0.1500988251455229,2.4414968554275918,-0.9524326969869764
0.9059944571329911,-0.015925815812724686,0.6729813685876186,-0.9524326969869764
0.9059944571329911,0.008196149958787518,0.9299316007562963,-0.9524326969869764
0.9059944571329911,-0.05925601358747808,0.21142261821054936,-0.9524326969869764
0.9059944571329911,-0.03319833451331367,0.48899231345449135,-0.9524326969869764
0.9059944571329911,-0.12730378122686745,-0.513430814512202,-0.9524326969869764
0.9059944571329911,-0.14249168560152328,-0.6752142940258138,1.1059182539114965
0.9059944571329911,-0.16482683909366422,-0.9131311756634783,1.1059182539114965
0.9059944571329911,-0.11122247071252597,-0.3421306597330835,-0.9524326969869764
0.9059944571329911,-0.17673892095613936,-1.0400201792035662,-0.9524326969869764
0.9059944571329911,0.024277460473128985,1.1012317555354147,-0.9524326969869764
0.9059944571329911,-0.03528294883924682,0.466786737834976,-0.9524326969869764
0.9059944571329911,-0.06804117396105351,0.11784197809973465,-0.9524326969869764
0.9059944571329911,-0.08293127628914747,-0.040769276325375046,-0.9524326969869764
0.9059944571329911,-0.12760158327342933,-0.5166030396007042,-0.9524326969869764
0.9059944571329911,-0.17971694142175815,-1.071742430088588,-0.9524326969869764
0.9059944571329911,-0.015925815812724686,0.6729813685876186,1.1059182539114965
0.9059944571329911,-0.11271148094533537,-0.35799178517559443,1.1059182539114965
0.9059944571329911,-0.08471808856851874,-0.059802626856388215,1.1059182539114965
0.9059944571329911,-0.14085377434543295,-0.6577670560390517,1.1059182539114965
0.9059944571329911,-0.1052664297812884,-0.2786861579630396,-0.9524326969869764
0.9059944571329911,-0.16482683909366422,-0.9131311756634783,-0.9524326969869764
0.9059944571329911,-0.07548622512510049,0.0385363508871798,-0.9524326969869764
0.9059944571329911,-0.1350466344374763,-0.595908666813259,-0.9524326969869764
0.9059944571329911,-0.06059612279700654,0.1971476053122895,-0.9524326969869764
0.9059944571329911,-0.1052664297812884,-0.2786861579630396,-0.9524326969869764
0.9059944571329911,-0.07548622512510049,0.0385363508871798,1.1059182539114965
0.9059944571329911,-0.11271148094533537,-0.35799178517559443,1.1059182539114965
0.9059944571329911,0.15873508449581739,2.533491382994155,1.1059182539114965
0.9059944571329911,0.011174170424406308,0.9616538516413182,1.1059182539114965
0.9059944571329911,0.15873508449581739,2.533491382994155,1.1059182539114965
0.9059944571329911,0.011174170424406308,0.9616538516413182,1.1059182539114965
0.9059944571329911,0.01683240930908201,1.02192612832286,1.1059182539114965
0.9059944571329911,-0.08293127628914747,-0.040769276325375046,1.1059182539114965
0.9059944571329911,-0.12015653210938235,-0.4372974123881493,1.1059182539114965
0.9059944571329911,-0.15887079816242664,-0.8496866738934346,1.1059182539114965
0.9059944571329911,0.04214558326684173,1.2915652608455463,0.07674277846226003
0.9059944571329911,0.058524695827745075,1.466037640713167,1.1059182539114965
0.9059944571329911,0.007898347912225639,0.9267593756677941,1.1059182539114965
0.9059944571329911,-0.07548622512510049,0.0385363508871798,1.1059182539114965
0.9059944571329911,-0.12015653210938235,-0.4372974123881493,1.1059182539114965
0.9059944571329911,-0.06059612279700654,0.1971476053122895,-0.9524326969869764
0.9059944571329911,-0.1350466344374763,-0.595908666813259,-0.9524326969869764
0.9059944571329911,-0.04570602046891259,0.3557588597373992,-0.9524326969869764
0.9059944571329911,-0.12015653210938235,-0.4372974123881493,-0.9524326969869764
0.9059944571329911,-0.0071406554391492535,0.7665620086984333,-0.9524326969869764
0.9059944571329911,-0.09141863461616102,-0.13117769134768759,-0.9524326969869764
0.9059944571329911,-0.09618346736115109,-0.1819332927637227,-0.9524326969869764
0.9059944571329911,-0.17673892095613936,-1.0400201792035662,-0.9524326969869764
0.9059944571329911,-0.030815918140818636,0.5143701141625089,1.1059182539114965
0.9059944571329911,-0.06059612279700654,0.1971476053122895,1.1059182539114965
0.9059944571329911,-0.02337086697677166,0.5936757413750637,1.1059182539114965
0.9059944571329911,-0.07548622512510049,0.0385363508871798,1.1059182539114965
0.9059944571329911,0.07415930327224372,1.6325794578595323,-0.9524326969869764
0.9059944571329911,-0.07920875070712398,-0.001116462719097624,-0.9524326969869764
0.9059944571329911,-0.004758239066654221,0.7919398094064508,-0.9524326969869764
0.9059944571329911,-0.03826096930486561,0.43506448694995403,-0.9524326969869764
0.9059944571329911,-0.1946070437498521,-1.0255231105491112,-0.9524326969869764
-0.5404380201352825,-0.24821141213099035,-1.7820670719059994,1.1059182539114965
0.9059944571329911,0.02874449117155717,1.1488151318629476,-0.9524326969869764
0.9059944571329911,-0.037144211630258564,0.4469603310318373,-0.9524326969869764
0.9059944571329911,0.0510796446636981,1.3867320135006123,1.1059182539114965
0.9059944571329911,-0.037144211630258564,0.4469603310318373,1.1059182539114965
0.9059944571329911,-0.15038343983541308,-0.4530633710780052,-0.9524326969869764
0.9059944571329911,-0.20167984235569675,-1.117089387728727,-0.9524326969869764
0.9059944571329911,-0.08293127628914747,-0.040769276325375046,1.1059182539114965
0.9059944571329911,-0.11271148094533537,-0.35799178517559443,1.1059182539114965
0.9059944571329911,0.12553015630416786,2.179788285626161,-0.9524326969869764
0.9059944571329911,-0.02337086697677166,0.5936757413750637,-0.9524326969869764
0.9059944571329911,-0.030815918140818636,0.5143701141625089,1.1059182539114965
0.9059944571329911,-0.07548622512510049,0.0385363508871798,1.1059182539114965
0.9059944571329911,-0.022912251825066367,0.5985609680113572,-0.9524326969869764
0.9059944571329911,-0.13399539321311288,-0.5847107122508463,-0.9524326969869764
0.9059944571329911,0.06596974699179205,1.545343267925722,-0.9524326969869764
0.9059944571329911,-0.08293127628914747,-0.040769276325375046,-0.9524326969869764
0.9059944571329911,0.17764551445249668,2.7349276761140446,-0.9524326969869764
0.9059944571329911,0.05703568559493568,1.450176515270656,-0.9524326969869764
0.9059944571329911,0.1464894643411929,2.403049487354945,-0.9524326969869764
0.9059944571329911,0.017358029921263726,1.0275251056040664,-0.9524326969869764
0.9059944571329911,-0.18716199258580513,-1.0756918503237733,-0.9524326969869764
0.9059944571329911,-0.231832299570087,-1.586309061694529,-0.9524326969869764
0.9059944571329911,-0.1052664297812884,-0.2786861579630396,1.1059182539114965
0.9059944571329911,-0.1350466344374763,-0.595908666813259,1.1059182539114965
0.9059944571329911,0.05361096205947407,1.4136959267528808,-0.9524326969869764
0.9059944571329911,-0.08546259368492344,-0.0677331895776437,-0.9524326969869764
0.9059944571329911,-0.09782137861724143,-0.19938053075048476,-0.9524326969869764
0.9059944571329911,-0.15738178792961724,-0.8338255484509235,-0.9524326969869764
0.9059944571329911,-0.09037632745319445,-0.12007490353792989,1.1059182539114965
0.9059944571329911,-0.16482683909366422,-0.9131311756634783,1.1059182539114965
0.9059944571329911,-0.1052664297812884,-0.2786861579630396,-0.9524326969869764
0.9059944571329911,-0.1350466344374763,-0.595908666813259,-0.9524326969869764
-1.986870497403556,5.672093273519165,-1.3240294913771675,1.1059182539114965
-0.5404380201352825,1.8602270775271132,-1.8915405597102102,0.07674277846226003
0.9059944571329911,0.06038595861875682,1.4858640475163059,1.1059182539114965
0.9059944571329911,-0.07734748791611223,0.01870994408404109,1.1059182539114965
0.9059944571329911,0.012365378610653824,0.974342751995327,-0.9524326969869764
0.9059944571329911,-0.0427280000032938,0.38748111062242113,-0.9524326969869764
0.9059944571329911,-0.04570602046891259,0.3557588597373992,-0.9524326969869764
0.9059944571329911,-0.08293127628914747,-0.040769276325375046,-0.9524326969869764
-0.5404380201352825,-0.1350466344374763,-0.595908666813259,1.1059182539114965
0.9059944571329911,0.013854388843463218,0.990203877437838,-0.9524326969869764
0.9059944571329911,-0.06059612279700654,0.1971476053122895,-0.9524326969869764
0.9059944571329911,-0.04570602046891259,0.3557588597373992,-0.9524326969869764
0.9059944571329911,-0.1052664297812884,-0.2786861579630396,-0.9524326969869764
0.9059944571329911,0.08830490048393298,1.7832601495633864,-0.9524326969869764
0.9059944571329911,0.013854388843463218,0.990203877437838,-0.9524326969869764
0.9059944571329911,-0.06059612279700654,0.1971476053122895,-0.9524326969869764
0.9059944571329911,-0.1052664297812884,-0.2786861579630396,-0.9524326969869764
0.9059944571329911,-0.06059612279700654,0.1971476053122895,-0.9524326969869764
0.9059944571329911,-0.1350466344374763,-0.595908666813259,-0.9524326969869764
-0.5404380201352825,-0.08590929675476626,-0.07249152721039699,-0.9524326969869764
0.9059944571329911,0.12188208123378484,2.140928528292009,-0.9524326969869764
0.9059944571329911,0.011174170424406308,0.9616538516413182,-0.9524326969869764
0.9059944571329911,-0.012947795347105894,0.7047036194726405,-0.9524326969869764
0.9059944571329911,-0.07548622512510049,0.0385363508871798,-0.9524326969869764
0.9059944571329911,0.013854388843463218,0.990203877437838,-0.9524326969869764
0.9059944571329911,-0.04570602046891259,0.3557588597373992,-0.9524326969869764
0.9059944571329911,0.0205549348911055,1.0615789419291373,-0.9524326969869764
0.9059944571329911,-0.07221040261291982,0.07343082686070393,-0.9524326969869764
0.9059944571329911,-0.1052664297812884,-0.2786861579630396,-0.9524326969869764
0.9059944571329911,-0.12760158327342933,-0.5166030396007042,-0.9524326969869764
0.9059944571329911,-0.004758239066654221,0.7919398094064508,1.1059182539114965
0.9059944571329911,-0.02337086697677166,0.5936757413750637,1.1059182539114965
0.9059944571329911,0.0205549348911055,1.0615789419291373,-0.9524326969869764
0.9059944571329911,-0.07221040261291982,0.07343082686070393,-0.9524326969869764
0.9059944571329911,-0.05315107163295957,0.27645323252484433,1.1059182539114965
0.9059944571329911,-0.18865100281861452,-1.166909182743654,1.1059182539114965
0.9059944571329911,0.06596974699179205,1.545343267925722,-0.9524326969869764
0.9059944571329911,-0.008480764648677709,0.7522869958001734,-0.9524326969869764
0.9059944571329911,-0.02411537209317636,0.5857451786538083,-0.9524326969869764
0.9059944571329911,-0.11568950141095416,-0.3897140360606164,-0.9524326969869764
0.9059944571329911,-0.07087029340339136,0.0877058397589638,-0.9524326969869764
0.9059944571329911,-0.11568950141095416,-0.3897140360606164,-0.9524326969869764
0.9059944571329911,-0.009969774881487104,0.7364258703576625,1.1059182539114965
0.9059944571329911,-0.0725082046594817,0.07025860177220174,1.1059182539114965
0.9059944571329911,-0.07548622512510049,0.0385363508871798,-0.9524326969869764
0.9059944571329911,-0.1052664297812884,-0.2786861579630396,-0.9524326969869764
0.9059944571329911,-0.02411537209317636,0.5857451786538083,-0.9524326969869764
0.9059944571329911,-0.11568950141095416,-0.3897140360606164,-0.9524326969869764
0.9059944571329911,-0.015091970082351424,0.6818635988354247,-0.9524326969869764
0.9059944571329911,-0.11205631644289923,-0.35101288998088964,-0.9524326969869764
0.9059944571329911,-0.07548622512510049,0.0385363508871798,-0.9524326969869764
0.9059944571329911,-0.1052664297812884,-0.2786861579630396,-0.9524326969869764
0.9059944571329911,0.08547578104159513,1.7531240112226156,-0.9524326969869764
0.9059944571329911,-0.06670106475152505,0.1321169909979945,-0.9524326969869764
0.9059944571329911,-0.1052664297812884,-0.2786861579630396,-0.9524326969869764
0.9059944571329911,-0.12015653210938235,-0.4372974123881493,-0.9524326969869764
0.9059944571329911,0.1500988251455229,2.4414968554275918,-0.9524326969869764
0.9059944571329911,-0.015925815812724686,0.6729813685876186,-0.9524326969869764
0.9059944571329911,-0.1916290232842333,-0.9869805757238095,1.1059182539114965
0.9059944571329911,-0.20651912561232727,-1.1797249721012029,1.1059182539114965
0.9059944571329911,-0.04302580204985568,0.38430888553391895,-0.9524326969869764
0.9059944571329911,-0.07310380875260546,0.06391415159519735,-0.9524326969869764
0.9059944571329911,-0.21247516654356485,-1.2568259028772486,1.1059182539114965
0.9059944571329911,-0.2273652688716588,-1.4495861603800844,1.1059182539114965
0.9059944571329911,-0.036771959072056215,0.45092561239246504,1.1059182539114965
0.9059944571329911,-0.09335434791881324,-0.15179715442295183,1.1059182539114965
0.9059944571329911,-0.030815918140818636,0.5143701141625089,1.1059182539114965
0.9059944571329911,-0.12015653210938235,-0.4372974123881493,1.1059182539114965
0.9059944571329911,-0.04570602046891259,0.3557588597373992,1.1059182539114965
0.9059944571329911,-0.17227189025771117,-0.9924368028760332,1.1059182539114965
0.9059944571329911,0.06745875722460144,1.561204393368233,1.1059182539114965
0.9059944571329911,-0.012947795347105894,0.7047036194726405,1.1059182539114965
-0.5404380201352825,1.3911888541921538,-1.9550960893583516,1.1059182539114965
-0.5404380201352825,-0.09037632745319445,-0.12007490353792989,-0.9524326969869764
0.9059944571329911,-0.06059612279700654,0.1971476053122895,-0.9524326969869764
0.9059944571329911,-0.1350466344374763,-0.595908666813259,-0.9524326969869764
0.9059944571329911,0.10542851816124102,1.9656630921522626,-0.9524326969869764
0.9059944571329911,-0.08367578140555217,-0.048699839046630534,-0.9524326969869764
-0.5404380201352825,1.3539635983719187,-1.96013992724907,1.1059182539114965
0.9059944571329911,-0.09037632745319445,-0.12007490353792989,-0.9524326969869764
0.9059944571329911,-0.14993673676557026,-0.7545199212383686,-0.9524326969869764
0.9059944571329911,-0.04570602046891259,0.3557588597373992,-0.9524326969869764
0.9059944571329911,-0.08293127628914747,-0.040769276325375046,-0.9524326969869764
-0.5404380201352825,-0.09782137861724143,-0.19938053075048476,1.1059182539114965
-0.5404380201352825,-0.02337086697677166,0.5936757413750637,-0.9524326969869764
-0.5404380201352825,-0.05315107163295957,0.27645323252484433,-0.9524326969869764
-0.5404380201352825,-0.05523568595889272,0.25424765690532897,-0.9524326969869764
-0.5404380201352825,-0.12492136485437241,-0.4880530138041844,-0.9524326969869764
-0.5404380201352825,-0.06059612279700654,0.1971476053122895,-0.9524326969869764
-0.5404380201352825,-0.07548622512510049,0.0385363508871798,-0.9524326969869764
-0.5404380201352825,-0.10228840931566961,-0.24696390707801766,-0.9524326969869764
-0.5404380201352825,-0.14323619071792798,-0.6831448567470694,-0.9524326969869764
-0.5404380201352825,-0.030815918140818636,0.5143701141625089,-0.9524326969869764
-0.5404380201352825,-0.09037632745319445,-0.12007490353792989,-0.9524326969869764
-0.5404380201352825,-0.06804117396105351,0.11784197809973465,-0.9524326969869764
-0.5404380201352825,-0.09335434791881324,-0.15179715442295183,-0.9524326969869764
-0.5404380201352825,-0.06804117396105351,0.11784197809973465,-0.9524326969869764
-0.5404380201352825,-0.1350466344374763,-0.595908666813259,-0.9524326969869764
-0.5404380201352825,-0.02337086697677166,0.5936757413750637,-0.9524326969869764
-0.5404380201352825,-0.1052664297812884,-0.2786861579630396,-0.9524326969869764
-0.5404380201352825,-0.06804117396105351,0.11784197809973465,-0.9524326969869764
-0.5404380201352825,-0.11271148094533537,-0.35799178517559443,-0.9524326969869764
-0.5404380201352825,-0.06059612279700654,0.1971476053122895,1.1059182539114965
-0.5404380201352825,-0.06059612279700654,0.1971476053122895,-0.9524326969869764
-0.5404380201352825,-0.1350466344374763,-0.595908666813259,-0.9524326969869764
-0.5404380201352825,-0.06059612279700654,0.1971476053122895,1.1059182539114965
-0.5404380201352825,-0.09409885303521794,-0.15972771714420733,1.1059182539114965
-0.5404380201352825,-0.09558786326802733,-0.17558884258671828,1.1059182539114965
-0.5404380201352825,-0.20800813584513667,-1.3731038134962965,1.1059182539114965
-0.5404380201352825,0.10319500281202693,1.9418714039884961,-0.9524326969869764
-0.5404380201352825,-0.02337086697677166,0.5936757413750637,-0.9524326969869764
-0.5404380201352825,-0.22438724840604002,-1.5475761933639172,1.1059182539114965
-0.5404380201352825,-0.22438724840604002,-1.5475761933639172,1.1059182539114965
-0.5404380201352825,0.08830490048393298,1.7832601495633864,1.1059182539114965
-0.5404380201352825,-0.19014001305142392,-1.182770308186165,1.1059182539114965
-0.5404380201352825,0.02874449117155717,1.1488151318629476,1.1059182539114965
-0.5404380201352825,-0.04570602046891259,0.3557588597373992,1.1059182539114965
-0.5404380201352825,0.12188208123378484,2.140928528292009,1.1059182539114965
-0.5404380201352825,0.011174170424406308,0.9616538516413182,1.1059182539114965
-0.5404380201352825,-0.14993673676557026,-0.6821931892205186,1.1059182539114965
-0.5404380201352825,-0.20949714607794606,-1.3487887081929273,1.1059182539114965
-0.5404380201352825,0.043634593499651125,1.3074263862880573,-0.9524326969869764
-0.5404380201352825,-0.06655216372824412,0.13370310354224563,-0.9524326969869764
-0.5404380201352825,-0.06059612279700654,0.1971476053122895,-0.9524326969869764
-0.5404380201352825,-0.1350466344374763,-0.595908666813259,-0.9524326969869764
-0.5404380201352825,0.08592248411143795,1.757882348855369,1.1059182539114965
-0.5404380201352825,-0.010565378974610863,0.7300814201806581,1.1059182539114965
-0.5404380201352825,-0.06059612279700654,0.1971476053122895,1.1059182539114965
-0.5404380201352825,-0.06059612279700654,0.1971476053122895,1.1059182539114965
-0.5404380201352825,-0.22438724840604002,-1.5475761933639172,1.1059182539114965
-0.5404380201352825,6.357037980611487,-1.2823305925888062,-0.9524326969869764
-0.5404380201352825,-0.1052664297812884,-0.2786861579630396,-0.9524326969869764
-0.5404380201352825,-0.14249168560152328,-0.6752142940258138,-0.9524326969869764
-0.5404380201352825,-0.04570602046891259,0.3557588597373992,-0.9524326969869764
-0.5404380201352825,-0.08293127628914747,-0.040769276325375046,-0.9524326969869764
-0.5404380201352825,-0.24970042236379975,-1.7987371147460784,0.07674277846226003
-0.5404380201352825,0.03767855256841354,1.2439818845180135,1.1059182539114965
-0.5404380201352825,-0.0695301841938629,0.10198085265722368,1.1059182539114965
-0.5404380201352825,-0.15738178792961724,-0.8338255484509235,-0.9524326969869764
-0.5404380201352825,-0.18716199258580513,-1.151048057301143,-0.9524326969869764
-0.5404380201352825,-0.062085133029815935,0.18128647986977853,1.1059182539114965
-0.5404380201352825,-0.1067554400140978,-0.2945472834055506,1.1059182539114965
-0.5404380201352825,-0.07548622512510049,0.0385363508871798,-0.9524326969869764
-0.5404380201352825,-0.1052664297812884,-0.2786861579630396,-0.9524326969869764
-0.5404380201352825,-0.06059612279700654,0.1971476053122895,-0.9524326969869764
-0.5404380201352825,-0.12015653210938235,-0.4372974123881493,-0.9524326969869764
-0.5404380201352825,0.0823488595526954,1.7198156477933426,1.1059182539114965
-0.5404380201352825,0.015343399076272614,1.006065002880349,1.1059182539114965
-0.5404380201352825,-0.001035713484630733,0.8315926230127283,-0.9524326969869764
-0.5404380201352825,-0.05315107163295957,0.27645323252484433,-0.9524326969869764
-0.5404380201352825,0.06596974699179205,1.545343267925722,1.1059182539114965
-0.5404380201352825,-0.008480764648677709,0.7522869958001734,1.1059182539114965
-0.5404380201352825,-0.001035713484630733,0.8315926230127283,1.1059182539114965
-0.5404380201352825,-0.04570602046891259,0.3557588597373992,1.1059182539114965
-0.5404380201352825,-0.1350466344374763,-0.595908666813259,1.1059182539114965
-0.5404380201352825,-0.09037632745319445,-0.12007490353792989,-0.9524326969869764
-0.5404380201352825,-0.11271148094533537,-0.35799178517559443,-0.9524326969869764
-0.5404380201352825,-0.17227189025771117,-0.717246276448468,-0.9524326969869764
-0.5404380201352825,-0.20205209491389908,-1.1078582127211856,-0.9524326969869764
-0.5404380201352825,-0.12760158327342933,-0.5166030396007042,-0.9524326969869764
-0.5404380201352825,-0.17971694142175815,-1.071742430088588,-0.9524326969869764
-0.5404380201352825,0.0205549348911055,1.0615789419291373,-0.9524326969869764
-0.5404380201352825,-0.07221040261291982,0.07343082686070393,-0.9524326969869764
-0.5404380201352825,0.0019423069809880573,0.8633148738977502,1.1059182539114965
-0.5404380201352825,-0.039749979537675006,0.4192033615074431,1.1059182539114965
-0.5404380201352825,-0.0071406554391492535,0.7665620086984333,-0.9524326969869764
-0.5404380201352825,-0.09141863461616102,-0.13117769134768759,-0.9524326969869764
-0.5404380201352825,-0.09037632745319445,-0.12007490353792989,-0.9524326969869764
-0.5404380201352825,-0.17227189025771117,-0.9924368028760332,-0.9524326969869764
-0.5404380201352825,-0.02337086697677166,0.5936757413750637,-0.9524326969869764
-0.5404380201352825,-0.1052664297812884,-0.2786861579630396,-0.9524326969869764
-0.5404380201352825,-0.03453844372284213,0.47471730055623146,-0.9524326969869764
-0.5404380201352825,-0.12536806792421523,-0.49281135143693766,-0.9524326969869764
-0.5404380201352825,-0.17227189025771117,-0.9924368028760332,1.1059182539114965
-0.5404380201352825,-0.1946070437498521,-1.2303536845136978,1.1059182539114965
-0.5404380201352825,-0.009969774881487104,0.7364258703576625,1.1059182539114965
-0.5404380201352825,-0.0725082046594817,0.07025860177220174,1.1059182539114965
-0.5404380201352825,-0.06804117396105351,0.11784197809973465,-0.9524326969869764
-0.5404380201352825,-0.1350466344374763,-0.595908666813259,-0.9524326969869764
-0.5404380201352825,-0.2690575553903219,-2.023409956639246,0.07674277846226003
-0.5404380201352825,3.438577924305072,-1.6777167276197198,1.1059182539114965
-0.5404380201352825,0.010876368377844428,-1.4783423808073568,1.1059182539114965
-0.5404380201352825,-0.02337086697677166,0.5936757413750637,-0.9524326969869764
-0.5404380201352825,-0.1052664297812884,-0.2786861579630396,-0.9524326969869764
-0.5404380201352825,-0.02337086697677166,0.5936757413750637,-0.9524326969869764
-0.5404380201352825,-0.1052664297812884,-0.2786861579630396,-0.9524326969869764
-0.5404380201352825,0.013854388843463218,0.990203877437838,-0.9524326969869764
-0.5404380201352825,-0.06804117396105351,0.11784197809973465,-0.9524326969869764
-0.5404380201352825,-0.17227189025771117,-0.717246276448468,1.1059182539114965
-0.5404380201352825,-0.1946070437498521,-1.0102012633716455,1.1059182539114965
-0.5404380201352825,-0.06804117396105351,0.11784197809973465,-0.9524326969869764
-0.5404380201352825,-0.1350466344374763,-0.595908666813259,-0.9524326969869764
-0.5404380201352825,0.0019423069809880573,0.8633148738977502,1.1059182539114965
-0.5404380201352825,-0.039749979537675006,0.4192033615074431,1.1059182539114965
-0.5404380201352825,0.17764551445249668,2.7349276761140446,1.1059182539114965
-0.5404380201352825,0.07192578792302963,1.6087877696957658,1.1059182539114965
-0.5404380201352825,-0.1052664297812884,-0.2786861579630396,-0.9524326969869764
-0.5404380201352825,-0.14249168560152328,-0.6752142940258138,-0.9524326969869764
-0.5404380201352825,-0.06804117396105351,0.11784197809973465,-0.9524326969869764
-0.5404380201352825,-0.08293127628914747,-0.040769276325375046,-0.9524326969869764
-0.5404380201352825,-0.1350466344374763,-0.595908666813259,-0.9524326969869764
-0.5404380201352825,-0.167804859559283,-0.9448534265485004,-0.9524326969869764
-0.5404380201352825,-0.17971694142175815,-1.0154988792694442,-0.9524326969869764
-0.5404380201352825,-0.231832299570087,-1.5987600451669002,-0.9524326969869764
-0.5404380201352825,-0.04570602046891259,0.3557588597373992,1.1059182539114965
-0.5404380201352825,-0.1052664297812884,-0.2786861579630396,1.1059182539114965
-0.5404380201352825,-0.001035713484630733,0.8315926230127283,-0.9524326969869764
-0.5404380201352825,-0.06059612279700654,0.1971476053122895,-0.9524326969869764
-0.5404380201352825,3.8852809941478905,-1.6172065340565402,0.07674277846226003
-0.5404380201352825,-0.09782137861724143,-0.19938053075048476,1.1059182539114965
-0.5404380201352825,-0.1052664297812884,-0.2786861579630396,-0.9524326969869764
-0.5404380201352825,-0.14249168560152328,-0.6752142940258138,-0.9524326969869764
-0.5404380201352825,-0.06059612279700654,0.1971476053122895,-0.9524326969869764
-0.5404380201352825,-0.1350466344374763,-0.595908666813259,-0.9524326969869764
-0.5404380201352825,-0.21694219724199304,-1.4321072001424373,-0.9524326969869764
-0.5404380201352825,-0.2303432893372776,-1.582090002326821,-0.9524326969869764
-0.5404380201352825,-0.1113207453878914,-0.3431774940122892,1.1059182539114965
-0.5404380201352825,-0.16234614804580375,-0.8867065406762551,1.1059182539114965
-0.5404380201352825,-0.02337086697677166,0.5936757413750637,1.1059182539114965
-0.5404380201352825,-0.07548622512510049,0.0385363508871798,1.1059182539114965
-0.5404380201352825,-0.1052664297812884,-0.2786861579630396,-0.9524326969869764
-0.5404380201352825,-0.14249168560152328,-0.6752142940258138,-0.9524326969869764
-0.5404380201352825,0.08756039536752828,1.775329586842131,-0.9524326969869764
-0.5404380201352825,-0.06081947433192795,0.19476843649591286,-0.9524326969869764
-0.5404380201352825,-0.10154390419926491,-0.23903334435676218,1.1059182539114965
-0.5404380201352825,-0.1350466344374763,-0.595908666813259,1.1059182539114965
-0.5404380201352825,0.08756039536752828,1.775329586842131,-0.9524326969869764
-0.5404380201352825,-0.06081947433192795,0.19476843649591286,-0.9524326969869764
-0.5404380201352825,-0.20205209491389908,-1.3096593117262527,-0.9524326969869764
-0.5404380201352825,-0.21247516654356485,-1.4206871898238294,-0.9524326969869764
-0.5404380201352825,0.08756039536752828,1.775329586842131,-0.9524326969869764
-0.5404380201352825,-0.06081947433192795,0.19476843649591286,-0.9524326969869764
-0.5404380201352825,-0.2005630846810897,-1.248800173403338,1.1059182539114965
-0.5404380201352825,-0.001035713484630733,0.8315926230127283,1.1059182539114965
-0.5404380201352825,-0.1052664297812884,-0.2786861579630396,1.1059182539114965
-0.5404380201352825,-0.09484335815162263,-0.1676582798654628,1.1059182539114965
-0.5404380201352825,-0.12909059350623872,-0.5324641650432151,1.1059182539114965
-0.5404380201352825,0.02874449117155717,1.1488151318629476,1.1059182539114965
-0.5404380201352825,-0.06059612279700654,0.1971476053122895,1.1059182539114965
-0.5404380201352825,0.02874449117155717,1.1488151318629476,1.1059182539114965
-0.5404380201352825,-0.06059612279700654,0.1971476053122895,1.1059182539114965
-0.5404380201352825,0.02874449117155717,1.1488151318629476,1.1059182539114965
-0.5404380201352825,-0.09037632745319445,-0.12007490353792989,1.1059182539114965
-0.5404380201352825,-0.011831037672498849,0.7165994635545238,1.1059182539114965
-0.5404380201352825,-0.043472505119698496,0.37955054790116566,1.1059182539114965
-0.5404380201352825,-0.1311156474228595,-0.5540352956450301,1.1059182539114965
-0.5404380201352825,-0.1855240813297148,-1.133600819314381,1.1059182539114965
-0.5404380201352825,0.02874449117155717,1.1488151318629476,1.1059182539114965
-0.5404380201352825,-0.06059612279700654,0.1971476053122895,1.1059182539114965
-0.5404380201352825,0.012067576564091945,0.9711705269068248,-0.9524326969869764
-0.5404380201352825,-0.10139500317598397,-0.23744723181251107,-0.9524326969869764
-0.5404380201352825,-0.09037632745319445,-0.12007490353792989,1.1059182539114965
-0.5404380201352825,-0.16482683909366422,-0.9131311756634783,1.1059182539114965
-0.5404380201352825,-0.08144226605633807,-0.024908150882864077,1.1059182539114965
-0.5404380201352825,-0.12909059350623872,-0.5324641650432151,1.1059182539114965
-0.5404380201352825,-0.06059612279700654,0.1971476053122895,1.1059182539114965
-0.5404380201352825,-0.1350466344374763,-0.595908666813259,1.1059182539114965
-0.5404380201352825,-0.04570602046891259,0.3557588597373992,-0.9524326969869764
-0.5404380201352825,-0.08293127628914747,-0.040769276325375046,-0.9524326969869764
-0.5404380201352825,0.03767855256841354,1.2439818845180135,1.1059182539114965
-0.5404380201352825,-0.0695301841938629,0.10198085265722368,1.1059182539114965
-0.5404380201352825,-0.047195030701721985,0.33989773429488823,1.1059182539114965
-0.5404380201352825,-0.09037632745319445,-0.12007490353792989,1.1059182539114965
-0.5404380201352825,-0.1113207453878914,-0.3431774940122892,1.1059182539114965
-0.5404380201352825,-0.16234614804580375,-0.8867065406762551,1.1059182539114965
-0.5404380201352825,0.03618954233560415,1.2281207590755026,1.1059182539114965
-0.5404380201352825,-0.06059612279700654,0.1971476053122895,1.1059182539114965
-0.5404380201352825,0.0823488595526954,1.7198156477933426,1.1059182539114965
-0.5404380201352825,0.015343399076272614,1.006065002880349,1.1059182539114965
-0.5404380201352825,-0.005502744183058919,0.7840092466851953,1.1059182539114965
-0.5404380201352825,-0.05612909209857835,0.2447309816398224,1.1059182539114965
-0.5404380201352825,0.09574995164797996,1.8625657767759414,1.1059182539114965
-0.5404380201352825,-0.008480764648677709,0.7522869958001734,1.1059182539114965
-0.5404380201352825,0.2372059237648725,4.65360043751827,-0.9524326969869764
-0.5404380201352825,-0.21694219724199304,-1.303156250294823,-0.9524326969869764
-0.5404380201352825,-0.21247516654356485,-1.3821129327476427,-0.9524326969869764
-0.5404380201352825,-0.2273652688716588,-1.5487657777721056,-0.9524326969869764
-0.5404380201352825,-0.032304928373628035,0.49850898871999794,-0.9524326969869764
-0.5404380201352825,-0.11926312596969671,-0.4277807371226427,-0.9524326969869764
-0.5404380201352825,-0.1975850642154709,-1.2154759488486224,-0.9524326969869764
-0.5404380201352825,-0.07548622512510049,0.0385363508871798,1.1059182539114965
-0.5404380201352825,-0.1052664297812884,-0.2786861579630396,1.1059182539114965
-0.5404380201352825,-0.17227189025771117,-0.9924368028760332,1.1059182539114965
-0.5404380201352825,-0.1946070437498521,-1.2303536845136978,1.1059182539114965
-0.5404380201352825,-0.2690575553903219,-2.023409956639246,0.07674277846226003
-0.5404380201352825,-0.20949714607794606,-1.3889649389388075,0.07674277846226003
-0.5404380201352825,-0.08442028652195686,-0.056630401767886016,1.1059182539114965
-0.5404380201352825,-0.09931038885005082,-0.2152416561929957,1.1059182539114965
-0.5404380201352825,-0.03572965190908964,0.4620284002022227,-0.9524326969869764
-0.5404380201352825,-0.1067554400140978,-0.2945472834055506,-0.9524326969869764
-0.5404380201352825,-0.09896196045557341,-0.21153015283944815,-0.9524326969869764
-0.5404380201352825,-0.1729568349648035,-0.9997329205795883,-0.9524326969869764
-0.5404380201352825,-0.1350466344374763,-0.595908666813259,1.1059182539114965
-0.5404380201352825,-0.18716199258580513,-1.151048057301143,1.1059182539114965
-1.986870497403556,1.5773151332933282,-1.9139047465841506,0.07674277846226003
-0.5404380201352825,0.013854388843463218,0.990203877437838,0.07674277846226003
-0.5404380201352825,-0.2660795349247031,-1.9916877057542244,1.1059182539114965
-0.5404380201352825,0.043634593499651125,1.3074263862880573,1.1059182539114965
-0.5404380201352825,-0.06655216372824412,0.13370310354224563,1.1059182539114965
-0.5404380201352825,-0.18716199258580513,-1.0988173712189544,-0.9524326969869764
-0.5404380201352825,-0.231832299570087,-1.5987600451669002,-0.9524326969869764
-0.5404380201352825,-0.12015653210938235,-0.4372974123881493,-0.9524326969869764
-0.5404380201352825,-0.17971694142175815,-1.071742430088588,-0.9524326969869764
-0.5404380201352825,-0.20949714607794606,-1.3889649389388075,0.07674277846226003
-0.5404380201352825,-0.1052664297812884,-0.2786861579630396,-0.9524326969869764
-0.5404380201352825,-0.14249168560152328,-0.6752142940258138,-0.9524326969869764
-0.5404380201352825,-0.06059612279700654,0.1971476053122895,-0.9524326969869764
-0.5404380201352825,-0.1350466344374763,-0.595908666813259,-0.9524326969869764
-0.5404380201352825,-0.21694219724199304,-1.4321072001424373,-0.9524326969869764
-0.5404380201352825,-0.2303432893372776,-1.582090002326821,-0.9524326969869764
-0.5404380201352825,-0.001035713484630733,0.8315926230127283,1.1059182539114965
-0.5404380201352825,-0.08293127628914747,-0.040769276325375046,1.1059182539114965
-0.5404380201352825,-0.09335434791881324,-0.15179715442295183,-0.9524326969869764
-0.5404380201352825,-0.16259332374445012,-0.8893394874997119,-0.9524326969869764
-0.5404380201352825,-0.026348887442390452,0.5619534904900418,1.1059182539114965
-0.5404380201352825,-0.12015653210938235,-0.4372974123881493,1.1059182539114965
-0.5404380201352825,0.0019423069809880573,0.8633148738977502,-0.9524326969869764
-0.5404380201352825,-0.1052664297812884,-0.2786861579630396,-0.9524326969869764
-0.5404380201352825,-0.1113207453878914,-0.3431774940122892,1.1059182539114965
-0.5404380201352825,-0.16234614804580375,-0.8867065406762551,1.1059182539114965
-0.5404380201352825,-0.1052664297812884,-0.2786861579630396,-0.9524326969869764
-0.5404380201352825,-0.14249168560152328,-0.6752142940258138,-0.9524326969869764
-0.5404380201352825,-0.001035713484630733,0.8315926230127283,1.1059182539114965
-0.5404380201352825,0.004920327446606847,0.8950371247827722,1.1059182539114965
-0.5404380201352825,-0.09126973359288008,-0.12959157880343647,1.1059182539114965
-0.5404380201352825,0.015343399076272614,1.006065002880349,1.1059182539114965
-0.5404380201352825,-0.15112794495181778,-0.7672088215923775,1.1059182539114965
-0.5404380201352825,-0.03826096930486561,0.43506448694995403,-0.9524326969869764
-0.5404380201352825,-0.09782137861724143,-0.19938053075048476,-0.9524326969869764
-0.5404380201352825,0.058524695827745075,1.466037640713167,1.1059182539114965
-0.5404380201352825,0.007898347912225639,0.9267593756677941,1.1059182539114965
-0.5404380201352825,-0.09037632745319445,-0.12007490353792989,-0.9524326969869764
-0.5404380201352825,-0.14993673676557026,-0.7545199212383686,-0.9524326969869764
-0.5404380201352825,-0.06059612279700654,0.1971476053122895,1.1059182539114965
-0.5404380201352825,-0.1350466344374763,-0.595908666813259,1.1059182539114965
-0.5404380201352825,0.058524695827745075,1.466037640713167,-0.9524326969869764
-0.5404380201352825,-0.06059612279700654,0.1971476053122895,-0.9524326969869764
-0.5404380201352825,-0.05523568595889272,0.25424765690532897,-0.9524326969869764
-0.5404380201352825,-0.12492136485437241,-0.4880530138041844,-0.9524326969869764
-0.5404380201352825,-0.09037632745319445,-0.12007490353792989,1.1059182539114965
-0.5404380201352825,-0.1350466344374763,-0.595908666813259,1.1059182539114965
-0.5404380201352825,0.03767855256841354,1.2439818845180135,1.1059182539114965
-0.5404380201352825,-0.0695301841938629,0.10198085265722368,1.1059182539114965
-0.5404380201352825,-0.015925815812724686,0.6729813685876186,-0.9524326969869764
-0.5404380201352825,-0.1052664297812884,-0.2786861579630396,-0.9524326969869764
-0.5404380201352825,-0.04570602046891259,0.3557588597373992,-0.9524326969869764
-0.5404380201352825,-0.08293127628914747,-0.040769276325375046,-0.9524326969869764
-0.5404380201352825,0.002686812097392755,0.8712454366190057,1.1059182539114965
-0.5404380201352825,-0.07548622512510049,0.0385363508871798,1.1059182539114965
-0.5404380201352825,-0.05687359721498305,0.23680041891856693,-0.9524326969869764
-0.5404380201352825,-0.09037632745319445,-0.12007490353792989,-0.9524326969869764
-0.5404380201352825,-0.18716199258580513,-1.151048057301143,1.1059182539114965
-0.5404380201352825,-0.20205209491389908,-1.3096593117262527,1.1059182539114965
-0.5404380201352825,-0.01778707860373643,0.6531549617844798,-0.9524326969869764
-0.5404380201352825,-0.04570602046891259,0.3557588597373992,-0.9524326969869764
-0.5404380201352825,-0.1946070437498521,-1.1821358631684644,1.1059182539114965
-0.5404380201352825,-0.20949714607794606,-1.3487887081929273,1.1059182539114965
-0.5404380201352825,-0.03826096930486561,0.43506448694995403,-0.9524326969869764
-0.5404380201352825,-0.08293127628914747,-0.040769276325375046,-0.9524326969869764
-0.5404380201352825,-0.030815918140818636,0.5143701141625089,1.1059182539114965
-0.5404380201352825,-0.09782137861724143,-0.19938053075048476,1.1059182539114965
-0.5404380201352825,-0.12760158327342933,-0.5166030396007042,-0.9524326969869764
-0.5404380201352825,-0.17971694142175815,-1.071742430088588,-0.9524326969869764
-0.5404380201352825,-0.09037632745319445,-0.12007490353792989,-0.9524326969869764
-0.5404380201352825,-0.14249168560152328,-0.6752142940258138,-0.9524326969869764
-0.5404380201352825,0.019065924658296103,1.0457178164866263,-0.9524326969869764
-0.5404380201352825,-0.05761810233138775,0.22886985619731143,-0.9524326969869764
-0.5404380201352825,0.010027632545143073,0.9494407850505848,1.1059182539114965
-0.5404380201352825,-0.08328863874502172,-0.04457594643157768,1.1059182539114965
-0.5404380201352825,-0.1052664297812884,-0.2786861579630396,1.1059182539114965
-0.5404380201352825,0.009387358145035033,0.942620501110305,-0.9524326969869764
-0.5404380201352825,-0.1365356446702857,-0.61176979225577,-0.9524326969869764
-0.5404380201352825,0.043634593499651125,1.3074263862880573,1.1059182539114965
-0.5404380201352825,-0.0427280000032938,0.38748111062242113,1.1059182539114965
-0.5404380201352825,-0.1274229020454922,-0.4302233504407894,-0.9524326969869764
-0.5404380201352825,-0.1717358465738998,-0.9261690207772224,-0.9524326969869764
-0.5404380201352825,-0.1990740744482803,-1.068792260756281,-0.9524326969869764
-0.5404380201352825,-0.22140922794042123,-1.3617472476794588,-0.9524326969869764
-0.5404380201352825,-0.06202557262050356,0.18192092488747896,1.1059182539114965
-0.5404380201352825,-0.1143493922014257,-0.3754390231623565,1.1059182539114965
-3.4333029746718298,-0.14249168560152328,-0.6752142940258138,-0.9524326969869764
-1.986870497403556,-0.11271148094533537,-0.35799178517559443,1.1059182539114965
-0.5404380201352825,-0.029326907908009243,0.5302312396050198,1.1059182539114965
-0.5404380201352825,-0.2645905246918937,-1.9758265803117134,1.1059182539114965
-0.5404380201352825,-0.1350466344374763,-0.595908666813259,-0.9524326969869764
-0.5404380201352825,-0.167804859559283,-0.9448534265485004,-0.9524326969869764
-0.5404380201352825,-0.1052664297812884,-0.2786861579630396,-0.9524326969869764
-0.5404380201352825,-0.14249168560152328,-0.6752142940258138,-0.9524326969869764
-0.5404380201352825,-0.12015653210938235,-0.4372974123881493,-0.9524326969869764
-0.5404380201352825,-0.17971694142175815,-1.071742430088588,-0.9524326969869764
-0.5404380201352825,-0.20949714607794606,-1.3889649389388075,1.1059182539114965
-0.5404380201352825,-0.0071406554391492535,0.7665620086984333,-0.9524326969869764
-0.5404380201352825,-0.09141863461616102,-0.13117769134768759,-0.9524326969869764
-0.5404380201352825,-0.06059612279700654,0.1971476053122895,-0.9524326969869764
-0.5404380201352825,-0.1350466344374763,-0.595908666813259,-0.9524326969869764
-0.5404380201352825,0.058524695827745075,1.466037640713167,1.1059182539114965
-0.5404380201352825,-0.053746675726083326,0.27010878234783997,1.1059182539114965
-0.5404380201352825,0.0205549348911055,1.0615789419291373,-0.9524326969869764
-0.5404380201352825,-0.07221040261291982,0.07343082686070393,-0.9524326969869764
-0.5404380201352825,-0.04570602046891259,0.3557588597373992,1.1059182539114965
-0.5404380201352825,-0.17227189025771117,-0.9924368028760332,1.1059182539114965
-0.5404380201352825,-0.21694219724199304,-1.4321072001424373,-0.9524326969869764
-0.5404380201352825,-0.2303432893372776,-1.582090002326821,-0.9524326969869764
-0.5404380201352825,0.033211521869985355,1.1963985081904807,-0.9524326969869764
-0.5404380201352825,-0.05761810233138775,0.22886985619731143,-0.9524326969869764
-0.5404380201352825,-0.07548622512510049,0.0385363508871798,1.1059182539114965
-0.5404380201352825,-0.1052664297812884,-0.2786861579630396,1.1059182539114965
-0.5404380201352825,-0.12015653210938235,-0.4372974123881493,-0.9524326969869764
-0.5404380201352825,-0.17971694142175815,-1.071742430088588,-0.9524326969869764
-0.5404380201352825,0.05435546717587877,1.4216264894741364,1.1059182539114965
-0.5404380201352825,-0.03379393860643743,0.48264786327748693,1.1059182539114965
-1.986870497403556,-0.25416745306222793,-1.8647987022141366,-0.9524326969869764
-0.5404380201352825,-0.1931180335170427,-1.165481681453828,-0.9524326969869764
-0.5404380201352825,-0.1975850642154709,-1.2154759488486224,-0.9524326969869764
-0.5404380201352825,0.07788182885426721,1.6722322714658098,1.1059182539114965
-0.5404380201352825,-0.0114587851142965,0.7205647449151515,1.1059182539114965
-0.5404380201352825,-0.02337086697677166,0.5936757413750637,-0.9524326969869764
-0.5404380201352825,-0.06059612279700654,0.1971476053122895,-0.9524326969869764
-0.5404380201352825,-0.09037632745319445,-0.12007490353792989,1.1059182539114965
-0.5404380201352825,-0.14993673676557026,-0.7545199212383686,1.1059182539114965
-0.5404380201352825,-0.03826096930486561,0.43506448694995403,-0.9524326969869764
-0.5404380201352825,-0.09931038885005082,-0.2152416561929957,-0.9524326969869764
-0.5404380201352825,-0.018903836278343477,0.6412591177025967,-0.9524326969869764
-0.5404380201352825,-0.08739830698757566,-0.08835265265290795,-0.9524326969869764
-0.5404380201352825,0.16275541212440273,2.576316421688935,-0.9524326969869764
-0.5404380201352825,-0.09037632745319445,-0.12007490353792989,-0.9524326969869764
-0.5404380201352825,-0.032304928373628035,0.49850898871999794,-0.9524326969869764
-0.5404380201352825,-0.11926312596969671,-0.4277807371226427,-0.9524326969869764
-0.5404380201352825,-0.11122247071252597,-0.3421306597330835,1.1059182539114965
-0.5404380201352825,-0.1410026753687139,-0.6593531685833028,1.1059182539114965
-0.5404380201352825,-0.17227189025771117,-0.717246276448468,-0.9524326969869764
-0.5404380201352825,-0.1990740744482803,-1.068792260756281,-0.9524326969869764
-0.5404380201352825,-0.12760158327342933,-0.5166030396007042,-0.9524326969869764
-0.5404380201352825,-0.17971694142175815,-1.071742430088588,-0.9524326969869764
-0.5404380201352825,-0.07995325582352868,-0.5128598139962716,0.07674277846226003
-0.5404380201352825,0.004920327446606847,0.8950371247827722,1.1059182539114965
-0.5404380201352825,-0.09126973359288008,-0.12959157880343647,1.1059182539114965
-0.5404380201352825,-0.001035713484630733,0.8315926230127283,1.1059182539114965
-0.5404380201352825,-0.08293127628914747,-0.040769276325375046,1.1059182539114965
-0.5404380201352825,-0.1350466344374763,-0.595908666813259,-0.9524326969869764
-0.5404380201352825,-0.17971694142175815,-1.071742430088588,-0.9524326969869764
-0.5404380201352825,-0.001407966042833082,0.8276273416521005,-0.9524326969869764
-0.5404380201352825,-0.07511397256689814,0.04250163224780754,-0.9524326969869764
-0.5404380201352825,-0.09037632745319445,-0.12007490353792989,-0.9524326969869764
-0.5404380201352825,-0.1350466344374763,-0.595908666813259,-0.9524326969869764
-0.5404380201352825,-0.04570602046891259,0.3557588597373992,-0.9524326969869764
-0.5404380201352825,-0.12164554234219174,-0.4531585378306603,-0.9524326969869764
-0.5404380201352825,0.08830490048393298,1.7832601495633864,-0.9524326969869764
-0.5404380201352825,-0.06059612279700654,0.1971476053122895,-0.9524326969869764
-0.5404380201352825,0.02278845024031959,1.0853706300929038,-0.9524326969869764
-0.5404380201352825,-0.04570602046891259,0.3557588597373992,-0.9524326969869764
-0.5404380201352825,-0.08293127628914747,-0.040769276325375046,-0.9524326969869764
-0.5404380201352825,-0.1052664297812884,-0.2786861579630396,-0.9524326969869764
-0.5404380201352825,-0.12015653210938235,-0.34890336029703567,1.1059182539114965
-0.5404380201352825,-0.17971694142175815,-1.0154988792694442,1.1059182539114965
-0.5404380201352825,-0.04570602046891259,0.3557588597373992,-0.9524326969869764
-0.5404380201352825,-0.08293127628914747,-0.040769276325375046,-0.9524326969869764
-0.5404380201352825,-0.06059612279700654,0.1971476053122895,-0.9524326969869764
-0.5404380201352825,-0.1350466344374763,-0.595908666813259,-0.9524326969869764
-0.5404380201352825,-0.1052664297812884,-0.2786861579630396,-0.9524326969869764
-0.5404380201352825,-0.14249168560152328,-0.6752142940258138,-0.9524326969869764
-0.5404380201352825,-0.18716199258580513,-1.0988173712189544,-0.9524326969869764
-0.5404380201352825,-0.22438724840604002,-1.51544155321739,-0.9524326969869764
-0.5404380201352825,0.0007510987947405411,0.8506259735437415,-0.9524326969869764
-0.5404380201352825,-0.09037632745319445,-0.12007490353792989,-0.9524326969869764
-0.5404380201352825,0.0007510987947405411,0.8506259735437415,-0.9524326969869764
-0.5404380201352825,-0.09037632745319445,-0.12007490353792989,-0.9524326969869764
-0.5404380201352825,-0.19014001305142392,-1.1321415957736698,0.07674277846226003
-0.5404380201352825,-0.20949714607794606,-1.3889649389388075,1.1059182539114965
-0.5404380201352825,0.058524695827745075,1.466037640713167,-0.9524326969869764
-0.5404380201352825,-0.053746675726083326,0.27010878234783997,-0.9524326969869764
-0.5404380201352825,-0.1052664297812884,-0.2786861579630396,-0.9524326969869764
-0.5404380201352825,-0.14249168560152328,-0.6752142940258138,-0.9524326969869764
-0.5404380201352825,-0.07548622512510049,0.0385363508871798,-0.9524326969869764
-0.5404380201352825,-0.1052664297812884,-0.2786861579630396,-0.9524326969869764
-0.5404380201352825,-0.032304928373628035,0.49850898871999794,-0.9524326969869764
-0.5404380201352825,-0.11926312596969671,-0.4277807371226427,-0.9524326969869764
-0.5404380201352825,-0.16482683909366422,-0.9131311756634783,1.1059182539114965
-0.5404380201352825,-0.0071406554391492535,0.7665620086984333,-0.9524326969869764
-0.5404380201352825,-0.09141863461616102,-0.13117769134768759,-0.9524326969869764
-0.5404380201352825,-0.08293127628914747,-0.040769276325375046,-0.9524326969869764
-0.5404380201352825,-0.12015653210938235,-0.4372974123881493,-0.9524326969869764
-0.5404380201352825,-0.05315107163295957,0.27645323252484433,-0.9524326969869764
-0.5404380201352825,-0.07548622512510049,0.0385363508871798,-0.9524326969869764
-0.5404380201352825,0.021299440007510193,1.0695095046503929,1.1059182539114965
-0.5404380201352825,-0.06059612279700654,0.1971476053122895,1.1059182539114965
-0.5404380201352825,-0.016670320929129383,0.6650508058663631,-0.9524326969869764
-0.5404380201352825,-0.08442028652195686,-0.056630401767886016,-0.9524326969869764
-0.5404380201352825,-0.015925815812724686,0.6729813685876186,-0.9524326969869764
-0.5404380201352825,-0.1052664297812884,-0.2786861579630396,-0.9524326969869764
-0.5404380201352825,-0.0071406554391492535,0.7665620086984333,-0.9524326969869764
-0.5404380201352825,-0.09141863461616102,-0.13117769134768759,-0.9524326969869764
-0.5404380201352825,-0.02337086697677166,0.5936757413750637,1.1059182539114965
-0.5404380201352825,-0.06804117396105351,0.11784197809973465,1.1059182539114965
-0.5404380201352825,0.06596974699179205,1.545343267925722,1.1059182539114965
-0.5404380201352825,-0.02337086697677166,0.5936757413750637,1.1059182539114965
-0.5404380201352825,-0.24523339166537156,-1.7487428473512838,0.07674277846226003
-0.5404380201352825,-0.04570602046891259,0.3557588597373992,1.1059182539114965
-0.5404380201352825,-0.14993673676557026,-0.7545199212383686,1.1059182539114965
-0.5404380201352825,-0.18716199258580513,-1.0988173712189544,-0.9524326969869764
-0.5404380201352825,-0.231832299570087,-1.5987600451669002,-0.9524326969869764
-0.5404380201352825,-0.06804117396105351,0.11784197809973465,-0.9524326969869764
-0.5404380201352825,-0.11271148094533537,-0.35799178517559443,-0.9524326969869764
-0.5404380201352825,-0.03826096930486561,0.43506448694995403,-0.9524326969869764
-0.5404380201352825,-0.08293127628914747,-0.040769276325375046,-0.9524326969869764
-0.5404380201352825,-0.03319833451331367,0.48899231345449135,-0.9524326969869764
-0.5404380201352825,-0.12730378122686745,-0.513430814512202,-0.9524326969869764
-0.5404380201352825,-0.17971694142175815,-0.814903225798008,1.1059182539114965
-0.5404380201352825,-0.22438724840604002,-1.4008131996443631,1.1059182539114965
-0.5404380201352825,0.013854388843463218,0.990203877437838,-0.9524326969869764
-0.5404380201352825,-0.04570602046891259,0.3557588597373992,-0.9524326969869764
-0.5404380201352825,-0.21694219724199304,-1.4321072001424373,-0.9524326969869764
-0.5404380201352825,-0.2303432893372776,-1.582090002326821,-0.9524326969869764
-0.5404380201352825,0.012067576564091945,0.9711705269068248,-0.9524326969869764
-0.5404380201352825,-0.10139500317598397,-0.23744723181251107,-0.9524326969869764
-0.5404380201352825,-0.1350466344374763,-0.595908666813259,1.1059182539114965
-0.5404380201352825,-0.1350466344374763,-0.5155562053214984,0.07674277846226003
-0.5404380201352825,-0.09037632745319445,-0.12007490353792989,-0.9524326969869764
-0.5404380201352825,-0.1350466344374763,-0.595908666813259,-0.9524326969869764
-0.5404380201352825,-0.15738178792961724,-0.5219482388748303,-0.9524326969869764
-0.5404380201352825,-0.1946070437498521,-1.0102012633716455,-0.9524326969869764
-0.5404380201352825,-0.09782137861724143,-0.19938053075048476,1.1059182539114965
-0.5404380201352825,-0.12015653210938235,-0.4372974123881493,1.1059182539114965
-0.5404380201352825,-0.03826096930486561,0.43506448694995403,-0.9524326969869764
-0.5404380201352825,-0.09931038885005082,-0.2152416561929957,-0.9524326969869764
-0.5404380201352825,-0.06357414326262534,0.16542535442726755,1.1059182539114965
-0.5404380201352825,-0.12462356280781053,-0.4848807887156822,1.1059182539114965
-0.5404380201352825,-0.06059612279700654,0.1971476053122895,-0.9524326969869764
-0.5404380201352825,-0.1350466344374763,-0.595908666813259,-0.9524326969869764
-0.5404380201352825,-0.04570602046891259,0.3557588597373992,-0.9524326969869764
-0.5404380201352825,-0.08293127628914747,-0.040769276325375046,-0.9524326969869764
-0.5404380201352825,-0.1052664297812884,-0.2786861579630396,-0.9524326969869764
-0.5404380201352825,-0.14249168560152328,-0.6752142940258138,-0.9524326969869764
-0.5404380201352825,-0.05523568595889272,0.25424765690532897,-0.9524326969869764
-0.5404380201352825,-0.12492136485437241,-0.4880530138041844,-0.9524326969869764
-0.5404380201352825,-0.1350466344374763,-0.595908666813259,-0.9524326969869764
-0.5404380201352825,-0.18716199258580513,-1.151048057301143,-0.9524326969869764
-0.5404380201352825,-0.1052664297812884,-0.2786861579630396,-0.9524326969869764
-0.5404380201352825,-0.14249168560152328,-0.6752142940258138,-0.9524326969869764
-0.5404380201352825,-0.1946070437498521,-1.1821358631684644,-0.9524326969869764
-0.5404380201352825,-0.231832299570087,-1.5987600451669002,-0.9524326969869764
-0.5404380201352825,0.17764551445249668,2.7349276761140446,1.1059182539114965
-0.5404380201352825,0.07192578792302963,1.6087877696957658,1.1059182539114965
-0.5404380201352825,0.16201090700799803,2.5683858589676793,-0.9524326969869764
-0.5404380201352825,0.08100875034316694,1.7055406348950828,-0.9524326969869764
-0.5404380201352825,-0.03379393860643743,0.48264786327748693,1.1059182539114965
-0.5404380201352825,-0.09037632745319445,-0.12007490353792989,1.1059182539114965
-0.5404380201352825,-0.08144226605633807,-0.024908150882864077,1.1059182539114965
-0.5404380201352825,-0.12909059350623872,-0.5324641650432151,1.1059182539114965
-0.5404380201352825,-0.044217010236103194,0.3716199851799102,1.1059182539114965
-0.5404380201352825,-0.10824445024690718,-0.31040840884806153,1.1059182539114965
-0.5404380201352825,0.021299440007510193,1.0695095046503929,1.1059182539114965
-0.5404380201352825,-0.009969774881487104,0.7364258703576625,1.1059182539114965
-0.5404380201352825,-0.0071406554391492535,0.7665620086984333,-0.9524326969869764
-0.5404380201352825,-0.09141863461616102,-0.13117769134768759,-0.9524326969869764
-0.5404380201352825,0.0845823749019095,1.7436073359571092,-0.9524326969869764
-0.5404380201352825,-0.02754009562863797,0.549264590136033,-0.9524326969869764
-0.5404380201352825,-0.18716199258580513,-1.0988173712189544,-0.9524326969869764
-0.5404380201352825,-0.02039284651115287,0.6253979922600856,-0.9524326969869764
-0.5404380201352825,-0.08888731722038505,-0.10421377809541893,-0.9524326969869764
-0.5404380201352825,0.021299440007510193,1.0695095046503929,1.1059182539114965
-0.5404380201352825,-0.009969774881487104,0.7364258703576625,1.1059182539114965
-0.5404380201352825,-0.06655216372824412,0.13370310354224563,-0.9524326969869764
-0.5404380201352825,-0.1320686139718575,-0.564186415928237,-0.9524326969869764
-0.5404380201352825,-0.032304928373628035,0.49850898871999794,-0.9524326969869764
-0.5404380201352825,-0.11926312596969671,-0.4277807371226427,-0.9524326969869764
-0.5404380201352825,0.058524695827745075,1.466037640713167,1.1059182539114965
-0.5404380201352825,0.007898347912225639,0.9267593756677941,1.1059182539114965
-0.5404380201352825,-0.08293127628914747,-0.040769276325375046,-0.9524326969869764
-0.5404380201352825,-0.1350466344374763,-0.595908666813259,-0.9524326969869764
-0.5404380201352825,-0.16482683909366422,-0.9131311756634783,-0.9524326969869764
-0.5404380201352825,-0.18716199258580513,-1.151048057301143,-0.9524326969869764
-0.5404380201352825,-0.08293127628914747,-0.040769276325375046,-0.9524326969869764
-0.5404380201352825,-0.1350466344374763,-0.595908666813259,-0.9524326969869764
-0.5404380201352825,-0.20949714607794606,-1.2055151620707256,1.1059182539114965
-0.5404380201352825,-0.231832299570087,-1.4984701489939032,1.1059182539114965
-0.5404380201352825,-0.02337086697677166,0.5936757413750637,1.1059182539114965
-0.5404380201352825,-0.08293127628914747,-0.040769276325375046,1.1059182539114965
-0.5404380201352825,-0.16482683909366422,-0.9131311756634783,-0.9524326969869764
-0.5404380201352825,0.06038595861875682,1.4858640475163059,1.1059182539114965
-0.5404380201352825,-0.07734748791611223,0.01870994408404109,1.1059182539114965
-0.5404380201352825,0.004548074888404499,0.8910718434221444,1.1059182539114965
-0.5404380201352825,-0.11085021815432362,-0.33816537837245575,1.1059182539114965
-0.5404380201352825,0.06038595861875682,1.4858640475163059,1.1059182539114965
-0.5404380201352825,-0.07734748791611223,0.01870994408404109,1.1059182539114965
-0.5404380201352825,0.06038595861875682,1.4858640475163059,1.1059182539114965
-0.5404380201352825,-0.07734748791611223,0.01870994408404109,1.1059182539114965
-0.5404380201352825,0.06038595861875682,1.4858640475163059,1.1059182539114965
-0.5404380201352825,-0.07734748791611223,0.01870994408404109,1.1059182539114965
-0.5404380201352825,0.004548074888404499,0.8910718434221444,1.1059182539114965
-0.5404380201352825,-0.11085021815432362,-0.33816537837245575,1.1059182539114965
-0.5404380201352825,0.02576647070593838,1.1170928809779257,1.1059182539114965
-0.5404380201352825,-0.09484335815162263,-0.1676582798654628,1.1059182539114965
-0.5404380201352825,0.16275541212440273,2.576316421688935,1.1059182539114965
-0.5404380201352825,0.007898347912225639,0.9267593756677941,1.1059182539114965
-0.5404380201352825,0.0205549348911055,1.0615789419291373,-0.9524326969869764
-0.5404380201352825,-0.07221040261291982,0.07343082686070393,-0.9524326969869764
-1.986870497403556,-0.21611579656278382,-1.4594676415307688,0.07674277846226003
-0.5404380201352825,-0.0071406554391492535,0.7665620086984333,-0.9524326969869764
-0.5404380201352825,-0.09141863461616102,-0.13117769134768759,-0.9524326969869764
-0.5404380201352825,-0.21694219724199304,-1.4321072001424373,-0.9524326969869764
-0.5404380201352825,-0.2303432893372776,-1.582090002326821,-0.9524326969869764
-0.5404380201352825,0.0205549348911055,1.0615789419291373,-0.9524326969869764
-0.5404380201352825,-0.07221040261291982,0.07343082686070393,-0.9524326969869764
-0.5404380201352825,0.021299440007510193,1.0695095046503929,1.1059182539114965
-0.5404380201352825,-0.008480764648677709,0.7522869958001734,1.1059182539114965
-0.5404380201352825,-0.0071406554391492535,0.7665620086984333,-0.9524326969869764
-0.5404380201352825,-0.09141863461616102,-0.13117769134768759,-0.9524326969869764
-0.5404380201352825,0.0845823749019095,1.7436073359571092,-0.9524326969869764
-0.5404380201352825,-0.02754009562863797,0.549264590136033,-0.9524326969869764
-0.5404380201352825,-0.04570602046891259,0.3557588597373992,-0.9524326969869764
-0.5404380201352825,-0.08293127628914747,-0.040769276325375046,-0.9524326969869764
-0.5404380201352825,-0.06059612279700654,0.1971476053122895,-0.9524326969869764
-0.5404380201352825,-0.1350466344374763,-0.595908666813259,-0.9524326969869764
-0.5404380201352825,-0.12015653210938235,-0.4372974123881493,-0.9524326969869764
-0.5404380201352825,-0.14249168560152328,-0.6752142940258138,-0.9524326969869764
-0.5404380201352825,-0.0071406554391492535,0.7665620086984333,-0.9524326969869764
-0.5404380201352825,-0.09141863461616102,-0.13117769134768759,-0.9524326969869764
-0.5404380201352825,0.021299440007510193,1.0695095046503929,1.1059182539114965
-0.5404380201352825,-0.009969774881487104,0.7364258703576625,1.1059182539114965
-0.5404380201352825,9.543519878823593,-1.901533068738992,1.1059182539114965
-0.5404380201352825,0.2744311795851074,3.765900829877258,0.07674277846226003
-0.5404380201352825,0.0007510987947405411,0.8506259735437415,-0.9524326969869764
-0.5404380201352825,-0.09037632745319445,-0.12007490353792989,-0.9524326969869764
-0.5404380201352825,0.0510796446636981,1.3867320135006123,-0.9524326969869764
-0.5404380201352825,-0.051066457307026414,0.2986588081443597,-0.9524326969869764
-0.5404380201352825,-0.032304928373628035,0.49850898871999794,-0.9524326969869764
-0.5404380201352825,-0.11926312596969671,-0.4277807371226427,-0.9524326969869764
-0.5404380201352825,0.0205549348911055,1.0615789419291373,-0.9524326969869764
-0.5404380201352825,-0.07221040261291982,0.07343082686070393,-0.9524326969869764
-0.5404380201352825,-0.15738178792961724,-0.5219482388748303,-0.9524326969869764
-0.5404380201352825,-0.18716199258580513,-0.912560175147548,-0.9524326969869764
-0.5404380201352825,-0.0071406554391492535,0.7665620086984333,-0.9524326969869764
-0.5404380201352825,-0.09141863461616102,-0.13117769134768759,-0.9524326969869764
-0.5404380201352825,-0.07444391796213391,0.04963913869693748,-0.9524326969869764
-0.5404380201352825,-0.14427849788089456,-0.694247644556827,-0.9524326969869764
-0.5404380201352825,0.2372059237648725,3.3693726938144835,1.1059182539114965
-0.5404380201352825,-0.08293127628914747,-0.040769276325375046,1.1059182539114965
-0.5404380201352825,-0.1113207453878914,-0.3431774940122892,1.1059182539114965
-0.5404380201352825,-0.16234614804580375,-0.8867065406762551,1.1059182539114965
-0.5404380201352825,-0.2660795349247031,-1.9916877057542244,1.1059182539114965
-0.5404380201352825,-0.1350466344374763,-0.5214089606097849,1.1059182539114965
-0.5404380201352825,-0.2348103200357058,-1.658604071461494,1.1059182539114965
-0.5404380201352825,-0.2348103200357058,-1.6320842697216156,1.1059182539114965
-0.5404380201352825,0.015343399076272614,1.006065002880349,-0.9524326969869764
-0.5404380201352825,-0.1067554400140978,-0.2945472834055506,-0.9524326969869764
-0.5404380201352825,-0.02337086697677166,0.5936757413750637,1.1059182539114965
-0.5404380201352825,-0.06059612279700654,0.1971476053122895,1.1059182539114965
-0.5404380201352825,-0.0538062361353957,0.26947433733013954,-0.9524326969869764
-0.5404380201352825,-0.09983452045199973,-0.22082477234875958,-0.9524326969869764
-0.5404380201352825,-0.09037632745319445,-0.12007490353792989,-0.9524326969869764
-0.5404380201352825,-0.1350466344374763,-0.595908666813259,-0.9524326969869764
-0.5404380201352825,-0.030815918140818636,0.5143701141625089,-0.9524326969869764
-0.5404380201352825,-0.06804117396105351,0.11784197809973465,-0.9524326969869764
-0.5404380201352825,-0.08293127628914747,-0.040769276325375046,1.1059182539114965
-0.5404380201352825,-0.1350466344374763,-0.595908666813259,1.1059182539114965
-0.5404380201352825,0.0845823749019095,1.7436073359571092,-0.9524326969869764
-0.5404380201352825,-0.02754009562863797,0.549264590136033,-0.9524326969869764
-0.5404380201352825,-0.019648341394748175,0.6333285549813412,1.1059182539114965
-0.5404380201352825,-0.08442028652195686,-0.056630401767886016,1.1059182539114965
-0.5404380201352825,-0.0071406554391492535,0.7665620086984333,-0.9524326969869764
-0.5404380201352825,-0.09141863461616102,-0.13117769134768759,-0.9524326969869764
-0.5404380201352825,0.002782108752292556,0.8722605486473264,1.1059182539114965
-0.5404380201352825,-0.06825856945504369,0.11552625378512804,1.1059182539114965
-0.5404380201352825,-0.09037632745319445,-0.12007490353792989,-0.9524326969869764
-0.5404380201352825,-0.12760158327342933,-0.5166030396007042,-0.9524326969869764
-0.5404380201352825,-0.016960677924527216,0.6619578864050735,1.1059182539114965
-0.5404380201352825,-0.07231910035991491,0.07227296470340064,1.1059182539114965
-0.5404380201352825,0.18509056561654366,2.8142333033265996,1.1059182539114965
-0.5404380201352825,0.0510796446636981,1.3867320135006123,1.1059182539114965
-0.5404380201352825,0.07922193806379567,1.6865072843640696,1.1059182539114965
-0.5404380201352825,-0.050768655260464535,0.3018310332328619,1.1059182539114965
-0.5404380201352825,0.02278845024031959,1.0853706300929038,-0.9524326969869764
-0.5404380201352825,-0.04570602046891259,0.3557588597373992,-0.9524326969869764
-0.5404380201352825,-0.12164554234219174,-0.4531585378306603,-0.9524326969869764
-0.5404380201352825,-0.1663158493264736,-0.9289923011059894,-0.9524326969869764
-0.5404380201352825,-0.04570602046891259,0.3557588597373992,-0.9524326969869764
-0.5404380201352825,-0.12164554234219174,-0.4531585378306603,-0.9524326969869764
-0.5404380201352825,-0.15738178792961724,-0.7655275422954713,0.07674277846226003
-0.5404380201352825,-0.012203290230701196,0.7126341821938961,1.1059182539114965
-0.5404380201352825,-0.09260984280240854,-0.14386659170169636,1.1059182539114965
-0.5404380201352825,-0.04570602046891259,0.3557588597373992,1.1059182539114965
-0.5404380201352825,-0.14993673676557026,-0.7545199212383686,1.1059182539114965
-0.5404380201352825,-0.16884716672224956,-0.9559562143582581,1.1059182539114965
-0.5404380201352825,-0.2160487911023074,-1.4587538908858557,1.1059182539114965
-0.5404380201352825,-0.09484335815162263,-0.1676582798654628,1.1059182539114965
-0.5404380201352825,-0.12015653210938235,-0.4372974123881493,1.1059182539114965
-0.5404380201352825,0.02874449117155717,1.1488151318629476,1.1059182539114965
-0.5404380201352825,-0.08144226605633807,-0.024908150882864077,1.1059182539114965
-0.5404380201352825,-0.2660795349247031,-1.9820441414851777,1.1059182539114965
-0.5404380201352825,-0.030815918140818636,0.5143701141625089,1.1059182539114965
-0.5404380201352825,-0.07548622512510049,0.0385363508871798,1.1059182539114965
-0.5404380201352825,0.0845823749019095,1.7436073359571092,-0.9524326969869764
-0.5404380201352825,-0.02754009562863797,0.549264590136033,-0.9524326969869764
-0.5404380201352825,0.0510796446636981,1.3867320135006123,-0.9524326969869764
-0.5404380201352825,-0.009820873858206165,0.7380119829019136,-0.9524326969869764
-0.5404380201352825,-0.09037632745319445,-0.12007490353792989,-0.9524326969869764
-0.5404380201352825,-0.14993673676557026,-0.7545199212383686,-0.9524326969869764
-0.5404380201352825,-0.1052664297812884,-0.2786861579630396,1.1059182539114965
-0.5404380201352825,-0.1350466344374763,-0.595908666813259,1.1059182539114965
-0.5404380201352825,-0.15738178792961724,-0.8338255484509235,1.1059182539114965
-0.5404380201352825,-0.167804859559283,-0.9448534265485004,1.1059182539114965
-0.5404380201352825,-0.044217010236103194,0.3716199851799102,1.1059182539114965
-0.5404380201352825,-0.12015653210938235,-0.4372974123881493,1.1059182539114965
-0.5404380201352825,-0.08144226605633807,-0.024908150882864077,1.1059182539114965
-0.5404380201352825,-0.12909059350623872,-0.5324641650432151,1.1059182539114965
-0.5404380201352825,-0.21694219724199304,-1.4321072001424373,-0.9524326969869764
-0.5404380201352825,-0.2303432893372776,-1.582090002326821,-0.9524326969869764
-0.5404380201352825,0.021299440007510193,1.0695095046503929,-0.9524326969869764
-0.5404380201352825,-0.04570602046891259,0.3557588597373992,-0.9524326969869764
-0.5404380201352825,-0.032304928373628035,0.49850898871999794,-0.9524326969869764
-0.5404380201352825,-0.11926312596969671,-0.4277807371226427,-0.9524326969869764
-0.5404380201352825,-0.20949714607794606,-1.2055151620707256,1.1059182539114965
-0.5404380201352825,-0.22438724840604002,-1.4008131996443631,1.1059182539114965
-0.5404380201352825,-0.04570602046891259,0.3557588597373992,-0.9524326969869764
-0.5404380201352825,-0.09037632745319445,-0.12007490353792989,-0.9524326969869764
-0.5404380201352825,0.080859849319886,1.7039545223508317,-0.9524326969869764
-0.5404380201352825,-0.015925815812724686,0.6729813685876186,-0.9524326969869764
-0.5404380201352825,-0.08293127628914747,-0.040769276325375046,-0.9524326969869764
-0.5404380201352825,-0.1350466344374763,-0.595908666813259,-0.9524326969869764
-0.5404380201352825,0.043634593499651125,1.3074263862880573,-0.9524326969869764
-0.5404380201352825,-0.06059612279700654,0.1971476053122895,-0.9524326969869764
-0.5404380201352825,0.011531532880280563,0.9654605217475208,-0.9524326969869764
-0.5404380201352825,-0.0695301841938629,0.10198085265722368,-0.9524326969869764
-0.5404380201352825,0.07341479815583903,1.6246488951382767,-0.9524326969869764
-0.5404380201352825,-0.030815918140818636,0.5143701141625089,-0.9524326969869764
-0.5404380201352825,0.011531532880280563,0.9654605217475208,-0.9524326969869764
-0.5404380201352825,-0.0695301841938629,0.10198085265722368,-0.9524326969869764
-0.5404380201352825,-0.06059612279700654,0.1971476053122895,1.1059182539114965
-0.5404380201352825,-0.1350466344374763,-0.595908666813259,1.1059182539114965
-0.5404380201352825,-0.1052664297812884,-0.2786861579630396,-0.9524326969869764
-0.5404380201352825,-0.14249168560152328,-0.6752142940258138,-0.9524326969869764
-0.5404380201352825,-0.21396417677637425,-1.264106159455361,0.07674277846226003
-0.5404380201352825,-0.18865100281861452,-1.166909182743654,1.1059182539114965
-0.5404380201352825,-0.2273652688716588,-1.5487657777721056,0.07674277846226003
-0.5404380201352825,-0.00520494213649704,0.7871814717736976,1.1059182539114965
-0.5404380201352825,-0.11107356968924503,-0.34054454718883237,1.1059182539114965
-0.5404380201352825,-0.06059612279700654,0.1971476053122895,-0.9524326969869764
-0.5404380201352825,-0.09484335815162263,-0.1676582798654628,-0.9524326969869764
-0.5404380201352825,0.12553015630416786,2.179788285626161,1.1059182539114965
-0.5404380201352825,-0.036771959072056215,0.45092561239246504,1.1059182539114965
-0.5404380201352825,-0.046154212548988216,0.3509846609792034,-0.9524326969869764
-0.5404380201352825,-0.07706755399234407,0.02169183566723315,-0.9524326969869764
-0.5404380201352825,-0.17078288002490177,-0.9765756774335222,0.07674277846226003
-0.5404380201352825,-0.03572965190908964,0.4620284002022227,-0.9524326969869764
-0.5404380201352825,-0.1067554400140978,-0.2945472834055506,-0.9524326969869764
-0.5404380201352825,-0.09037632745319445,-0.12007490353792989,-0.9524326969869764
-0.5404380201352825,-0.1350466344374763,-0.595908666813259,-0.9524326969869764
-0.5404380201352825,-0.15887079816242664,-0.5414732842945613,-0.9524326969869764
-0.5404380201352825,-0.17227189025771117,-0.717246276448468,-0.9524326969869764
-0.5404380201352825,-0.16482683909366422,-0.9131311756634783,-0.9524326969869764
-0.5404380201352825,-0.20577462049592257,-1.34931212533253,-0.9524326969869764
-0.5404380201352825,0.06745875722460144,1.561204393368233,1.1059182539114965
-0.5404380201352825,-0.012947795347105894,0.7047036194726405,1.1059182539114965
-0.5404380201352825,-0.015925815812724686,0.6729813685876186,1.1059182539114965
-0.5404380201352825,-0.07548622512510049,0.0385363508871798,1.1059182539114965
-0.5404380201352825,0.0510796446636981,1.3867320135006123,-0.9524326969869764
-0.5404380201352825,-0.051066457307026414,0.2986588081443597,-0.9524326969869764
-0.5404380201352825,-0.08293127628914747,-0.040769276325375046,1.1059182539114965
-0.5404380201352825,-0.1350466344374763,-0.595908666813259,1.1059182539114965
-0.5404380201352825,0.0205549348911055,1.0615789419291373,-0.9524326969869764
-0.5404380201352825,-0.07221040261291982,0.07343082686070393,-0.9524326969869764
-0.5404380201352825,0.07341479815583903,1.6246488951382767,1.1059182539114965
-0.5404380201352825,-0.09721981848318642,-0.1929726360717103,0.07674277846226003
-0.5404380201352825,0.16275541212440273,2.576316421688935,-0.9524326969869764
-0.5404380201352825,-0.09037632745319445,-0.12007490353792989,-0.9524326969869764
-0.5404380201352825,0.006409337679416243,0.9108982502252831,1.1059182539114965
-0.5404380201352825,-0.02337086697677166,0.5936757413750637,1.1059182539114965
-0.5404380201352825,-0.05315107163295957,0.27645323252484433,-0.9524326969869764
-0.5404380201352825,-0.12015653210938235,-0.4372974123881493,-0.9524326969869764
-0.5404380201352825,-0.10079939908286022,-0.23110278163550668,-0.9524326969869764
-0.5404380201352825,-0.1465864637417491,-0.7188323889927191,-0.9524326969869764
-0.5404380201352825,-0.030815918140818636,0.5143701141625089,-0.9524326969869764
-0.5404380201352825,-0.06059612279700654,0.1971476053122895,-0.9524326969869764
-0.5404380201352825,-0.015925815812724686,0.6729813685876186,1.1059182539114965
-0.5404380201352825,-0.1350466344374763,-0.595908666813259,1.1059182539114965
-0.5404380201352825,-0.1395136651359045,-0.6434920431407919,1.1059182539114965
-0.5404380201352825,-0.14993673676557026,-0.7545199212383686,1.1059182539114965
-0.5404380201352825,0.013854388843463218,0.990203877437838,-0.9524326969869764
-0.5404380201352825,-0.04570602046891259,0.3557588597373992,-0.9524326969869764
-0.5404380201352825,0.02874449117155717,1.1488151318629476,1.1059182539114965
-0.5404380201352825,-0.015925815812724686,0.6729813685876186,1.1059182539114965
-0.5404380201352825,0.10319500281202693,1.9418714039884961,-0.9524326969869764
-0.5404380201352825,-0.015925815812724686,0.6729813685876186,-0.9524326969869764
-0.5404380201352825,0.02874449117155717,1.1488151318629476,1.1059182539114965
-0.5404380201352825,-0.050173051167340776,0.3081754834098663,1.1059182539114965
-0.5404380201352825,-0.015925815812724686,0.6729813685876186,1.1059182539114965
-0.5404380201352825,-0.1350466344374763,-0.595908666813259,1.1059182539114965
-0.5404380201352825,-0.16482683909366422,-0.9131311756634783,-0.9524326969869764
-0.5404380201352825,-0.20577462049592257,-1.34931212533253,-0.9524326969869764
-0.5404380201352825,-0.09335434791881324,-0.15179715442295183,-0.9524326969869764
-0.5404380201352825,-0.16259332374445012,-0.8893394874997119,-0.9524326969869764
-0.5404380201352825,-0.12760158327342933,-0.5166030396007042,-0.9524326969869764
-0.5404380201352825,-0.17971694142175815,-1.071742430088588,-0.9524326969869764
-0.5404380201352825,-0.02337086697677166,0.5936757413750637,-0.9524326969869764
-0.5404380201352825,-0.10154390419926491,-0.23903334435676218,-0.9524326969869764
-0.5404380201352825,-0.029326907908009243,0.5302312396050198,-0.9524326969869764
-0.5404380201352825,-0.10973346047971658,-0.3262695342905725,-0.9524326969869764
-0.5404380201352825,0.018023617495329526,1.0346150286768687,-0.9524326969869764
-0.5404380201352825,-0.1286438904363959,-0.5277058274104618,-0.9524326969869764
-0.5404380201352825,-0.21247516654356485,-1.3821129327476427,-0.9524326969869764
-0.5404380201352825,-0.231832299570087,-1.5987600451669002,-0.9524326969869764
-0.5404380201352825,0.009387358145035033,0.942620501110305,-0.9524326969869764
-0.5404380201352825,-0.1365356446702857,-0.61176979225577,-0.9524326969869764
-0.5404380201352825,-0.04570602046891259,0.3557588597373992,-0.9524326969869764
-0.5404380201352825,-0.12015653210938235,-0.4372974123881493,-0.9524326969869764
-0.5404380201352825,-0.0071406554391492535,0.7665620086984333,-0.9524326969869764
-0.5404380201352825,-0.09141863461616102,-0.13117769134768759,-0.9524326969869764
-0.5404380201352825,-0.23927735073413398,-1.7061874477890269,1.1059182539114965
-0.5404380201352825,-0.167804859559283,-0.9448534265485004,1.1059182539114965
-0.5404380201352825,-0.21247516654356485,-1.4206871898238294,1.1059182539114965
-0.5404380201352825,-0.030815918140818636,0.5143701141625089,-0.9524326969869764
-0.5404380201352825,-0.09037632745319445,-0.12007490353792989,-0.9524326969869764
-0.5404380201352825,-0.06059612279700654,0.1971476053122895,-0.9524326969869764
-0.5404380201352825,-0.14249168560152328,-0.6752142940258138,-0.9524326969869764
-0.5404380201352825,-0.167804859559283,-0.9448534265485004,1.1059182539114965
-0.5404380201352825,-0.22140922794042123,-1.5158539424788953,1.1059182539114965
-0.5404380201352825,0.23065427874051117,3.299583741867435,-0.9524326969869764
-0.5404380201352825,0.059120299920868834,1.4723820908901715,-0.9524326969869764
-0.5404380201352825,-0.06804117396105351,0.11784197809973465,-0.9524326969869764
-0.5404380201352825,-0.11271148094533537,-0.35799178517559443,-0.9524326969869764
-0.5404380201352825,-0.167804859559283,-0.9448534265485004,1.1059182539114965
-0.5404380201352825,-0.21247516654356485,-1.4206871898238294,1.1059182539114965
-0.5404380201352825,-0.021956307255602735,0.6087438105454491,1.1059182539114965
-0.5404380201352825,-0.09030187694155398,-0.11928184726580435,1.1059182539114965
-0.5404380201352825,0.02219284614719583,1.0790261799158993,-0.9524326969869764
-0.5404380201352825,-0.12655927611046275,-0.5055002517909465,-0.9524326969869764
-0.5404380201352825,0.06835216336428708,1.5707210686337394,1.1059182539114965
-0.5404380201352825,-0.15112794495181778,-0.7672088215923775,1.1059182539114965
-0.5404380201352825,-0.15887079816242664,-0.8496866738934346,1.1059182539114965
-0.5404380201352825,-0.20354110514670848,-1.3255204371687637,1.1059182539114965
-0.5404380201352825,-0.16482683909366422,-0.9131311756634783,1.1059182539114965
-0.5404380201352825,0.013854388843463218,0.990203877437838,1.1059182539114965
-0.5404380201352825,-0.1410026753687139,-1.0123900986827121,1.1059182539114965
-0.5404380201352825,-0.03826096930486561,0.43506448694995403,0.07674277846226003
-0.5404380201352825,-0.24374438143256216,-1.6547022346026363,0.07674277846226003
-0.5404380201352825,-0.0071406554391492535,0.7665620086984333,-0.9524326969869764
-0.5404380201352825,-0.09141863461616102,-0.13117769134768759,-0.9524326969869764
-0.5404380201352825,-0.032304928373628035,0.49850898871999794,-0.9524326969869764
-0.5404380201352825,-0.11926312596969671,-0.4277807371226427,-0.9524326969869764
-1.986870497403556,0.31165643540534227,-2.096228383545814,0.07674277846226003
-1.986870497403556,-0.1350466344374763,-0.9916437466039076,0.07674277846226003
-0.5404380201352825,0.0510796446636981,1.3867320135006123,-0.9524326969869764
-0.5404380201352825,-0.009820873858206165,0.7380119829019136,-0.9524326969869764
-0.5404380201352825,-0.0071406554391492535,0.7665620086984333,-0.9524326969869764
-0.5404380201352825,-0.09141863461616102,-0.13117769134768759,-0.9524326969869764
-0.5404380201352825,0.0510796446636981,1.3867320135006123,-0.9524326969869764
-0.5404380201352825,-0.051066457307026414,0.2986588081443597,-0.9524326969869764
-0.5404380201352825,-0.0071406554391492535,0.7665620086984333,-0.9524326969869764
-0.5404380201352825,-0.09141863461616102,-0.13117769134768759,-0.9524326969869764
-0.5404380201352825,-0.12313455257500114,-0.46901966327317124,-0.9524326969869764
-0.5404380201352825,-0.2720355758559407,-2.0551322075242684,1.1059182539114965
-0.5404380201352825,-0.05315107163295957,0.27645323252484433,1.1059182539114965
-0.5404380201352825,-0.2273652688716588,-1.579298444248939,1.1059182539114965
-0.5404380201352825,-0.15738178792961724,-0.8338255484509235,-0.9524326969869764
-0.5404380201352825,-0.18716199258580513,-1.151048057301143,-0.9524326969869764
-0.5404380201352825,-0.05315107163295957,0.27645323252484433,1.1059182539114965
-0.5404380201352825,-0.2273652688716588,-1.579298444248939,1.1059182539114965
-0.5404380201352825,-0.14993673676557026,-0.42429128952529027,-0.9524326969869764
-0.5404380201352825,-0.17227189025771117,-0.717246276448468,-0.9524326969869764
-0.5404380201352825,-0.05523568595889272,0.25424765690532897,1.1059182539114965
-0.5404380201352825,-0.12492136485437241,-0.4880530138041844,1.1059182539114965
-0.5404380201352825,-0.008480764648677709,0.7522869958001734,1.1059182539114965
-0.5404380201352825,-0.20949714607794606,-1.3889649389388075,1.1059182539114965
-0.5404380201352825,-0.0071406554391492535,0.7665620086984333,-0.9524326969869764
-0.5404380201352825,-0.09141863461616102,-0.13117769134768759,-0.9524326969869764
-0.5404380201352825,-0.05315107163295957,0.27645323252484433,1.1059182539114965
-0.5404380201352825,-0.2273652688716588,-1.579298444248939,1.1059182539114965
-0.5404380201352825,-0.03379393860643743,0.48264786327748693,1.1059182539114965
-0.5404380201352825,-0.09037632745319445,-0.12007490353792989,1.1059182539114965
-0.5404380201352825,-0.10020379498973646,-0.2247583314585023,-0.9524326969869764
-0.5404380201352825,-0.1527658562079081,-0.7846560595791395,-0.9524326969869764
-0.5404380201352825,-0.1052664297812884,-0.2786861579630396,1.1059182539114965
-0.5404380201352825,-0.20205209491389908,-1.3096593117262527,1.1059182539114965
-0.5404380201352825,-0.0071406554391492535,0.7665620086984333,-0.9524326969869764
-0.5404380201352825,-0.09141863461616102,-0.13117769134768759,-0.9524326969869764
-0.5404380201352825,0.0007510987947405411,0.8506259735437415,-0.9524326969869764
-0.5404380201352825,-0.09037632745319445,-0.12007490353792989,-0.9524326969869764
-0.5404380201352825,-0.032304928373628035,0.49850898871999794,-0.9524326969869764
-0.5404380201352825,-0.11926312596969671,-0.4277807371226427,-0.9524326969869764
-0.5404380201352825,-0.06059612279700654,0.1971476053122895,-0.9524326969869764
-0.5404380201352825,-0.1052664297812884,-0.2786861579630396,-0.9524326969869764
-0.5404380201352825,-0.07697523535790989,0.02267522544466883,-0.9524326969869764
-0.5404380201352825,-0.10228840931566961,-0.24696390707801766,-0.9524326969869764
-0.5404380201352825,-0.0071406554391492535,0.7665620086984333,-0.9524326969869764
-0.5404380201352825,-0.09141863461616102,-0.13117769134768759,-0.9524326969869764
-0.5404380201352825,-0.07608182921822425,0.032191900710175414,-0.9524326969869764
-0.5404380201352825,-0.15633948076665066,-0.8227227606411659,-0.9524326969869764
-0.5404380201352825,-0.008480764648677709,0.7522869958001734,1.1059182539114965
-0.5404380201352825,-0.20949714607794606,-1.3889649389388075,1.1059182539114965
-0.5404380201352825,-0.0071406554391492535,0.7665620086984333,-0.9524326969869764
-0.5404380201352825,-0.09141863461616102,-0.13117769134768759,-0.9524326969869764
-0.5404380201352825,0.0510796446636981,1.3867320135006123,-0.9524326969869764
-0.5404380201352825,-0.051066457307026414,0.2986588081443597,-0.9524326969869764
-0.5404380201352825,0.013854388843463218,0.990203877437838,1.1059182539114965
-0.5404380201352825,-0.02337086697677166,0.5936757413750637,1.1059182539114965
-0.5404380201352825,-0.0071406554391492535,0.7665620086984333,-0.9524326969869764
-0.5404380201352825,-0.09141863461616102,-0.13117769134768759,-0.9524326969869764
-0.5404380201352825,-0.06282963814622064,0.17335591714852305,1.1059182539114965
-0.5404380201352825,-0.13772685285653322,-0.6244586926097787,1.1059182539114965
-0.5404380201352825,-0.11271148094533537,-0.35799178517559443,1.1059182539114965
-0.5404380201352825,-0.14249168560152328,-0.6752142940258138,1.1059182539114965
-0.5404380201352825,0.0510796446636981,1.3867320135006123,1.1059182539114965
-0.5404380201352825,-0.18567298235299573,-1.135186931858632,1.1059182539114965
-0.5404380201352825,-0.008480764648677709,0.7522869958001734,1.1059182539114965
-0.5404380201352825,-0.20949714607794606,-1.3889649389388075,1.1059182539114965
-0.5404380201352825,-0.21694219724199304,-1.4321072001424373,-0.9524326969869764
-0.5404380201352825,-0.2303432893372776,-1.582090002326821,-0.9524326969869764
-0.5404380201352825,-0.08442028652195686,-0.056630401767886016,-0.9524326969869764
-0.5404380201352825,-0.1380246549030951,-0.6276309176982809,-0.9524326969869764
-0.5404380201352825,-0.12760158327342933,-0.5166030396007042,-0.9524326969869764
-0.5404380201352825,-0.1916290232842333,-1.1986314336286759,-0.9524326969869764
-0.5404380201352825,-0.1990740744482803,-1.2779370608412306,1.1059182539114965
-0.5404380201352825,0.02874449117155717,0.3765527951925311,0.07674277846226003
-0.5404380201352825,-0.06923238214730103,0.10515307774572587,1.1059182539114965
-0.5404380201352825,-0.11217543726152399,-0.3522817800162905,1.1059182539114965
-0.5404380201352825,-0.1052664297812884,-0.8628355468852761,-0.9524326969869764
-0.5404380201352825,4.18308304070977,-1.5768558309307925,1.1059182539114965
-0.5404380201352825,-0.17971694142175815,-1.0154988792694442,-0.9524326969869764
-0.5404380201352825,-0.22438724840604002,-1.51544155321739,-0.9524326969869764
-0.5404380201352825,-0.030815918140818636,0.5143701141625089,1.1059182539114965
-0.5404380201352825,-0.06059612279700654,0.1971476053122895,1.1059182539114965
-0.5404380201352825,-0.015925815812724686,0.6729813685876186,1.1059182539114965
-0.5404380201352825,-0.04570602046891259,0.3557588597373992,1.1059182539114965
-0.5404380201352825,-0.12313455257500114,-0.46901966327317124,0.07674277846226003
-0.5404380201352825,0.013854388843463218,0.990203877437838,1.1059182539114965
-0.5404380201352825,-0.06059612279700654,0.1971476053122895,1.1059182539114965
-0.5404380201352825,-0.039749979537675006,-0.18390007231859404,0.07674277846226003
-0.5404380201352825,-0.002971426787282947,0.810973159937464,1.1059182539114965
-0.5404380201352825,-0.04511786142695288,0.362024004287191,1.1059182539114965
-0.5404380201352825,-0.1113207453878914,-0.3431774940122892,1.1059182539114965
-0.5404380201352825,-0.16234614804580375,-0.8867065406762551,1.1059182539114965
-0.5404380201352825,0.16275541212440273,2.576316421688935,-0.9524326969869764
-0.5404380201352825,0.0510796446636981,1.3867320135006123,-0.9524326969869764
-0.5404380201352825,0.011531532880280563,0.9654605217475208,1.1059182539114965
-0.5404380201352825,-0.0695301841938629,0.10198085265722368,1.1059182539114965
-0.5404380201352825,0.0011605766087631247,0.854987783040432,1.1059182539114965
-0.5404380201352825,-0.07321548452006617,0.06272456718700903,1.1059182539114965
-0.5404380201352825,-0.21247516654356485,-1.3821129327476427,-0.9524326969869764
-0.5404380201352825,-0.231832299570087,-1.5987600451669002,-0.9524326969869764
-0.5404380201352825,-0.17673892095613936,-0.9821587935892861,1.1059182539114965
-0.5404380201352825,-0.050369600518071614,0.30608181485145486,1.1059182539114965
-0.5404380201352825,0.013854388843463218,0.990203877437838,1.1059182539114965
-0.5404380201352825,0.011531532880280563,0.9654605217475208,-0.9524326969869764
-0.5404380201352825,-0.0695301841938629,0.10198085265722368,-0.9524326969869764
-0.5404380201352825,-0.18567298235299573,-1.0821473283788752,1.1059182539114965
-0.5404380201352825,-0.1052664297812884,-2.10062191529339,1.1059182539114965
-0.5404380201352825,-0.14993673676557026,-0.7545199212383686,1.1059182539114965
-0.5404380201352825,-0.1052664297812884,-0.1822505152725729,-0.9524326969869764
-0.5404380201352825,-0.16482683909366422,-0.8488460342449814,-0.9524326969869764
-0.5404380201352825,0.013854388843463218,0.990203877437838,1.1059182539114965
-0.5404380201352825,-0.015925815812724686,0.6729813685876186,1.1059182539114965
-0.5404380201352825,-0.12313455257500114,-0.46901966327317124,1.1059182539114965
-0.5404380201352825,-0.15738178792961724,-0.8338255484509235,1.1059182539114965
-0.5404380201352825,0.02874449117155717,1.1488151318629476,1.1059182539114965
-0.5404380201352825,-0.015925815812724686,0.6729813685876186,1.1059182539114965
-0.5404380201352825,-0.03826096930486561,0.43506448694995403,1.1059182539114965
-0.5404380201352825,-0.08739830698757566,-0.08835265265290795,1.1059182539114965
-0.5404380201352825,-0.09037632745319445,-0.12007490353792989,1.1059182539114965
-0.5404380201352825,-0.12015653210938235,-0.4372974123881493,1.1059182539114965
-0.5404380201352825,-0.18716199258580513,-1.4674775098792368,0.07674277846226003
-1.986870497403556,-0.2005630846810897,-1.515409830966505,0.07674277846226003
-0.5404380201352825,-0.08293127628914747,-0.040769276325375046,1.1059182539114965
-0.5404380201352825,-0.01771262809209596,0.6539480180566054,1.1059182539114965
-0.5404380201352825,-0.08724940596429472,-0.08676654010865686,1.1059182539114965
-0.5404380201352825,-0.25416745306222793,-1.8647987022141366,0.07674277846226003
-0.5404380201352825,-0.07548622512510049,0.0385363508871798,-0.9524326969869764
-0.5404380201352825,-0.12015653210938235,-0.4372974123881493,-0.9524326969869764
-0.5404380201352825,-0.04570602046891259,0.3557588597373992,1.1059182539114965
-0.5404380201352825,-0.15738178792961724,-0.8338255484509235,1.1059182539114965
-0.5404380201352825,0.08830490048393298,1.7832601495633864,1.1059182539114965
-0.5404380201352825,-0.19014001305142392,-1.182770308186165,1.1059182539114965
-0.5404380201352825,-0.00520494213649704,0.7871814717736976,1.1059182539114965
-0.5404380201352825,-0.11107356968924503,-0.34054454718883237,1.1059182539114965
-0.5404380201352825,-0.2690575553903219,-2.023409956639246,-0.9524326969869764
-0.5404380201352825,0.013854388843463218,0.990203877437838,1.1059182539114965
-0.5404380201352825,-0.06804117396105351,0.11784197809973465,1.1059182539114965
-0.5404380201352825,0.05852171780727946,1.466005918462282,-0.9524326969869764
-0.5404380201352825,-0.05382857128888784,0.2692364204485019,-0.9524326969869764
-0.5404380201352825,0.03618954233560415,1.2281207590755026,-0.9524326969869764
-0.5404380201352825,-0.047195030701721985,0.33989773429488823,-0.9524326969869764
-0.5404380201352825,0.05852171780727946,1.466005918462282,-0.9524326969869764
-0.5404380201352825,-0.05382857128888784,0.2692364204485019,-0.9524326969869764
-0.5404380201352825,-0.20949714607794606,-1.3889649389388075,1.1059182539114965
-0.5404380201352825,-0.0114587851142965,0.7205647449151515,1.1059182539114965
-0.5404380201352825,-0.13541888699567864,-0.5998739481738867,1.1059182539114965
-0.5404380201352825,-0.18209935779425318,-1.0971202307966057,1.1059182539114965
-0.5404380201352825,0.0687988664341299,1.5754794062664927,1.1059182539114965
-0.5404380201352825,-0.046897228655160106,0.3430699593833904,1.1059182539114965
-0.5404380201352825,0.07821685615664932,1.6758010246903747,1.1059182539114965
-0.5404380201352825,-0.0162608431151068,0.6694126153630536,1.1059182539114965
-0.5404380201352825,-0.02337086697677166,0.5936757413750637,1.1059182539114965
-0.5404380201352825,-0.06059612279700654,0.1971476053122895,1.1059182539114965
-0.5404380201352825,0.02874449117155717,1.1488151318629476,1.1059182539114965
-0.5404380201352825,-0.015925815812724686,0.6729813685876186,1.1059182539114965
-0.5404380201352825,-0.06357414326262534,0.16542535442726755,1.1059182539114965
-0.5404380201352825,-0.09335434791881324,-0.15179715442295183,1.1059182539114965
-0.5404380201352825,-0.001035713484630733,0.8315926230127283,1.1059182539114965
-0.5404380201352825,-0.08293127628914747,-0.040769276325375046,1.1059182539114965
-0.5404380201352825,-0.09037632745319445,-0.12007490353792989,1.1059182539114965
-0.5404380201352825,-0.12015653210938235,-0.4372974123881493,1.1059182539114965
-0.5404380201352825,0.0011605766087631247,0.854987783040432,1.1059182539114965
-0.5404380201352825,-0.07321548452006617,0.06272456718700903,1.1059182539114965
-0.5404380201352825,-0.04570602046891259,0.3557588597373992,1.1059182539114965
-0.5404380201352825,-0.15738178792961724,-0.8338255484509235,1.1059182539114965
-0.5404380201352825,0.040656573034032334,1.2757041354030354,-0.9524326969869764
-0.5404380201352825,-0.06759447089121069,0.12260031573248795,-0.9524326969869764
-0.5404380201352825,0.007004941772540001,0.9172427004022875,1.1059182539114965
-0.5404380201352825,-0.08844061415054223,-0.09945544046266563,1.1059182539114965
-0.5404380201352825,-0.12760158327342933,-0.5166030396007042,1.1059182539114965
-0.5404380201352825,0.0011605766087631247,0.854987783040432,1.1059182539114965
-0.5404380201352825,-0.07321548452006617,0.06272456718700903,1.1059182539114965
-0.5404380201352825,0.024277460473128985,1.1012317555354147,1.1059182539114965
-0.5404380201352825,-0.05612909209857835,0.2447309816398224,1.1059182539114965
-0.5404380201352825,0.0011605766087631247,0.854987783040432,1.1059182539114965
-0.5404380201352825,-0.07321548452006617,0.06272456718700903,1.1059182539114965
-0.5404380201352825,-0.12015653210938235,-0.4372974123881493,-0.9524326969869764
-0.5404380201352825,-0.1365356446702857,-0.61176979225577,-0.9524326969869764
-0.5404380201352825,0.0011605766087631247,0.854987783040432,1.1059182539114965
-0.5404380201352825,-0.07321548452006617,0.06272456718700903,1.1059182539114965
-0.5404380201352825,0.0011605766087631247,0.854987783040432,1.1059182539114965
-0.5404380201352825,-0.07321548452006617,0.06272456718700903,1.1059182539114965
-0.5404380201352825,0.0011605766087631247,0.854987783040432,1.1059182539114965
-0.5404380201352825,-0.07321548452006617,0.06272456718700903,1.1059182539114965
-0.5404380201352825,0.013854388843463218,0.990203877437838,1.1059182539114965
-0.5404380201352825,-0.08293127628914747,-0.040769276325375046,1.1059182539114965
-0.5404380201352825,0.024277460473128985,1.1012317555354147,1.1059182539114965
-0.5404380201352825,-0.05612909209857835,0.2447309816398224,1.1059182539114965
-0.5404380201352825,0.0011605766087631247,0.854987783040432,1.1059182539114965
-0.5404380201352825,-0.07321548452006617,0.06272456718700903,1.1059182539114965
-0.5404380201352825,0.0011605766087631247,0.854987783040432,1.1059182539114965
-0.5404380201352825,-0.07321548452006617,0.06272456718700903,1.1059182539114965
-0.5404380201352825,0.0011605766087631247,0.854987783040432,1.1059182539114965
-0.5404380201352825,-0.07321548452006617,0.06272456718700903,1.1059182539114965
-0.5404380201352825,0.007451644842382819,0.9220010380350409,-0.9524326969869764
-0.5404380201352825,-0.08963182233678975,-0.11214434081667442,-0.9524326969869764
-0.5404380201352825,-0.09037632745319445,-0.12007490353792989,1.1059182539114965
-0.5404380201352825,-0.15887079816242664,-0.8496866738934346,1.1059182539114965
-0.5404380201352825,-0.1350466344374763,-0.595908666813259,1.1059182539114965
-0.5404380201352825,-0.1946070437498521,-1.2303536845136978,1.1059182539114965
-0.5404380201352825,-0.18716199258580513,-0.912560175147548,1.1059182539114965
-0.5404380201352825,-0.20205209491389908,-1.1078582127211856,1.1059182539114965
-0.5404380201352825,-0.07355051182244828,0.059155813962444063,-0.9524326969869764
-0.5404380201352825,-0.13191971294857657,-0.5626003033839859,-0.9524326969869764
-0.5404380201352825,-0.21247516654356485,-1.3821129327476427,-0.9524326969869764
-0.5404380201352825,-0.231832299570087,-1.5987600451669002,-0.9524326969869764
-0.5404380201352825,-0.06059612279700654,0.1971476053122895,1.1059182539114965
-0.5404380201352825,-0.16035980839523603,-0.5610141908397348,1.1059182539114965
-0.5404380201352825,2.3962707613384953,-1.8189283274343948,0.07674277846226003
-0.5404380201352825,-0.0695301841938629,0.10198085265722368,1.1059182539114965
-0.5404380201352825,-0.11568950141095416,-0.3897140360606164,1.1059182539114965
-0.5404380201352825,-0.23927735073413398,-1.6820785371164102,1.1059182539114965
-0.5404380201352825,0.007004941772540001,0.9172427004022875,1.1059182539114965
-0.5404380201352825,-0.08844061415054223,-0.09945544046266563,1.1059182539114965
-0.5404380201352825,0.007004941772540001,0.9172427004022875,1.1059182539114965
-0.5404380201352825,-0.08844061415054223,-0.09945544046266563,1.1059182539114965
-0.5404380201352825,0.007004941772540001,0.9172427004022875,1.1059182539114965
-0.5404380201352825,-0.08844061415054223,-0.09945544046266563,1.1059182539114965
-0.5404380201352825,-0.001035713484630733,0.8315926230127283,1.1059182539114965
-0.5404380201352825,-0.08293127628914747,-0.040769276325375046,1.1059182539114965
-0.5404380201352825,-0.08293127628914747,-0.040769276325375046,1.1059182539114965
-0.5404380201352825,-0.16482683909366422,-0.9131311756634783,1.1059182539114965
-0.5404380201352825,0.6585958196499313,-2.0543391512521425,1.1059182539114965
-0.5404380201352825,-0.04570602046891259,0.3557588597373992,1.1059182539114965
-0.5404380201352825,-0.15738178792961724,-0.8338255484509235,1.1059182539114965
-0.5404380201352825,-0.01771262809209596,0.6539480180566054,1.1059182539114965
-0.5404380201352825,-0.08724940596429472,-0.08676654010865686,1.1059182539114965
-0.5404380201352825,-0.1946070437498521,-1.2303536845136978,1.1059182539114965
-0.5404380201352825,-0.1946070437498521,-1.1821358631684644,0.07674277846226003
-0.5404380201352825,-0.20949714607794606,-1.3889649389388075,1.1059182539114965
-0.5404380201352825,-0.07548622512510049,0.0385363508871798,1.1059182539114965
-0.5404380201352825,-0.12760158327342933,-0.5166030396007042,1.1059182539114965
-0.5404380201352825,-0.18716199258580513,-0.912560175147548,1.1059182539114965
-0.5404380201352825,-0.20205209491389908,-1.1078582127211856,1.1059182539114965
-0.5404380201352825,-0.001035713484630733,0.8315926230127283,1.1059182539114965
-0.5404380201352825,-0.07548622512510049,0.0385363508871798,1.1059182539114965
-0.5404380201352825,-0.1350466344374763,-0.595908666813259,1.1059182539114965
-0.5404380201352825,-0.1946070437498521,-1.2303536845136978,1.1059182539114965
-0.5404380201352825,-0.015925815812724686,0.6729813685876186,1.1059182539114965
-0.5404380201352825,-0.03826096930486561,0.43506448694995403,1.1059182539114965
-0.5404380201352825,-0.12313455257500114,-0.46901966327317124,-0.9524326969869764
-1.986870497403556,-0.25416745306222793,-1.8647987022141366,0.07674277846226003
-0.5404380201352825,-0.001035713484630733,0.8315926230127283,1.1059182539114965
-0.5404380201352825,-0.08293127628914747,-0.040769276325375046,1.1059182539114965
-0.5404380201352825,-0.016819221952410323,0.663464693322112,-0.9524326969869764
-0.5404380201352825,-0.054640081865768964,0.2605921070823334,-0.9524326969869764
-0.5404380201352825,0.004771426423325908,0.8934510122385211,-0.9524326969869764
-0.5404380201352825,-0.09141863461616102,-0.13117769134768759,-0.9524326969869764
-0.5404380201352825,0.04756558051426792,1.3492997574562864,-0.9524326969869764
-0.5404380201352825,-0.01270955370985639,0.7072413995434423,-0.9524326969869764
-0.5404380201352825,-0.06059612279700654,0.1971476053122895,-0.9524326969869764
-0.5404380201352825,-0.1350466344374763,-0.595908666813259,-0.9524326969869764
-0.5404380201352825,-0.10154390419926491,-0.23903334435676218,1.1059182539114965
-0.5404380201352825,-0.1350466344374763,-0.595908666813259,1.1059182539114965
-0.5404380201352825,0.15903288654237926,2.5366636080826575,1.1059182539114965
-0.5404380201352825,0.10319500281202693,1.9418714039884961,1.1059182539114965
-1.986870497403556,-0.2616125042262749,-1.9441043294266915,1.1059182539114965
-0.5404380201352825,0.0034313172137974525,0.8791759993402612,1.1059182539114965
-0.5404380201352825,-0.14546970606714207,-0.7069365449108358,-0.9524326969869764
-0.5404380201352825,-0.17524991072332996,-1.0241590537610552,-0.9524326969869764
-0.5404380201352825,-0.1350466344374763,-0.595908666813259,1.1059182539114965
-0.5404380201352825,-0.1946070437498521,-1.2303536845136978,1.1059182539114965
-0.5404380201352825,-0.2239405453361972,-2.058320293738213,1.1059182539114965
-0.5404380201352825,-0.07996218988492554,-0.009142192193008174,1.1059182539114965
-0.5404380201352825,-0.13270888837196554,-0.5710066998685168,1.1059182539114965
-0.5404380201352825,0.08830490048393298,1.7832601495633864,1.1059182539114965
-0.5404380201352825,-0.19014001305142392,-1.182770308186165,1.1059182539114965
-0.5404380201352825,-0.08442028652195686,-0.056630401767886016,-0.9524326969869764
-0.5404380201352825,-0.1380246549030951,-0.6276309176982809,-0.9524326969869764
-0.5404380201352825,0.0011605766087631247,0.854987783040432,1.1059182539114965
-0.5404380201352825,-0.07321548452006617,0.06272456718700903,1.1059182539114965
-0.5404380201352825,-0.20205209491389908,-1.265470216243417,0.07674277846226003
-0.5404380201352825,-0.08144226605633807,-0.024908150882864077,1.1059182539114965
-0.5404380201352825,-0.11717851164376356,-0.40557516150312733,1.1059182539114965
-0.5404380201352825,-0.027837897675199848,0.5460923650475308,1.1059182539114965
-0.5404380201352825,-0.07548622512510049,0.0385363508871798,1.1059182539114965
-0.5404380201352825,0.03618954233560415,1.2281207590755026,-0.9524326969869764
-0.5404380201352825,-0.039749979537675006,0.4192033615074431,-0.9524326969869764
-0.5404380201352825,0.16275541212440273,2.576316421688935,-0.9524326969869764
-0.5404380201352825,-0.09037632745319445,-0.12007490353792989,-0.9524326969869764
-0.5404380201352825,0.08830490048393298,1.7832601495633864,1.1059182539114965
-0.5404380201352825,-0.19014001305142392,-1.182770308186165,1.1059182539114965
-0.5404380201352825,-0.015925815812724686,0.6729813685876186,1.1059182539114965
-0.5404380201352825,-0.06059612279700654,0.1971476053122895,1.1059182539114965
-1.986870497403556,-0.2348103200357058,-1.4620847272287831,0.07674277846226003
-0.5404380201352825,0.08830490048393298,1.7832601495633864,1.1059182539114965
-0.5404380201352825,-0.19014001305142392,-1.182770308186165,1.1059182539114965
-0.5404380201352825,0.0011605766087631247,0.854987783040432,1.1059182539114965
-0.5404380201352825,-0.07321548452006617,0.06272456718700903,1.1059182539114965
-0.5404380201352825,-0.1387691600194998,-0.6355614804195364,1.1059182539114965
-0.5404380201352825,0.032913719823423476,1.1932262831019784,1.1059182539114965
-0.5404380201352825,-0.07131699647323418,0.08294750212621052,1.1059182539114965
-0.5404380201352825,-0.17971694142175815,-1.0154988792694442,0.07674277846226003
-0.5404380201352825,-0.20949714607794606,-1.3889649389388075,0.07674277846226003
-0.5404380201352825,0.4605574586862818,-2.081160314375429,1.1059182539114965
-0.5404380201352825,-0.05791590437794963,0.22569763110880925,-0.9524326969869764
-0.5404380201352825,-0.09001896499732019,-0.11626823343172726,-0.9524326969869764
-0.5404380201352825,-0.03826096930486561,0.43506448694995403,1.1059182539114965
-0.5404380201352825,-0.07511397256689814,0.04250163224780754,1.1059182539114965
-0.5404380201352825,-0.08293127628914747,-0.040769276325375046,-0.9524326969869764
-0.5404380201352825,-0.11271148094533537,-0.35799178517559443,-0.9524326969869764
-0.5404380201352825,-0.016819221952410323,0.663464693322112,1.1059182539114965
-0.5404380201352825,-0.054640081865768964,0.2605921070823334,1.1059182539114965
-0.5404380201352825,0.0011605766087631247,0.854987783040432,1.1059182539114965
-0.5404380201352825,-0.07321548452006617,0.06272456718700903,1.1059182539114965
-0.5404380201352825,0.0011605766087631247,0.854987783040432,1.1059182539114965
-0.5404380201352825,-0.07321548452006617,0.06272456718700903,1.1059182539114965
-0.5404380201352825,0.0011605766087631247,0.854987783040432,1.1059182539114965
-0.5404380201352825,-0.07321548452006617,0.06272456718700903,1.1059182539114965
-0.5404380201352825,-0.17227189025771117,-0.9924368028760332,-0.9524326969869764
-0.5404380201352825,-0.16482683909366422,-0.8488460342449814,1.1059182539114965
-0.5404380201352825,-0.17971694142175815,-1.0154988792694442,1.1059182539114965
-0.5404380201352825,-0.16482683909366422,-0.6196051882243704,1.1059182539114965
-0.5404380201352825,-0.17971694142175815,-0.814903225798008,1.1059182539114965
-0.5404380201352825,-0.16482683909366422,-0.8488460342449814,1.1059182539114965
-0.5404380201352825,-0.17971694142175815,-1.0154988792694442,1.1059182539114965
-0.5404380201352825,0.0011605766087631247,0.854987783040432,1.1059182539114965
-0.5404380201352825,-0.07321548452006617,0.06272456718700903,1.1059182539114965
-0.5404380201352825,0.0011605766087631247,0.854987783040432,1.1059182539114965
-0.5404380201352825,-0.07321548452006617,0.06272456718700903,1.1059182539114965
-0.5404380201352825,-0.1597999405476997,-0.5536704897598522,1.1059182539114965
-0.5404380201352825,-0.1871560365448739,-0.9124808695203355,1.1059182539114965
-0.5404380201352825,0.0011605766087631247,0.854987783040432,1.1059182539114965
-0.5404380201352825,-0.07321548452006617,0.06272456718700903,1.1059182539114965
-0.5404380201352825,-0.15744432635939523,-0.5227730173978409,1.1059182539114965
-0.5404380201352825,-0.1844490159416264,-0.8769678096545533,1.1059182539114965
-0.5404380201352825,0.0011605766087631247,0.854987783040432,1.1059182539114965
-0.5404380201352825,-0.07321548452006617,0.06272456718700903,1.1059182539114965
-0.5404380201352825,0.0011605766087631247,0.854987783040432,-0.9524326969869764
-0.5404380201352825,-0.07321548452006617,0.06272456718700903,-0.9524326969869764
-0.5404380201352825,-0.11271148094533537,-0.35799178517559443,-0.9524326969869764
-0.5404380201352825,-0.23927735073413398,-1.6820785371164102,0.07674277846226003
-0.5404380201352825,-0.16333782886085482,-0.8972700502209674,1.1059182539114965
-0.5404380201352825,-0.18567298235299573,-1.135186931858632,1.1059182539114965
-0.5404380201352825,-0.21545318700918364,-1.4524094407088513,1.1059182539114965
-0.5404380201352825,-0.16482683909366422,-0.9131311756634783,1.1059182539114965
-0.5404380201352825,0.013854388843463218,0.990203877437838,1.1059182539114965
-0.5404380201352825,-0.015925815812724686,0.6729813685876186,1.1059182539114965
-0.5404380201352825,0.013854388843463218,0.990203877437838,1.1059182539114965
-0.5404380201352825,0.01995933079798174,1.055234491752133,-0.9524326969869764
-0.5404380201352825,-0.08129336503305713,-0.02332203833861298,-0.9524326969869764
-0.5404380201352825,0.08830490048393298,1.7832601495633864,-0.9524326969869764
-0.5404380201352825,-0.19014001305142392,-1.182770308186165,-0.9524326969869764
-0.5404380201352825,-0.1410026753687139,-0.3071092947560193,-0.9524326969869764
-0.5404380201352825,-0.14993673676557026,-0.42429128952529027,-0.9524326969869764
-1.986870497403556,-0.1052664297812884,-1.8795019654993443,0.07674277846226003
-0.5404380201352825,0.0011605766087631247,0.854987783040432,1.1059182539114965
-0.5404380201352825,-0.07321548452006617,0.06272456718700903,1.1059182539114965
-0.5404380201352825,0.0011605766087631247,0.854987783040432,1.1059182539114965
-0.5404380201352825,-0.07321548452006617,0.06272456718700903,1.1059182539114965
-0.5404380201352825,0.0011605766087631247,0.854987783040432,1.1059182539114965
-0.5404380201352825,-0.07321548452006617,0.06272456718700903,1.1059182539114965
-0.5404380201352825,-0.14249168560152328,-0.6752142940258138,1.1059182539114965
-0.5404380201352825,-0.17971694142175815,-1.071742430088588,1.1059182539114965
-0.5404380201352825,-0.17227189025771117,-0.9924368028760332,1.1059182539114965
-0.5404380201352825,-0.27278008097234535,-2.0630627702455238,0.07674277846226003
-0.5404380201352825,-0.11568950141095416,-0.3897140360606164,-0.9524326969869764
-0.5404380201352825,-0.030815918140818636,0.5143701141625089,1.1059182539114965
-0.5404380201352825,-0.09037632745319445,-0.12007490353792989,1.1059182539114965
-0.5404380201352825,-0.11568950141095416,-0.3897140360606164,1.1059182539114965
-0.5404380201352825,-0.07548622512510049,0.0385363508871798,1.1059182539114965
-1.986870497403556,-0.20949714607794606,-1.3889649389388075,1.1059182539114965
-0.5404380201352825,-0.16929386979209238,-1.3355446684484304,1.1059182539114965
-0.5404380201352825,-0.02337086697677166,0.5936757413750637,-0.9524326969869764
-0.5404380201352825,-0.07548622512510049,0.0385363508871798,-0.9524326969869764
-0.5404380201352825,-0.24151086608334807,-1.7070756708138075,0.07674277846226003
-0.5404380201352825,0.08830490048393298,1.7832601495633864,-0.9524326969869764
-0.5404380201352825,-0.19014001305142392,-1.182770308186165,-0.9524326969869764
-0.5404380201352825,-0.04570602046891259,0.3557588597373992,-0.9524326969869764
-0.5404380201352825,-0.10630873694425498,-0.2897889457727973,-0.9524326969869764
-0.5404380201352825,-0.06804117396105351,0.11784197809973465,0.07674277846226003
-0.5404380201352825,-0.12760158327342933,-0.5166030396007042,-0.9524326969869764
-0.5404380201352825,-0.14993673676557026,-0.7545199212383686,-0.9524326969869764
-0.5404380201352825,-0.06625436168168224,0.1368753286307478,1.1059182539114965
-0.5404380201352825,-0.09890835608719228,-0.21095915232351775,1.1059182539114965
-0.5404380201352825,0.0510796446636981,1.3867320135006123,-0.9524326969869764
-0.5404380201352825,-0.04570602046891259,0.3557588597373992,-0.9524326969869764
-0.5404380201352825,-0.20651912561232727,-1.3154644836382117,1.1059182539114965
-0.5404380201352825,-0.007289556462430193,0.7649758961541823,1.1059182539114965
-0.5404380201352825,-0.07935765173040492,-0.002702575263348721,1.1059182539114965
-0.5404380201352825,0.080859849319886,1.7039545223508317,-0.9524326969869764
-0.5404380201352825,-0.015925815812724686,0.6729813685876186,-0.9524326969869764
-0.5404380201352825,0.019065924658296103,1.0457178164866263,-0.9524326969869764
-0.5404380201352825,-0.05761810233138775,0.22886985619731143,-0.9524326969869764
-0.5404380201352825,0.08830490048393298,1.7832601495633864,-0.9524326969869764
-0.5404380201352825,-0.19014001305142392,-1.182770308186165,-0.9524326969869764
-0.5404380201352825,-0.006991754415868314,0.7681481212426844,1.1059182539114965
-0.5404380201352825,-0.062382935076377814,0.17811425478127632,1.1059182539114965
-0.5404380201352825,10.883629088352048,-0.6690918996050046,0.07674277846226003
-0.5404380201352825,-0.12909059350623872,-0.1508772091472862,0.07674277846226003
-0.5404380201352825,-0.16184881862804543,-0.8814089247784564,-0.9524326969869764
-0.5404380201352825,-0.12015653210938235,-0.4372974123881493,1.1059182539114965
-0.5404380201352825,-0.026348887442390452,0.5619534904900418,0.07674277846226003
-0.5404380201352825,0.019065924658296103,1.0457178164866263,-0.9524326969869764
-0.5404380201352825,-0.05761810233138775,0.22886985619731143,-0.9524326969869764
-0.5404380201352825,-0.006991754415868314,0.7681481212426844,1.1059182539114965
-0.5404380201352825,-0.062382935076377814,0.17811425478127632,1.1059182539114965
-0.5404380201352825,-0.23570372617539143,-2.0825719545398123,1.1059182539114965
-0.5404380201352825,-0.04868404093453138,0.3240366088523773,1.1059182539114965
-0.5404380201352825,-0.08442028652195686,-0.056630401767886016,1.1059182539114965
-0.5404380201352825,-0.030815918140818636,0.5143701141625089,1.1059182539114965
-0.5404380201352825,-0.1052664297812884,-0.2786861579630396,1.1059182539114965
-0.5404380201352825,0.013854388843463218,0.990203877437838,1.1059182539114965
-0.5404380201352825,-0.06059612279700654,0.1971476053122895,1.1059182539114965
-0.5404380201352825,0.03797635461497542,1.2471541096065157,-0.9524326969869764
-0.5404380201352825,-0.06938128317058197,0.10356696520147478,-0.9524326969869764
-0.5404380201352825,-0.12015653210938235,-0.34890336029703567,-0.9524326969869764
-0.5404380201352825,-0.15738178792961724,-0.7655275422954713,-0.9524326969869764
-0.5404380201352825,0.08830490048393298,1.7832601495633864,-0.9524326969869764
-0.5404380201352825,-0.19014001305142392,-1.182770308186165,-0.9524326969869764
-0.5404380201352825,-0.08293127628914747,-0.040769276325375046,1.1059182539114965
-0.5404380201352825,-0.15738178792961724,-0.8338255484509235,1.1059182539114965
-0.5404380201352825,-0.08293127628914747,-0.040769276325375046,1.1059182539114965
-0.5404380201352825,-0.15738178792961724,-0.8338255484509235,1.1059182539114965
-0.5404380201352825,0.02278845024031959,1.0853706300929038,1.1059182539114965
-0.5404380201352825,-0.02322196595349072,0.5952618539193149,1.1059182539114965
-0.5404380201352825,-0.0015568670661140213,0.8260412291078495,-0.9524326969869764
-0.5404380201352825,-0.03826692534579685,0.435001042448184,-0.9524326969869764
-0.5404380201352825,-0.06202557262050356,0.18192092488747896,1.1059182539114965
-0.5404380201352825,-0.1143493922014257,-0.3754390231623565,1.1059182539114965
-0.5404380201352825,-0.054640081865768964,0.2605921070823334,1.1059182539114965
-0.5404380201352825,-0.09633236838443203,-0.18351940530797378,1.1059182539114965
-0.5404380201352825,0.013854388843463218,0.990203877437838,1.1059182539114965
-0.5404380201352825,-0.06059612279700654,0.1971476053122895,1.1059182539114965
-0.5404380201352825,0.007451644842382819,0.9220010380350409,-0.9524326969869764
-0.5404380201352825,-0.08963182233678975,-0.11214434081667442,-0.9524326969869764
-0.5404380201352825,-0.030815918140818636,0.5143701141625089,1.1059182539114965
-0.5404380201352825,-0.08293127628914747,-0.040769276325375046,1.1059182539114965
-0.5404380201352825,-0.16482683909366422,-0.6196051882243704,-0.9524326969869764
-0.5404380201352825,-0.1946070437498521,-1.0102012633716455,-0.9524326969869764
-0.5404380201352825,-0.10973346047971658,-0.3262695342905725,1.1059182539114965
-0.5404380201352825,-0.13586559006552146,-0.6046322858066401,1.1059182539114965
-0.5404380201352825,0.013854388843463218,0.990203877437838,1.1059182539114965
-0.5404380201352825,-0.08293127628914747,-0.040769276325375046,1.1059182539114965
-0.5404380201352825,0.004771426423325908,0.8934510122385211,-0.9524326969869764
-0.5404380201352825,-0.09141863461616102,-0.13117769134768759,-0.9524326969869764
-0.5404380201352825,-0.21694219724199304,-1.303156250294823,1.1059182539114965
-0.5404380201352825,-0.17971694142175815,-0.814903225798008,-0.9524326969869764
-0.5404380201352825,-0.20949714607794606,-1.2055151620707256,-0.9524326969869764
-0.5404380201352825,-0.02337086697677166,0.5936757413750637,1.1059182539114965
-0.5404380201352825,-0.09037632745319445,-0.12007490353792989,1.1059182539114965
-0.5404380201352825,-0.003864832926968584,0.8014564846719574,-0.9524326969869764
-0.5404380201352825,-0.0756946865576938,0.03631579332522827,-0.9524326969869764
-0.5404380201352825,0.08636918718128077,1.762640686488122,-0.9524326969869764
-0.5404380201352825,-0.03513404781596588,0.4683728503792271,-0.9524326969869764
-0.5404380201352825,0.386106947045812,-2.091247990156866,1.1059182539114965
-0.5404380201352825,-0.10020379498973646,-0.2247583314585023,-0.9524326969869764
-0.5404380201352825,-0.1527658562079081,-0.7846560595791395,-0.9524326969869764
-0.5404380201352825,-0.21247516654356485,-1.3821129327476427,1.1059182539114965
-0.5404380201352825,0.080859849319886,1.7039545223508317,-0.9524326969869764
-0.5404380201352825,0.021299440007510193,1.0695095046503929,-0.9524326969869764
-0.5404380201352825,-0.07355051182244828,0.059155813962444063,-0.9524326969869764
-0.5404380201352825,-0.13191971294857657,-0.5626003033839859,-0.9524326969869764
-0.5404380201352825,-0.07355051182244828,0.059155813962444063,-0.9524326969869764
-0.5404380201352825,-0.13191971294857657,-0.5626003033839859,-0.9524326969869764
-0.5404380201352825,-0.20949714607794606,-1.3889649389388075,1.1059182539114965
-0.5404380201352825,-0.16482683909366422,-0.8488460342449814,1.1059182539114965
-0.5404380201352825,-0.20949714607794606,-1.2055151620707256,0.07674277846226003
-0.5404380201352825,0.08830490048393298,1.7832601495633864,-0.9524326969869764
-0.5404380201352825,-0.19014001305142392,-1.182770308186165,-0.9524326969869764
-0.5404380201352825,-0.0017802186010354307,0.8236620602914728,1.1059182539114965
-0.5404380201352825,-0.07533732410181955,0.040122463431430895,1.1059182539114965
-0.5404380201352825,-0.019499440371467235,0.6349146675255922,1.1059182539114965
-0.5404380201352825,-0.08844061415054223,-0.09945544046266563,1.1059182539114965
-0.5404380201352825,-0.24821141213099035,-1.8013542004440928,-0.9524326969869764
-0.5404380201352825,-0.24821141213099035,-1.8013542004440928,-0.9524326969869764
-0.5404380201352825,0.08830490048393298,1.7832601495633864,-0.9524326969869764
-0.5404380201352825,-0.19014001305142392,-1.182770308186165,-0.9524326969869764
-0.5404380201352825,0.018172518518610466,1.0362011412211198,1.1059182539114965
-0.5404380201352825,-0.08844061415054223,-0.09945544046266563,1.1059182539114965
-0.5404380201352825,-0.06804117396105351,0.11784197809973465,1.1059182539114965
-0.5404380201352825,-0.11271148094533537,-0.35799178517559443,1.1059182539114965
-0.5404380201352825,-0.11271148094533537,-0.35799178517559443,0.07674277846226003
-0.5404380201352825,0.004771426423325908,0.8934510122385211,-0.9524326969869764
-0.5404380201352825,-0.09141863461616102,-0.13117769134768759,-0.9524326969869764
-0.5404380201352825,-0.015925815812724686,0.6729813685876186,1.1059182539114965
-0.5404380201352825,-0.07548622512510049,0.0385363508871798,1.1059182539114965
-0.5404380201352825,0.03797635461497542,1.2471541096065157,-0.9524326969869764
-0.5404380201352825,-0.06938128317058197,0.10356696520147478,-0.9524326969869764
-0.5404380201352825,0.03767855256841354,1.2439818845180135,-0.9524326969869764
-0.5404380201352825,-0.0695301841938629,0.10198085265722368,-0.9524326969869764
-0.5404380201352825,-0.06059612279700654,0.1971476053122895,1.1059182539114965
-1.986870497403556,1.0561615518100398,-1.9889754533035549,1.1059182539114965
-0.5404380201352825,5.969895320081044,-1.33478333442719,1.1059182539114965
-0.5404380201352825,-0.20949714607794606,-1.3889649389388075,0.07674277846226003
-1.986870497403556,0.08830490048393298,1.7832601495633864,0.07674277846226003
-0.5404380201352825,-0.16482683909366422,-0.8488460342449814,-0.9524326969869764
-0.5404380201352825,-0.12462356280781053,-0.09228621176265067,1.1059182539114965
-0.5404380201352825,-0.21247516654356485,-1.4206871898238294,1.1059182539114965
-0.5404380201352825,0.10393950792843162,1.9498019667097517,-0.9524326969869764
-0.5404380201352825,-0.02322196595349072,0.5952618539193149,-0.9524326969869764
-0.5404380201352825,0.02874449117155717,1.1488151318629476,1.1059182539114965
-0.5404380201352825,-0.1350466344374763,-0.595908666813259,1.1059182539114965
-0.5404380201352825,-0.20205209491389908,-1.3096593117262527,1.1059182539114965
-0.5404380201352825,-0.09037632745319445,-0.12007490353792989,1.1059182539114965
-0.5404380201352825,-0.1746543066302062,-0.9588270780633525,1.1059182539114965
-0.5404380201352825,-0.21024165119435076,-1.3571157990502454,0.07674277846226003
-0.5404380201352825,3.2896769010241327,-1.6978920791825935,1.1059182539114965
-0.5404380201352825,0.023829268393053358,1.096457556777219,-0.9524326969869764
-0.5404380201352825,-0.13638674364700476,-0.6101836797115189,-0.9524326969869764
-0.5404380201352825,0.013854388843463218,0.990203877437838,-0.9524326969869764
-0.5404380201352825,-0.20354110514670848,-1.3255204371687637,-0.9524326969869764
-0.5404380201352825,0.08830490048393298,1.7832601495633864,-0.9524326969869764
-0.5404380201352825,-0.19014001305142392,-1.182770308186165,-0.9524326969869764
-0.5404380201352825,0.08830490048393298,1.7832601495633864,-0.9524326969869764
-0.5404380201352825,-0.19014001305142392,-1.182770308186165,-0.9524326969869764
-0.5404380201352825,0.08830490048393298,1.7832601495633864,-0.9524326969869764
-0.5404380201352825,-0.19014001305142392,-1.182770308186165,-0.9524326969869764
-0.5404380201352825,-0.09037632745319445,-0.12007490353792989,0.07674277846226003
-0.5404380201352825,-0.1350466344374763,-0.595908666813259,-0.9524326969869764
-0.5404380201352825,-0.16482683909366422,-0.9131311756634783,-0.9524326969869764
-0.5404380201352825,-0.04570602046891259,0.3557588597373992,-0.9524326969869764
-0.5404380201352825,-0.1350466344374763,-0.595908666813259,-0.9524326969869764
-0.5404380201352825,0.04557030680230334,1.3280458493633216,1.1059182539114965
-0.5404380201352825,-0.06253183609965876,0.17652814223702523,1.1059182539114965
-0.5404380201352825,-0.23927735073413398,-1.7061874477890269,1.1059182539114965
-0.5404380201352825,-0.24374438143256216,-1.7320728045112048,0.07674277846226003
-0.5404380201352825,-0.17376090049052056,-0.7367871829936414,-0.9524326969869764
-0.5404380201352825,-0.20949714607794606,-1.2055151620707256,-0.9524326969869764
-0.5404380201352825,-0.1975850642154709,-1.2154759488486224,1.1059182539114965
-0.5404380201352825,0.08720303291165403,1.7715229167359283,-0.9524326969869764
-0.5404380201352825,-0.00788516055555395,0.7586314459771778,-0.9524326969869764
-0.5404380201352825,-0.030815918140818636,0.5143701141625089,1.1059182539114965
-0.5404380201352825,-0.09037632745319445,-0.12007490353792989,1.1059182539114965
-0.5404380201352825,-0.18716199258580513,-0.912560175147548,0.07674277846226003
-0.5404380201352825,-0.09205146396510501,-0.13791866966075475,1.1059182539114965
-0.5404380201352825,-0.1444273989041755,-0.6958337571010781,1.1059182539114965
-0.5404380201352825,-0.015925815812724686,0.6729813685876186,1.1059182539114965
-0.5404380201352825,-0.1350466344374763,-0.595908666813259,1.1059182539114965
-0.5404380201352825,-0.08105512339580763,-0.020784258267811228,1.1059182539114965
-0.5404380201352825,-0.12122861947700511,-0.4487174227067572,1.1059182539114965
-0.5404380201352825,-0.04570602046891259,0.3557588597373992,1.1059182539114965
-0.5404380201352825,-0.14695871629995147,-0.7227976703533467,1.1059182539114965
-0.5404380201352825,0.013854388843463218,0.990203877437838,1.1059182539114965
-0.5404380201352825,-0.04570602046891259,0.3557588597373992,1.1059182539114965
-0.5404380201352825,-0.12015653210938235,-0.033695214378015155,-0.9524326969869764
-0.5404380201352825,-0.15738178792961724,-0.5219482388748303,-0.9524326969869764
-0.5404380201352825,-0.10973346047971658,-0.3262695342905725,1.1059182539114965
-0.5404380201352825,-0.13586559006552146,-0.6046322858066401,1.1059182539114965
-0.5404380201352825,-0.09186533768600384,-0.13593602898044085,1.1059182539114965
-0.5404380201352825,-0.15589277769680784,-0.8179644230084125,1.1059182539114965
-3.4333029746718298,1.2050625750909794,-1.9680070454685554,1.1059182539114965
-3.4333029746718298,1.2050625750909794,-1.9680070454685554,1.1059182539114965
-0.5404380201352825,-0.04570602046891259,0.3557588597373992,-0.9524326969869764
-0.5404380201352825,-0.10630873694425498,-0.2897889457727973,-0.9524326969869764
-0.5404380201352825,-0.1350466344374763,-0.595908666813259,1.1059182539114965
-0.5404380201352825,-0.24672240189818095,-1.7854930750015818,0.07674277846226003
-0.5404380201352825,-0.14993673676557026,-1.1469717480624175,0.07674277846226003
-0.5404380201352825,0.013854388843463218,0.990203877437838,1.1059182539114965
-0.5404380201352825,-0.015925815812724686,0.6729813685876186,1.1059182539114965
-0.5404380201352825,-0.05612909209857835,0.2447309816398224,1.1059182539114965
-0.5404380201352825,0.02874449117155717,1.1488151318629476,1.1059182539114965
-0.5404380201352825,-0.1350466344374763,-0.595908666813259,1.1059182539114965
-0.5404380201352825,-0.060484447029545835,0.1983371897204778,1.1059182539114965
-0.5404380201352825,-0.11877919764403366,-0.4226258713538266,1.1059182539114965
-0.5404380201352825,-0.24999822441036162,-1.820387550975106,1.1059182539114965
-0.5404380201352825,-0.04570602046891259,0.3557588597373992,1.1059182539114965
-0.5404380201352825,-0.14695871629995147,-0.7227976703533467,1.1059182539114965
-0.5404380201352825,0.018172518518610466,1.0362011412211198,1.1059182539114965
-0.5404380201352825,-0.08844061415054223,-0.09945544046266563,1.1059182539114965
-3.4333029746718298,-0.25416745306222793,-1.8202448008461232,1.1059182539114965
-0.5404380201352825,-0.2616125042262749,-1.9441043294266915,-0.9524326969869764
-0.5404380201352825,-0.02337086697677166,0.5936757413750637,1.1059182539114965
-0.5404380201352825,-0.08293127628914747,-0.040769276325375046,1.1059182539114965
-0.5404380201352825,0.0034313172137974525,-0.06034190512143359,1.1059182539114965
-0.5404380201352825,-0.16035980839523603,-0.8655477993359455,-0.9524326969869764
-0.5404380201352825,-0.17227189025771117,-0.717246276448468,1.1059182539114965
-0.5404380201352825,-0.20205209491389908,-1.1078582127211856,1.1059182539114965
-0.5404380201352825,-0.006991754415868314,0.7681481212426844,-0.9524326969869764
-0.5404380201352825,-0.062382935076377814,0.17811425478127632,-0.9524326969869764
-0.5404380201352825,-0.1158384024342351,-0.3913001486048675,-0.9524326969869764
-0.5404380201352825,-0.14946025349107125,-0.7494443610967652,-0.9524326969869764
-0.5404380201352825,0.07341479815583903,1.6246488951382767,-0.9524326969869764
-0.5404380201352825,-0.04570602046891259,0.3557588597373992,-0.9524326969869764
-0.5404380201352825,0.16275541212440273,2.576316421688935,1.1059182539114965
-0.5404380201352825,0.013854388843463218,0.990203877437838,1.1059182539114965
-0.5404380201352825,-0.19088451816782862,-1.1404845477564307,0.07674277846226003
-0.5404380201352825,0.013854388843463218,0.990203877437838,1.1059182539114965
-0.5404380201352825,-0.14249168560152328,-0.32665020130119277,-0.9524326969869764
-0.5404380201352825,-0.17227189025771117,-0.717246276448468,-0.9524326969869764
-0.5404380201352825,-0.1052664297812884,-0.2786861579630396,-0.9524326969869764
-0.5404380201352825,-0.1158384024342351,-0.3913001486048675,1.1059182539114965
-0.5404380201352825,-0.14946025349107125,-0.7494443610967652,1.1059182539114965
-0.5404380201352825,-0.06804117396105351,0.11784197809973465,1.1059182539114965
-0.5404380201352825,-0.12700597918030557,-0.5102585894236997,1.1059182539114965
-3.4333029746718298,-0.21962241566104995,-1.4005752827627256,-0.9524326969869764
-0.5404380201352825,-0.14993673676557026,-0.42429128952529027,-0.9524326969869764
-0.5404380201352825,-0.17227189025771117,-0.717246276448468,-0.9524326969869764
-0.5404380201352825,0.036636245405446966,1.232879096708256,1.1059182539114965
-0.5404380201352825,-0.0483862388879695,0.32720883394087946,1.1059182539114965
-0.5404380201352825,0.027404381962028716,1.1345401189646878,1.1059182539114965
-0.5404380201352825,-0.053746675726083326,0.27010878234783997,1.1059182539114965
-0.5404380201352825,-0.1113207453878914,-0.3431774940122892,-0.9524326969869764
-0.5404380201352825,-0.16234614804580375,-0.8867065406762551,-0.9524326969869764
-0.5404380201352825,-0.02337086697677166,0.5936757413750637,1.1059182539114965
-0.5404380201352825,-0.05315107163295957,0.27645323252484433,1.1059182539114965
-0.5404380201352825,-0.16482683909366422,-0.8488460342449814,1.1059182539114965
-0.5404380201352825,-0.039749979537675006,0.4192033615074431,-0.9524326969869764
-0.5404380201352825,-0.08739830698757566,-0.08835265265290795,-0.9524326969869764
-0.5404380201352825,-0.030815918140818636,0.5143701141625089,1.1059182539114965
-0.5404380201352825,-0.10079939908286022,-0.23110278163550668,1.1059182539114965
-0.5404380201352825,-0.0015568670661140213,0.8260412291078495,-0.9524326969869764
-0.5404380201352825,-0.03826692534579685,0.435001042448184,-0.9524326969869764
-0.5404380201352825,-0.20949714607794606,-1.3487887081929273,-0.9524326969869764
-0.5404380201352825,-0.20949714607794606,-1.3487887081929273,-0.9524326969869764
-0.5404380201352825,-0.06059612279700654,-0.354470615327357,1.1059182539114965
-0.5404380201352825,-0.03766536521174185,0.44140893712695844,1.1059182539114965
-0.5404380201352825,-0.08692182371307665,-0.08327709251130445,1.1059182539114965
-0.5404380201352825,0.026920453636365662,1.1293852531958717,1.1059182539114965
-0.5404380201352825,-0.06387194530918722,0.16225312933876537,1.1059182539114965
-0.5404380201352825,-0.07996218988492554,-0.009142192193008174,1.1059182539114965
-0.5404380201352825,-0.13270888837196554,-0.5710066998685168,1.1059182539114965
-0.5404380201352825,-0.09205146396510501,-0.13791866966075475,1.1059182539114965
-0.5404380201352825,-0.1444273989041755,-0.6958337571010781,1.1059182539114965
-0.5404380201352825,8.650113739137955,-0.9716745896717863,0.07674277846226003
-0.5404380201352825,-0.24151086608334807,-1.6254067359103186,1.1059182539114965
-0.5404380201352825,-0.010565378974610863,0.7300814201806581,1.1059182539114965
-0.5404380201352825,-0.1338554262512288,-0.5832197664592502,1.1059182539114965
-0.5404380201352825,-0.22438724840604002,-1.4008131996443631,1.1059182539114965
-0.5404380201352825,-0.23927735073413398,-1.5961112372180009,1.1059182539114965
-0.5404380201352825,-0.22438724840604002,-1.51544155321739,1.1059182539114965
-0.5404380201352825,-0.23927735073413398,-1.6820785371164102,1.1059182539114965
-0.5404380201352825,-0.16482683909366422,-0.8488460342449814,1.1059182539114965
-0.5404380201352825,-0.17971694142175815,-1.0154988792694442,1.1059182539114965
-0.5404380201352825,-0.16482683909366422,-0.6196051882243704,1.1059182539114965
-0.5404380201352825,-0.17971694142175815,-0.814903225798008,1.1059182539114965
-0.5404380201352825,-0.16482683909366422,-0.8488460342449814,1.1059182539114965
-0.5404380201352825,-0.17971694142175815,-1.0154988792694442,1.1059182539114965
-0.5404380201352825,-0.0015568670661140213,0.8260412291078495,-0.9524326969869764
-0.5404380201352825,-0.03826692534579685,0.435001042448184,-0.9524326969869764
-0.5404380201352825,-0.22438724840604002,-1.51544155321739,1.1059182539114965
-0.5404380201352825,-0.23927735073413398,-1.6820785371164102,1.1059182539114965
-0.5404380201352825,-0.17227189025771117,-0.717246276448468,1.1059182539114965
-0.5404380201352825,-0.1946070437498521,-1.0102012633716455,1.1059182539114965
-0.5404380201352825,0.036636245405446966,1.232879096708256,-0.9524326969869764
-0.5404380201352825,-0.07489062103197673,0.04488080106418419,-0.9524326969869764
-0.5404380201352825,-0.1946070437498521,-1.1821358631684644,1.1059182539114965
-0.5404380201352825,-0.21694219724199304,-1.4321072001424373,1.1059182539114965
-0.5404380201352825,0.10319500281202693,1.9418714039884961,1.1059182539114965
-0.5404380201352825,-0.015925815812724686,0.6729813685876186,1.1059182539114965
-0.5404380201352825,-0.20205209491389908,-1.1078582127211856,-0.9524326969869764
-0.5404380201352825,-0.231832299570087,-1.4984701489939032,-0.9524326969869764
-0.5404380201352825,-0.1946070437498521,-1.1821358631684644,1.1059182539114965
-0.5404380201352825,-0.21694219724199304,-1.4321072001424373,1.1059182539114965
-0.5404380201352825,-0.1946070437498521,-1.0102012633716455,1.1059182539114965
-0.5404380201352825,-0.21694219724199304,-1.303156250294823,1.1059182539114965
-1.986870497403556,-0.21962241566104995,-1.372088701467976,0.07674277846226003
-0.5404380201352825,-0.1946070437498521,-1.2303536845136978,1.1059182539114965
-0.5404380201352825,-0.16050870941851697,-0.8671339118801966,-0.9524326969869764
-0.5404380201352825,-0.18879990384189546,-1.168495295287905,-0.9524326969869764
-0.5404380201352825,-0.04570602046891259,0.3557588597373992,1.1059182539114965
-0.5404380201352825,-0.11673180857392074,-0.40081682387037404,1.1059182539114965
-0.5404380201352825,0.07490380838864842,1.6405100205807877,1.1059182539114965
-0.5404380201352825,-0.047195030701721985,0.33989773429488823,1.1059182539114965
-0.5404380201352825,-0.015925815812724686,0.6729813685876186,-0.9524326969869764
-0.5404380201352825,-0.16482683909366422,-0.9131311756634783,-0.9524326969869764
-0.5404380201352825,-0.1975850642154709,-1.2620759353987197,-0.9524326969869764
-0.5404380201352825,-0.1975850642154709,-1.2620759353987197,-0.9524326969869764
-0.5404380201352825,-0.08144226605633807,-0.024908150882864077,-0.9524326969869764
-0.5404380201352825,-0.12194334438875362,-0.45633076291916247,-0.9524326969869764
-0.5404380201352825,0.07639281862145782,1.6563711460232988,1.1059182539114965
-0.5404380201352825,0.013854388843463218,0.990203877437838,1.1059182539114965
-0.5404380201352825,-0.20949714607794606,-1.2055151620707256,-0.9524326969869764
-0.5404380201352825,-0.23927735073413398,-1.5961112372180009,-0.9524326969869764
-0.5404380201352825,-0.1946070437498521,-1.0102012633716455,-0.9524326969869764
-0.5404380201352825,-0.22438724840604002,-1.4008131996443631,-0.9524326969869764
-0.5404380201352825,-0.037933387053647544,0.43855393454730646,1.1059182539114965
-0.5404380201352825,-0.1050281881440389,-0.27614837789223784,1.1059182539114965
-0.5404380201352825,-0.09902747690581704,-0.21222804235891862,1.1059182539114965
-0.5404380201352825,-0.14946025349107125,-0.7494443610967652,1.1059182539114965
-0.5404380201352825,-0.013037135961074458,0.7037519519460899,-0.9524326969869764
-0.5404380201352825,-0.08692182371307665,-0.08327709251130445,-0.9524326969869764
-0.5404380201352825,0.04379838462526016,1.3091711100867336,-0.9524326969869764
-0.5404380201352825,-0.04558689965028784,0.35702774977280005,-0.9524326969869764
-0.5404380201352825,-0.015925815812724686,0.6729813685876186,-0.9524326969869764
-0.5404380201352825,-0.1052664297812884,-0.2786861579630396,-0.9524326969869764
-0.5404380201352825,-0.09558786326802733,-0.17558884258671828,-0.9524326969869764
-0.5404380201352825,-0.1257254303800895,-0.49661802154314033,-0.9524326969869764
-0.5404380201352825,-0.11122247071252597,-0.3421306597330835,-0.9524326969869764
-0.5404380201352825,-0.1365356446702857,-0.61176979225577,-0.9524326969869764
-0.5404380201352825,-0.05315107163295957,0.27645323252484433,1.1059182539114965
-0.5404380201352825,-0.10437302364160277,-0.269169482697533,1.1059182539114965
-0.5404380201352825,-0.09037632745319445,-0.12007490353792989,-0.9524326969869764
-0.5404380201352825,-0.14993673676557026,-0.7545199212383686,-0.9524326969869764
-0.5404380201352825,-0.030815918140818636,0.5143701141625089,1.1059182539114965
-0.5404380201352825,-0.06059612279700654,0.1971476053122895,1.1059182539114965
-0.5404380201352825,-0.13191971294857657,-0.5626003033839859,1.1059182539114965
-0.5404380201352825,-0.15753068895289818,-0.8354116609951746,1.1059182539114965
-0.5404380201352825,-0.08051907971199625,-0.015074253108507277,1.1059182539114965
-0.5404380201352825,-0.13599960098647432,-0.606059787096466,1.1059182539114965
-0.5404380201352825,-0.14993673676557026,-0.42429128952529027,-0.9524326969869764
-0.5404380201352825,-0.16482683909366422,-0.6196051882243704,-0.9524326969869764
-0.5404380201352825,-0.06655216372824412,0.13370310354224563,1.1059182539114965
-0.5404380201352825,-0.10079939908286022,-0.23110278163550668,1.1059182539114965
-0.5404380201352825,-0.22438724840604002,-1.4008131996443631,1.1059182539114965
-0.5404380201352825,-0.231832299570087,-1.4984701489939032,1.1059182539114965
-0.5404380201352825,-0.09037632745319445,-0.12007490353792989,1.1059182539114965
-0.5404380201352825,-0.12015653210938235,-0.4372974123881493,1.1059182539114965
-0.5404380201352825,-0.030815918140818636,0.5143701141625089,1.1059182539114965
-0.5404380201352825,-0.08293127628914747,-0.040769276325375046,1.1059182539114965
-0.5404380201352825,-0.04370776873648238,0.3770444900812489,1.1059182539114965
-0.5404380201352825,-0.07974330538070255,-0.006810606752959063,1.1059182539114965
-0.5404380201352825,-0.03528294883924682,0.466786737834976,1.1059182539114965
-0.5404380201352825,-0.10079939908286022,-0.23110278163550668,1.1059182539114965
-0.5404380201352825,-0.1946070437498521,-1.0102012633716455,-0.9524326969869764
-0.5404380201352825,-0.20949714607794606,-1.2055151620707256,-0.9524326969869764
-0.5404380201352825,0.030978006520771265,1.1726068200267141,1.1059182539114965
-0.5404380201352825,-0.07757083945103364,0.01633077526766444,1.1059182539114965
-0.5404380201352825,0.0025379110741118155,0.8696593240747547,1.1059182539114965
-0.5404380201352825,-0.14889442960260368,-0.743417133428611,1.1059182539114965
-0.5404380201352825,-0.09037632745319445,-0.12007490353792989,1.1059182539114965
-0.5404380201352825,-0.1926713304471999,-1.2097342214384335,1.1059182539114965
-0.5404380201352825,-0.09037632745319445,-0.12007490353792989,1.1059182539114965
-0.5404380201352825,-0.1926713304471999,-1.2097342214384335,1.1059182539114965
-0.5404380201352825,-0.04570602046891259,0.3557588597373992,-0.9524326969869764
-0.5404380201352825,-0.11568950141095416,-0.3897140360606164,-0.9524326969869764
-0.5404380201352825,-0.06059612279700654,0.1971476053122895,-0.9524326969869764
-0.5404380201352825,-0.1416727299734781,-0.6664906750324328,-0.9524326969869764
-0.5404380201352825,-0.03528294883924682,0.466786737834976,1.1059182539114965
-0.5404380201352825,-0.11196697582893067,-0.35006122245433896,1.1059182539114965
-0.5404380201352825,-0.1158384024342351,-0.3913001486048675,1.1059182539114965
-0.5404380201352825,-0.14946025349107125,-0.7494443610967652,1.1059182539114965
-0.5404380201352825,-0.1158384024342351,-0.3913001486048675,1.1059182539114965
-0.5404380201352825,-0.14946025349107125,-0.7494443610967652,1.1059182539114965
-0.5404380201352825,-0.03766536521174185,0.44140893712695844,1.1059182539114965
-0.5404380201352825,-0.08692182371307665,-0.08327709251130445,1.1059182539114965
-0.5404380201352825,0.07922193806379567,1.6865072843640696,1.1059182539114965
-0.5404380201352825,-0.050768655260464535,0.3018310332328619,1.1059182539114965
-0.5404380201352825,-0.08054885991665243,-0.015391475617357497,1.1059182539114965
-0.5404380201352825,-0.12122861947700511,-0.4487174227067572,1.1059182539114965
-0.5404380201352825,-0.09205146396510501,-0.13791866966075475,1.1059182539114965
-0.5404380201352825,-0.1444273989041755,-0.6958337571010781,1.1059182539114965
-0.5404380201352825,0.0495906344308887,1.3708708880581013,1.1059182539114965
-0.5404380201352825,-0.033980064885538605,0.4806652225971731,1.1059182539114965
-0.5404380201352825,-0.02337086697677166,0.5936757413750637,1.1059182539114965
-0.5404380201352825,-0.08293127628914747,-0.040769276325375046,1.1059182539114965
-0.5404380201352825,0.027404381962028716,1.1345401189646878,1.1059182539114965
-0.5404380201352825,-0.053746675726083326,0.27010878234783997,1.1059182539114965
-0.5404380201352825,-0.015925815812724686,0.6729813685876186,1.1059182539114965
-0.5404380201352825,-0.04570602046891259,0.3557588597373992,1.1059182539114965
-0.5404380201352825,0.021746143077353012,1.0742678422831462,-0.9524326969869764
-0.5404380201352825,-0.07489062103197673,0.04488080106418419,-0.9524326969869764
-0.5404380201352825,-0.021881856743962265,0.6095368668175747,1.1059182539114965
-0.5404380201352825,-0.0695301841938629,0.10198085265722368,1.1059182539114965
-0.5404380201352825,0.014003289866744158,0.9917899899820891,1.1059182539114965
-0.5404380201352825,-0.04570602046891259,0.3557588597373992,1.1059182539114965
-0.5404380201352825,-0.17897243630535345,-1.0638118673673327,-0.9524326969869764
-0.5404380201352825,-0.20354110514670848,-1.3255204371687637,-0.9524326969869764
-0.5404380201352825,0.021746143077353012,1.0742678422831462,-0.9524326969869764
-0.5404380201352825,-0.07489062103197673,0.04488080106418419,-0.9524326969869764
-0.5404380201352825,0.021746143077353012,1.0742678422831462,-0.9524326969869764
-0.5404380201352825,-0.008927467718520527,0.7475286581674202,-0.9524326969869764
-0.5404380201352825,-0.02322196595349072,0.5952618539193149,1.1059182539114965
-0.5404380201352825,-0.07511397256689814,0.04250163224780754,1.1059182539114965
-0.5404380201352825,-0.11099911917760456,-0.3397514909167068,1.1059182539114965
-0.5404380201352825,-0.13646119415864522,-0.6109767359836444,1.1059182539114965
-0.5404380201352825,-0.06804117396105351,0.11784197809973465,1.1059182539114965
-0.5404380201352825,-0.09037632745319445,-0.12007490353792989,1.1059182539114965
-0.5404380201352825,-0.1158384024342351,-0.3913001486048675,1.1059182539114965
-0.5404380201352825,-0.14946025349107125,-0.7494443610967652,1.1059182539114965
-0.5404380201352825,-0.15738178792961724,-0.8338255484509235,-0.9524326969869764
-0.5404380201352825,-0.17227189025771117,-0.9924368028760332,-0.9524326969869764
-0.5404380201352825,0.03470053210279475,1.2122596336329916,1.1059182539114965
-0.5404380201352825,0.0028357131206736942,0.8728315491632568,1.1059182539114965
-0.5404380201352825,0.11272466830200706,2.0433826068205665,1.1059182539114965
-0.5404380201352825,0.03339020309792248,1.198301843243582,1.1059182539114965
-0.5404380201352825,-0.05315107163295957,0.27645323252484433,1.1059182539114965
-0.5404380201352825,-0.11271148094533537,-0.35799178517559443,1.1059182539114965
-0.5404380201352825,-0.07355051182244828,0.059155813962444063,-0.9524326969869764
-0.5404380201352825,-0.13191971294857657,-0.5626003033839859,-0.9524326969869764
-0.5404380201352825,-0.1113207453878914,-0.3431774940122892,1.1059182539114965
-0.5404380201352825,-0.16234614804580375,-0.8867065406762551,1.1059182539114965
-0.5404380201352825,0.023829268393053358,1.096457556777219,-0.9524326969869764
-0.5404380201352825,-0.13638674364700476,-0.6101836797115189,-0.9524326969869764
-0.5404380201352825,-0.09037632745319445,-0.12007490353792989,1.1059182539114965
-0.5404380201352825,-0.11941202699297765,-0.4293668496668938,1.1059182539114965
-0.5404380201352825,-0.20949714607794606,-1.2055151620707256,-0.9524326969869764
-0.5404380201352825,-0.231832299570087,-1.4984701489939032,-0.9524326969869764
-0.5404380201352825,-0.16482683909366422,-0.9131311756634783,1.1059182539114965
-0.5404380201352825,-0.1946070437498521,-1.2303536845136978,1.1059182539114965
-0.5404380201352825,0.002782108752292556,0.8722605486473264,1.1059182539114965
-0.5404380201352825,-0.06825856945504369,0.11552625378512804,1.1059182539114965
-0.5404380201352825,0.058524695827745075,1.466037640713167,1.1059182539114965
-0.5404380201352825,-0.06059612279700654,0.1971476053122895,1.1059182539114965
-0.5404380201352825,-0.0602089801364761,0.20127149792734236,1.1059182539114965
-0.5404380201352825,-0.12122861947700511,-0.4487174227067572,1.1059182539114965
-0.5404380201352825,-0.030815918140818636,0.5143701141625089,1.1059182539114965
-0.5404380201352825,-0.06059612279700654,0.1971476053122895,1.1059182539114965
-0.5404380201352825,-0.04570602046891259,0.3557588597373992,1.1059182539114965
-0.5404380201352825,-0.09037632745319445,-0.12007490353792989,1.1059182539114965
-0.5404380201352825,-0.18418397212018633,-1.119325806416121,-0.9524326969869764
-0.5404380201352825,-0.20651912561232727,-1.3572426880537856,-0.9524326969869764
-0.5404380201352825,-0.054640081865768964,0.2605921070823334,1.1059182539114965
-0.5404380201352825,-0.09633236838443203,-0.18351940530797378,1.1059182539114965
-0.5404380201352825,-0.09186533768600384,-0.13593602898044085,-0.9524326969869764
-0.5404380201352825,-0.1365356446702857,-0.61176979225577,-0.9524326969869764
-0.5404380201352825,0.02874449117155717,1.1488151318629476,1.1059182539114965
-0.5404380201352825,-0.07548622512510049,0.0385363508871798,1.1059182539114965
-0.5404380201352825,0.02874449117155717,1.1488151318629476,1.1059182539114965
-0.5404380201352825,-0.07548622512510049,0.0385363508871798,1.1059182539114965
-0.5404380201352825,0.02874449117155717,1.1488151318629476,1.1059182539114965
-0.5404380201352825,-0.07548622512510049,0.0385363508871798,1.1059182539114965
-0.5404380201352825,-0.1350466344374763,-0.595908666813259,1.1059182539114965
-0.5404380201352825,-0.18120595165456754,-1.087603555531099,1.1059182539114965
-0.5404380201352825,0.02874449117155717,1.1488151318629476,1.1059182539114965
-0.5404380201352825,-0.07548622512510049,0.0385363508871798,1.1059182539114965
-0.5404380201352825,-0.060484447029545835,0.1983371897204778,1.1059182539114965
-0.5404380201352825,-0.11877919764403366,-0.4226258713538266,1.1059182539114965
-0.5404380201352825,-0.1350466344374763,-0.595908666813259,1.1059182539114965
-0.5404380201352825,-0.24672240189818095,-1.7854930750015818,1.1059182539114965
-0.5404380201352825,-0.09558786326802733,-0.17558884258671828,1.1059182539114965
-0.5404380201352825,-0.1257254303800895,-0.49661802154314033,1.1059182539114965
-0.5404380201352825,0.04379838462526016,1.3091711100867336,1.1059182539114965
-0.5404380201352825,-0.04558689965028784,0.35702774977280005,1.1059182539114965
-0.5404380201352825,-0.12760158327342933,-0.5166030396007042,1.1059182539114965
-0.5404380201352825,-0.1350466344374763,-0.595908666813259,1.1059182539114965
-0.5404380201352825,-0.030815918140818636,0.5143701141625089,1.1059182539114965
-0.5404380201352825,-0.08293127628914747,-0.040769276325375046,1.1059182539114965
-0.5404380201352825,0.058524695827745075,1.466037640713167,1.1059182539114965
-0.5404380201352825,-0.07548622512510049,0.0385363508871798,1.1059182539114965
-0.5404380201352825,-0.08293127628914747,-0.040769276325375046,1.1059182539114965
-0.5404380201352825,-0.20949714607794606,-1.3889649389388075,1.1059182539114965
-0.5404380201352825,0.043634593499651125,1.3074263862880573,1.1059182539114965
-0.5404380201352825,-0.07548622512510049,0.0385363508871798,1.1059182539114965
-0.5404380201352825,-0.07548622512510049,0.5522147594683401,-0.9524326969869764
-0.5404380201352825,-0.17971694142175815,-0.814903225798008,-0.9524326969869764
-0.5404380201352825,0.043634593499651125,1.3074263862880573,1.1059182539114965
-0.5404380201352825,-0.1052664297812884,-0.2786861579630396,1.1059182539114965
-0.5404380201352825,0.013854388843463218,0.990203877437838,1.1059182539114965
-0.5404380201352825,-0.1052664297812884,-0.2786861579630396,1.1059182539114965
-0.5404380201352825,-0.1052664297812884,-0.2786861579630396,1.1059182539114965
-0.5404380201352825,-0.18716199258580513,-1.151048057301143,1.1059182539114965
-0.5404380201352825,0.19849165771182822,2.9569834323091984,1.1059182539114965
-0.5404380201352825,0.03767855256841354,1.2439818845180135,1.1059182539114965
-0.5404380201352825,0.02874449117155717,1.1488151318629476,1.1059182539114965
-0.5404380201352825,-0.1350466344374763,-0.595908666813259,1.1059182539114965
-0.5404380201352825,-0.00833186362539677,0.7538731083444246,1.1059182539114965
-0.5404380201352825,-0.12776537439903835,-0.5183477633993804,1.1059182539114965
-0.5404380201352825,-0.12760158327342933,-0.5166030396007042,1.1059182539114965
-0.5404380201352825,-0.16482683909366422,-0.9131311756634783,1.1059182539114965
-0.5404380201352825,-0.1350466344374763,-0.9636647213233184,1.1059182539114965
-3.4333029746718298,-0.050173051167340776,-0.3246199772445514,0.07674277846226003
-0.5404380201352825,0.08830490048393298,0.8639017355391231,0.07674277846226003
-0.5404380201352825,-0.1052664297812884,-0.2786861579630396,1.1059182539114965
-0.5404380201352825,1.8006666682147374,-1.8996138725604481,1.1059182539114965
-0.5404380201352825,3.2896769010241327,-1.6978920791825935,1.1059182539114965
-0.5404380201352825,-0.20503011537951787,-1.2987944407981327,0.07674277846226003
-0.5404380201352825,-0.20949714607794606,-1.3487887081929273,0.07674277846226003
-0.5404380201352825,1.8006666682147374,-1.8996138725604481,1.1059182539114965
-0.5404380201352825,-0.17227189025771117,-0.9924368028760332,1.1059182539114965
-0.5404380201352825,-0.050173051167340776,0.3081754834098663,1.1059182539114965
-0.5404380201352825,-0.14993673676557026,-1.0854940258472452,0.07674277846226003
-0.5404380201352825,-0.18716199258580513,-1.151048057301143,1.1059182539114965
-0.5404380201352825,-0.18716199258580513,-1.0988173712189544,1.1059182539114965
-1.986870497403556,-0.12164554234219174,-0.4531585378306603,0.07674277846226003
-0.5404380201352825,-0.15291475723118905,-1.109856714526942,1.1059182539114965
-0.5404380201352825,-0.2690575553903219,-2.023409956639246,1.1059182539114965
-0.5404380201352825,-0.25416745306222793,-1.8647987022141366,1.1059182539114965
-1.986870497403556,-0.15440376746399845,-0.5508789316819703,1.1059182539114965
-0.5404380201352825,0.013854388843463218,0.990203877437838,1.1059182539114965
-0.5404380201352825,-0.18492847723659103,-1.3718190623354531,1.1059182539114965
-0.5404380201352825,-0.167804859559283,-0.9448534265485004,1.1059182539114965
-0.5404380201352825,-0.08293127628914747,-0.040769276325375046,1.1059182539114965
-0.5404380201352825,-0.11271148094533537,-0.35799178517559443,1.1059182539114965
-0.5404380201352825,-0.10377741954847901,-0.851843786953616,1.1059182539114965
-0.5404380201352825,-0.22438724840604002,-1.5475761933639172,1.1059182539114965
-0.5404380201352825,-0.23927735073413398,-1.6820785371164102,1.1059182539114965
-0.5404380201352825,-0.1990740744482803,-1.232130130563259,1.1059182539114965
-3.4333029746718298,-0.21247516654356485,-1.3137514820904204,1.1059182539114965
-0.5404380201352825,-0.15738178792961724,-0.7655275422954713,0.07674277846226003
-0.5404380201352825,-0.1052664297812884,-0.8628355468852761,0.07674277846226003
-0.5404380201352825,-0.03826096930486561,0.43506448694995403,1.1059182539114965
-0.5404380201352825,-0.05612909209857835,0.2447309816398224,0.07674277846226003
-0.5404380201352825,-0.1350466344374763,-0.595908666813259,1.1059182539114965
-0.5404380201352825,-0.1350466344374763,-0.9636647213233184,1.1059182539114965
-0.5404380201352825,-0.06059612279700654,-1.6489446460670047,1.1059182539114965
-0.5404380201352825,-0.17227189025771117,-0.9924368028760332,1.1059182539114965
-3.4333029746718298,-0.25416745306222793,-1.8647987022141366,-0.9524326969869764
-0.5404380201352825,-0.24076636096694337,-1.6987485799564892,1.1059182539114965
-1.986870497403556,-0.17971843043199096,-1.0717582912140307,0.07674277846226003
-0.5404380201352825,-0.20532791742607975,-1.3021252771410599,1.1059182539114965
-0.5404380201352825,-0.1960960539826615,-1.1988059060085434,-0.9524326969869764
-0.5404380201352825,-0.05687359721498305,0.23680041891856693,1.1059182539114965
-0.5404380201352825,-0.1052664297812884,-0.2786861579630396,1.1059182539114965
-0.5404380201352825,-0.08293127628914747,-0.040769276325375046,1.1059182539114965
-0.5404380201352825,0.31910148656938925,4.241734593152588,1.1059182539114965
-1.986870497403556,-0.06059612279700654,0.1971476053122895,-0.9524326969869764
-1.986870497403556,0.07341479815583903,1.6246488951382767,-0.9524326969869764
-1.986870497403556,-0.08293127628914747,-0.040769276325375046,1.1059182539114965
-1.986870497403556,-0.16482683909366422,-0.9131311756634783,1.1059182539114965
-0.5404380201352825,0.28187623074915436,3.8452064570898123,1.1059182539114965
-0.5404380201352825,-0.11271148094533537,-0.2723099855351502,-0.9524326969869764
-0.5404380201352825,-0.02039284651115287,0.6253979922600856,1.1059182539114965
-0.5404380201352825,-0.1916290232842333,-1.1488116386137488,1.1059182539114965
-0.5404380201352825,-0.21247516654356485,-1.4206871898238294,1.1059182539114965
-0.5404380201352825,-0.25416745306222793,-1.8647987022141366,-0.9524326969869764
-1.986870497403556,0.043634593499651125,1.3074263862880573,-0.9524326969869764
-1.986870497403556,12.372639321161444,-0.9549411023299373,0.07674277846226003
-1.986870497403556,10.13912397194735,-1.1714930479965395,0.07674277846226003
-0.5404380201352825,-0.06059612279700654,0.1971476053122895,1.1059182539114965
-1.986870497403556,-0.14993673676557026,-0.7545199212383686,1.1059182539114965
-0.5404380201352825,-0.1350466344374763,-0.595908666813259,1.1059182539114965
-1.986870497403556,-0.1350466344374763,-0.595908666813259,-0.9524326969869764
-0.5404380201352825,-0.1350466344374763,-0.595908666813259,0.07674277846226003
-0.5404380201352825,-0.0695301841938629,0.10198085265722368,0.07674277846226003
-0.5404380201352825,-0.06357414326262534,0.2843679341206573,1.1059182539114965
-1.986870497403556,-0.24821141213099035,-1.8013542004440928,1.1059182539114965
-1.986870497403556,-0.22676966477853505,-1.5729539940719348,1.1059182539114965
-0.5404380201352825,-0.1350466344374763,-0.595908666813259,0.07674277846226003
-1.986870497403556,-0.16110431351164073,-0.873478362057201,1.1059182539114965
-1.986870497403556,-0.22140922794042123,-1.3945797773454565,0.07674277846226003
-1.986870497403556,4.18308304070977,-1.538535351861686,0.07674277846226003
-0.5404380201352825,-0.1052664297812884,-0.2786861579630396,1.1059182539114965
-0.5404380201352825,-0.16482683909366422,-0.8488460342449814,-0.9524326969869764
-1.986870497403556,-0.25416745306222793,-1.8647987022141366,1.1059182539114965
-0.5404380201352825,-0.09782137861724143,-0.19938053075048476,-0.9524326969869764
-1.986870497403556,0.7583595052481609,-2.031879797625547,-0.9524326969869764
-1.986870497403556,-0.1052664297812884,-0.2786861579630396,0.07674277846226003
-1.986870497403556,-0.27090392807900554,-2.0177951182325975,0.07674277846226003
-1.986870497403556,-0.16482683909366422,-0.4367105507467764,-0.9524326969869764
-0.5404380201352825,-0.25416745306222793,-1.848731382140873,1.1059182539114965
-1.986870497403556,-0.20949714607794606,-1.3889649389388075,1.1059182539114965
-1.986870497403556,0.013854388843463218,0.990203877437838,1.1059182539114965
-1.986870497403556,-0.1946070437498521,-1.2303536845136978,0.07674277846226003
-1.986870497403556,0.013854388843463218,0.990203877437838,1.1059182539114965
-1.986870497403556,-0.1350466344374763,-0.595908666813259,0.07674277846226003
-1.986870497403556,-0.1350466344374763,-0.595908666813259,1.1059182539114965
-1.986870497403556,-0.17971694142175815,-0.8696082474492283,0.07674277846226003
-3.4333029746718298,-0.20652061462256008,-1.241408888947128,1.1059182539114965
-1.986870497403556,-0.20503011537951787,-1.1883375632164863,0.07674277846226003
-1.986870497403556,-0.1946070437498521,-0.8730342505448107,1.1059182539114965
-1.986870497403556,-0.030815918140818636,0.5143701141625089,1.1059182539114965
-1.986870497403556,-0.06059612279700654,0.1971476053122895,1.1059182539114965
-1.986870497403556,-0.20205209491389908,-1.3096593117262527,0.07674277846226003
-1.986870497403556,0.08830490048393298,1.7832601495633864,-0.9524326969869764
-1.986870497403556,-0.16482683909366422,-0.9131311756634783,1.1059182539114965
-3.4333029746718298,-0.17971694142175815,-1.071742430088588,1.1059182539114965
-1.986870497403556,-0.12015653210938235,-0.11966251427642462,0.07674277846226003
-1.986870497403556,-0.20354110514670848,-1.1695897129434383,0.07674277846226003
-3.4333029746718298,-0.1946070437498521,-1.0966761192842154,1.1059182539114965
-1.986870497403556,-0.15738178792961724,-0.8338255484509235,-0.9524326969869764
-1.986870497403556,0.058524695827745075,1.466037640713167,0.07674277846226003
-1.986870497403556,-0.09782137861724143,-0.19938053075048476,1.1059182539114965
-1.986870497403556,-0.1052664297812884,-0.2786861579630396,1.1059182539114965
-3.4333029746718298,0.386106947045812,4.955485238065581,-0.9524326969869764
-3.4333029746718298,-0.22289823817323062,-1.4403708464979856,0.07674277846226003
-3.4333029746718298,-0.18716199258580513,-1.0062359820110178,0.07674277846226003
-1.986870497403556,-0.04645052558531729,-0.1641529711426679,0.07674277846226003
-1.986870497403556,-0.0695301841938629,0.10198085265722368,1.1059182539114965
-1.986870497403556,-0.26399492059876994,-1.969482130134709,1.1059182539114965
-1.986870497403556,-0.14249168560152328,-0.9801602917835297,1.1059182539114965
-1.986870497403556,-0.06059612279700654,0.1971476053122895,1.1059182539114965
-3.4333029746718298,-0.13057960373904812,-0.5483252904857261,1.1059182539114965
-1.986870497403556,-0.05612909209857835,0.2447309816398224,1.1059182539114965
-1.986870497403556,-0.14993673676557026,-0.7545199212383686,1.1059182539114965
-1.986870497403556,-0.14993673676557026,-0.7545199212383686,1.1059182539114965
-1.986870497403556,-0.1946070437498521,-1.2303536845136978,1.1059182539114965
-1.986870497403556,-0.20949714607794606,-1.3889649389388075,1.1059182539114965
-1.986870497403556,-0.2660795349247031,-1.9916877057542244,1.1059182539114965
-1.986870497403556,0.31165643540534227,-2.096228383545814,0.07674277846226003
-1.986870497403556,0.11808510514012088,2.100482658413606,1.1059182539114965
-1.986870497403556,-0.18269496188737694,-1.321745489313446,0.07674277846226003
-1.986870497403556,-0.22438724840604002,-1.4320754778915523,1.1059182539114965
-1.986870497403556,-0.09037632745319445,0.25531035230997723,1.1059182539114965
-1.986870497403556,-0.12015653210938235,-1.7303598029634135,1.1059182539114965
-1.986870497403556,-0.12015653210938235,-0.4372974123881493,1.1059182539114965
-1.986870497403556,-0.1946070437498521,-0.8730342505448107,0.07674277846226003
-3.4333029746718298,0.08830490048393298,1.7832601495633864,0.07674277846226003
-1.986870497403556,-0.20949714607794606,-1.2445969751610726,0.07674277846226003
-1.986870497403556,-0.16482683909366422,-0.9131311756634783,1.1059182539114965
-3.4333029746718298,-0.2690575553903219,-2.023409956639246,1.1059182539114965
-3.4333029746718298,-0.07846424559071928,0.006814100002157861,1.1059182539114965
-1.986870497403556,-0.07548622512510049,0.0385363508871798,1.1059182539114965
-1.986870497403556,-0.18418397212018633,-0.9258676593938147,1.1059182539114965
-1.986870497403556,-0.030815918140818636,0.5143701141625089,1.1059182539114965
-1.986870497403556,-0.16482683909366422,-0.9131311756634783,1.1059182539114965
-3.4333029746718298,-0.2158105494650579,-1.456216110815054,1.1059182539114965
-1.986870497403556,-0.1350466344374763,-0.595908666813259,1.1059182539114965
-1.986870497403556,-0.21694219724199304,-1.3383362265263126,0.07674277846226003
-1.986870497403556,0.06596974699179205,1.545343267925722,1.1059182539114965
-1.986870497403556,-0.06059612279700654,0.1971476053122895,1.1059182539114965
-3.4333029746718298,-0.17971694142175815,-0.9157799836123777,0.07674277846226003
-1.986870497403556,0.0510796446636981,1.3867320135006123,1.1059182539114965
-1.986870497403556,-0.18716199258580513,-0.9633633599399106,1.1059182539114965
-3.4333029746718298,-0.21843120747480244,-1.3861099363591556,-0.9524326969869764
-1.986870497403556,-0.17227189025771117,-0.7758689960839884,1.1059182539114965
-1.986870497403556,-0.17227189025771117,-0.5457875104149243,1.1059182539114965
-1.986870497403556,-0.16110431351164073,-0.38216414034998114,1.1059182539114965
-1.986870497403556,-0.16482683909366422,-0.6821297447187487,0.07674277846226003
-1.986870497403556,3.066325366102723,-1.699398886099632,1.1059182539114965
-1.986870497403556,-0.06059612279700654,0.1971476053122895,1.1059182539114965
-1.986870497403556,-0.11271148094533537,-0.35799178517559443,1.1059182539114965
-1.986870497403556,0.06596974699179205,0.7910198641307852,1.1059182539114965
-1.986870497403556,-0.22817529043830712,-1.3648718893916334,0.07674277846226003
-3.4333029746718298,-0.12611257304061993,-0.5007419141581931,1.1059182539114965
-3.4333029746718298,-0.15291475723118905,-0.39174426011725777,0.07674277846226003
-1.986870497403556,16.095164903184934,-1.6069126636443507,0.07674277846226003
-1.986870497403556,-0.06059612279700654,0.1971476053122895,1.1059182539114965
-3.4333029746718298,-0.2631015144590843,-1.9287824822492259,1.1059182539114965
-1.986870497403556,-0.16333782886085482,-0.6633818944457006,1.1059182539114965
-1.986870497403556,-0.17971694142175815,-1.071742430088588,1.1059182539114965
-3.4333029746718298,-0.1946070437498521,-0.9613807192595968,1.1059182539114965
-1.986870497403556,-0.1052664297812884,-0.7657178758007814,0.07674277846226003
-1.986870497403556,2.9918748544622535,-1.7101368680242122,0.07674277846226003
-1.986870497403556,0.12701916653697726,2.1956494110686715,-0.9524326969869764
-3.4333029746718298,-0.004013733950249523,0.7998703721277064,1.1059182539114965
-1.986870497403556,-0.04570602046891259,0.3557588597373992,1.1059182539114965
-3.4333029746718298,-0.12760158327342933,-0.5166030396007042,1.1059182539114965
-1.986870497403556,0.013854388843463218,0.990203877437838,1.1059182539114965
-1.986870497403556,-0.024859877209581056,0.5778146159325528,1.1059182539114965
-1.986870497403556,-0.14546970606714207,-0.7069365449108358,1.1059182539114965
-1.986870497403556,2.842973831181314,-1.731581109622487,1.1059182539114965
-1.986870497403556,-0.2074125317520129,-1.218346812553717,0.07674277846226003
-1.986870497403556,-0.14993673676557026,-0.7545199212383686,1.1059182539114965
-3.4333029746718298,-0.192373528400638,-1.069537733652079,0.07674277846226003
-3.4333029746718298,0.386106947045812,-2.0857124573774293,-0.9524326969869764
-3.4333029746718298,0.7881397099043487,-1.6504990363603709,-0.9524326969869764
-1.986870497403556,-0.030815918140818636,0.5143701141625089,1.1059182539114965
-1.986870497403556,-0.17971694142175815,-0.6548803312085147,0.07674277846226003
-1.986870497403556,-0.12313455257500114,-1.9900540098336457,-0.9524326969869764
-1.986870497403556,-0.23778834050132458,-1.6008219914744266,0.07674277846226003
-1.986870497403556,-0.20577462049592257,-1.0366576206097537,0.07674277846226003
-3.4333029746718298,-0.14844772653276087,-0.7386587957958577,1.1059182539114965
-1.986870497403556,-0.09782137861724143,-0.6006194210696848,0.07674277846226003
-1.986870497403556,-0.03826096930486561,0.43506448694995403,1.1059182539114965
-1.986870497403556,-0.16482683909366422,-0.9131311756634783,1.1059182539114965
-1.986870497403556,-0.09037632745319445,-0.537365252804951,1.1059182539114965
-1.986870497403556,2.0984687147766166,-1.838834039864746,0.07674277846226003
-3.4333029746718298,-0.22140922794042123,-1.5158539424788953,0.07674277846226003
-3.4333029746718298,-0.11271148094533537,-0.35799178517559443,-0.9524326969869764
-1.986870497403556,-0.16482683909366422,-1.169922796577731,1.1059182539114965
-3.4333029746718298,0.10319500281202693,1.9418714039884961,-0.9524326969869764
-1.986870497403556,-0.12015653210938235,-0.4372974123881493,-0.9524326969869764
-1.986870497403556,-0.015925815812724686,0.6729813685876186,1.1059182539114965
-1.986870497403556,0.013854388843463218,0.990203877437838,1.1059182539114965
-3.4333029746718298,-0.15738178792961724,-0.45277787082004,0.07674277846226003
-1.986870497403556,0.013854388843463218,0.990203877437838,1.1059182539114965
-1.986870497403556,0.09723896188078936,1.8784269022184523,1.1059182539114965
-1.986870497403556,-0.12015653210938235,-0.4372974123881493,1.1059182539114965
-3.4333029746718298,-0.17971694142175815,-0.9157799836123777,-0.9524326969869764
-1.986870497403556,-0.17599441583973466,-1.0320896164823106,1.1059182539114965
-1.986870497403556,-0.008480764648677709,0.7522869958001734,0.07674277846226003
-1.986870497403556,-0.1960960539826615,-1.0758504615781985,1.1059182539114965
-1.986870497403556,-0.1350466344374763,-0.595908666813259,-0.9524326969869764
-1.986870497403556,-0.11717851164376356,-0.40557516150312733,1.1059182539114965
-3.4333029746718298,-0.06059612279700654,0.1971476053122895,0.07674277846226003
-1.986870497403556,-0.015925815812724686,-1.8620864497634673,0.07674277846226003
-1.986870497403556,-0.20205209491389908,-1.3096593117262527,1.1059182539114965
-1.986870497403556,-0.1975850642154709,-1.2620759353987197,0.07674277846226003
-1.986870497403556,-0.1350466344374763,-0.595908666813259,1.1059182539114965
-1.986870497403556,-0.18608990521818236,-0.9498655421883337,0.07674277846226003
-1.986870497403556,-0.15738178792961724,-0.8338255484509235,1.1059182539114965
-1.986870497403556,-0.18716199258580513,-0.9633633599399106,-0.9524326969869764
-1.986870497403556,-0.12760158327342933,-0.5166030396007042,1.1059182539114965
-3.4333029746718298,-0.17673892095613936,-1.0400201792035662,1.1059182539114965
-1.986870497403556,-0.20205209491389908,-1.1508418626703902,0.07674277846226003
-1.986870497403556,0.08830490048393298,-1.7376559206669686,1.1059182539114965
-1.986870497403556,-0.11751353894614568,-0.40914391472769235,-0.9524326969869764
-1.986870497403556,-0.14524635453222065,-0.7045573760944591,-0.9524326969869764
-1.986870497403556,-0.04570602046891259,0.3557588597373992,0.07674277846226003
-1.986870497403556,-0.2517850366897329,-1.777054956266166,1.1059182539114965
-1.986870497403556,7.012202483047621,-1.1309837336163666,-0.9524326969869764
-1.986870497403556,1.5773151332933282,-1.9139047465841506,1.1059182539114965
-1.986870497403556,-0.20354110514670848,-1.1695897129434383,0.07674277846226003
-3.4333029746718298,-0.001035713484630733,0.8315926230127283,1.1059182539114965
-1.986870497403556,-0.1052664297812884,0.06781598845405505,-0.9524326969869764
-1.986870497403556,1.5028646216528583,-1.924626867383288,1.1059182539114965
-1.986870497403556,-0.14993673676557026,-1.0434144600482635,1.1059182539114965
-3.4333029746718298,16.095164903184934,-1.6152238933762264,0.07674277846226003
-1.986870497403556,-0.08293127628914747,-0.040769276325375046,-0.9524326969869764
-1.986870497403556,-0.25267844282941854,-1.788300494204906,0.07674277846226003
-1.986870497403556,5.672093273519165,-1.3240294913771675,0.07674277846226003
-1.986870497403556,2.396266294307797,-1.795929695542754,1.1059182539114965
-1.986870497403556,-0.2701415548398071,-2.0349568559613944,1.1059182539114965
-1.986870497403556,-0.06506315349543473,0.14956422898475658,0.07674277846226003
-1.986870497403556,-0.1045219246648837,-0.6575608614082992,0.07674277846226003
-1.986870497403556,-0.024859877209581056,0.5778146159325528,1.1059182539114965
-3.4333029746718298,-0.08293127628914747,-0.040769276325375046,1.1059182539114965
-1.986870497403556,-0.2514217181929274,-1.8355507868981464,0.07674277846226003
-3.4333029746718298,-0.09782137861724143,-0.19938053075048476,0.07674277846226003
-3.4333029746718298,-0.21694219724199304,-1.3680123922292504,-0.9524326969869764
-3.4333029746718298,4.18308304070977,-1.5399469920260693,-0.9524326969869764
-1.986870497403556,-0.1960960539826615,-1.0758504615781985,1.1059182539114965
-1.986870497403556,-0.20949714607794606,-1.3889649389388075,1.1059182539114965
-3.4333029746718298,-0.231832299570087,-1.5489085279010881,-0.9524326969869764
-3.4333029746718298,-0.15440376746399845,-0.8021032975659016,1.1059182539114965
-1.986870497403556,-0.25118943259660914,-1.7695526439318583,-0.9524326969869764
-1.986870497403556,-0.16965123224796663,-0.7428778551635656,0.07674277846226003
-1.986870497403556,2.205677451538893,-1.8233853036837404,-0.9524326969869764
-1.986870497403556,0.3414366400615302,-2.091945879676336,1.1059182539114965
-1.986870497403556,-0.16333782886085482,-0.8972700502209674,0.07674277846226003
-1.986870497403556,44.9819634196872,-1.5469734705971017,1.1059182539114965
-1.986870497403556,-0.14993673676557026,-0.7545199212383686,1.1059182539114965
-1.986870497403556,-0.20651912561232727,-1.2070854134895341,0.07674277846226003
-1.986870497403556,0.006409337679416243,0.9108982502252831,1.1059182539114965
-1.986870497403556,-0.23629933026851518,-1.5820741412013786,1.1059182539114965
-3.4333029746718298,-0.15738178792961724,-0.8338255484509235,1.1059182539114965
-1.986870497403556,0.3354805991302926,4.416206973020208,1.1059182539114965
-1.986870497403556,0.0510796446636981,1.3867320135006123,1.1059182539114965
-1.986870497403556,-0.22304713919651156,-1.289737738170459,0.07674277846226003
-1.986870497403556,3.438577924305072,-1.6457882821039451,-0.9524326969869764
-1.986870497403556,-0.15738178792961724,-0.32763359107862844,0.07674277846226003
-1.986870497403556,-0.015925815812724686,-1.4429403488196724,1.1059182539114965
-3.4333029746718298,-0.2720355758559407,-2.0551322075242684,0.07674277846226003
-3.4333029746718298,6.342147878283393,-1.5207867524915162,1.1059182539114965
-3.4333029746718298,-0.1350466344374763,-0.3731074377223074,1.1059182539114965
-1.986870497403556,-0.17227189025771117,-0.7758689960839884,1.1059182539114965
-3.4333029746718298,0.34590367075995837,-2.091501768163946,0.07674277846226003
-3.4333029746718298,-0.2005630846810897,-1.2937981862837418,1.1059182539114965
-1.986870497403556,-0.015925815812724686,-1.7282502732795597,0.07674277846226003
-1.986870497403556,-0.17227189025771117,-0.7758689960839884,0.07674277846226003
-3.4333029746718298,0.386106947045812,-2.0857124573774293,1.1059182539114965
-3.4333029746718298,-0.22140922794042123,-1.422289163493523,0.07674277846226003
-3.4333029746718298,-0.1380246549030951,-0.6276309176982809,-0.9524326969869764
-1.986870497403556,-0.21247516654356485,-1.1348379870988967,0.07674277846226003
-1.986870497403556,-0.21247516654356485,-1.2820926757071687,0.07674277846226003
-1.986870497403556,-0.25267844282941854,-1.788300494204906,0.07674277846226003
-1.986870497403556,-0.1052664297812884,-0.2786861579630396,-0.9524326969869764
-1.986870497403556,-0.25416745306222793,-1.8647987022141366,-0.9524326969869764
-3.4333029746718298,0.19998066794463762,2.972844557751709,1.1059182539114965
-1.986870497403556,0.013854388843463218,0.990203877437838,1.1059182539114965
-3.4333029746718298,0.16275541212440273,-1.4540589977548726,0.07674277846226003
-1.986870497403556,-0.04570602046891259,0.3557588597373992,1.1059182539114965
-1.986870497403556,-0.20949714607794606,-1.3889649389388075,1.1059182539114965
-1.986870497403556,-0.2333213098028964,-1.5445784406552827,1.1059182539114965
-1.986870497403556,-0.1803125455148819,-1.977396831730522,-0.9524326969869764
-1.986870497403556,-0.03826096930486561,0.43506448694995403,-0.9524326969869764
-1.986870497403556,0.3637717935536711,-2.0887260712115063,-0.9524326969869764
-3.4333029746718298,-0.2288542791044682,-1.5127293007667206,0.07674277846226003
-1.986870497403556,-0.008480764648677709,0.7522869958001734,1.1059182539114965
-3.4333029746718298,-0.20205209491389908,-1.187116256557413,0.07674277846226003
-1.986870497403556,-0.16965123224796663,-0.7428778551635656,0.07674277846226003
-3.4333029746718298,-0.25565646329503733,-1.8383264838505857,0.07674277846226003
-3.4333029746718298,-0.12015653210938235,-0.4372974123881493,1.1059182539114965
-1.986870497403556,-0.07548622512510049,0.0385363508871798,1.1059182539114965
-3.4333029746718298,-0.1052664297812884,-0.2786861579630396,0.07674277846226003
-1.986870497403556,-0.12015653210938235,-0.7903977869893285,1.1059182539114965
-1.986870497403556,-0.21694219724199304,-1.200280990674697,0.07674277846226003
-1.986870497403556,-0.2660795349247031,-1.9916877057542244,0.07674277846226003
-1.986870497403556,-0.18716199258580513,-0.9633633599399106,0.07674277846226003
-1.986870497403556,-0.17376090049052056,-1.0082979283185443,0.07674277846226003
-1.986870497403556,-0.05761810233138775,0.22886985619731143,1.1059182539114965
-1.986870497403556,-0.2571454735278467,-1.8965209530991585,-0.9524326969869764
-3.4333029746718298,-0.1946070437498521,-1.2303536845136978,1.1059182539114965
-1.986870497403556,-0.09037632745319445,-0.12007490353792989,0.07674277846226003
-1.986870497403556,-0.1320686139718575,-1.882134912322801,-0.9524326969869764
-1.986870497403556,-0.20949714607794606,-1.2445969751610726,1.1059182539114965
-1.986870497403556,-0.06506315349543473,0.5740396680772352,1.1059182539114965
-3.4333029746718298,-0.09037632745319445,0.16956510816776293,1.1059182539114965
-3.4333029746718298,-0.2333213098028964,-1.5669902109055507,1.1059182539114965
-1.986870497403556,-0.22498285249916378,-1.43957779022586,1.1059182539114965
-1.986870497403556,1.7038810030821268,-1.8956803134507054,1.1059182539114965
-3.4333029746718298,-0.16482683909366422,-0.7348997090659826,-0.9524326969869764
-3.4333029746718298,-0.20205209491389908,-1.187116256557413,0.07674277846226003
-1.986870497403556,-0.11271148094533537,-0.35799178517559443,0.07674277846226003
-1.986870497403556,0.06596974699179205,1.545343267925722,1.1059182539114965
-1.986870497403556,1.875117179855207,-1.8710004022621585,1.1059182539114965
-1.986870497403556,-0.2660795349247031,-1.9916877057542244,1.1059182539114965
-1.986870497403556,-0.17227189025771117,-0.9924368028760332,-0.9524326969869764
-1.986870497403556,-0.1916290232842333,-1.1986314336286759,-0.9524326969869764
-1.986870497403556,-0.17524991072332996,-1.0241590537610552,-0.9524326969869764
-1.986870497403556,-0.22676966477853505,-1.4620688661033405,1.1059182539114965
-3.4333029746718298,-0.000737911438068854,0.8347648481012305,1.1059182539114965
-3.4333029746718298,-0.10824445024690718,-0.31040840884806153,1.1059182539114965
-3.4333029746718298,-0.07794309200923599,0.012365493907036701,1.1059182539114965
-3.4333029746718298,-0.08918511926694693,-0.10738600318392112,1.1059182539114965
-3.4333029746718298,-0.22438724840604002,-1.4584683906278906,1.1059182539114965
-1.986870497403556,-0.03379393860643743,0.48264786327748693,-0.9524326969869764
-1.986870497403556,-0.04570602046891259,-0.2936114770044424,1.1059182539114965
-1.986870497403556,0.34590367075995837,4.527234851117785,0.07674277846226003
-1.986870497403556,-0.24821141213099035,-1.7320569433857622,0.07674277846226003
-1.986870497403556,-0.03826096930486561,0.43506448694995403,1.1059182539114965
-3.4333029746718298,0.329524558199055,4.3527624712501645,1.1059182539114965
-1.986870497403556,-0.059107112564197144,0.21300873075480048,1.1059182539114965
-3.4333029746718298,-0.12760158327342933,-0.5166030396007042,1.1059182539114965
-3.4333029746718298,-0.1350466344374763,-0.595908666813259,1.1059182539114965
-1.986870497403556,10.13912397194735,-0.680527771049055,0.07674277846226003
