work_year,salary,salary_in_usd,remote_ratio
1.0,0.0024346910574455484,0.18143584164291432,1.0
1.0,0.0007896295321445021,0.05589972755963567,1.0
1.0,0.000641573994867408,0.04578436749777462,1.0
1.0,0.005560307955517536,0.3818391073307139,1.0
1.0,0.003750740277686385,0.25820692879685664,1.0
1.0,0.007113246035401723,0.48793799509067864,0.0
1.0,0.00427715996578272,0.2941726534612515,0.0
1.0,0.007007962097782456,0.48074485015779966,0.0
1.0,0.004441666118312824,0.30541194241887487,0.0
1.0,0.004642363624399552,0.31912387494717537,0.0
1.0,0.002786734223859972,0.19234469550518357,0.0
1.0,0.004079752582746595,0.2806855067121034,1.0
1.0,0.0030927156675659667,0.21324977296636308,1.0
1.0,0.006832269526880304,0.4687412895510579,0.0
1.0,0.00410475751793117,0.28239387863366217,0.0
1.0,0.004642363624399552,0.31912387494717537,0.0
1.0,0.002786734223859972,0.19234469550518357,0.0
1.0,0.005395801802987431,0.37059981837309053,0.0
1.0,0.004737777192867013,0.32564266254259694,0.0
1.0,0.004737777192867013,0.32564266254259694,1.0
1.0,0.003421727972626176,0.23572835088160984,1.0
1.0,0.008850431006119628,0.6066248864831816,0.0
1.0,0.005527406725011515,0.3795912495391892,0.0
1.0,0.0073698756333486866,0.5054712858645711,1.0
1.0,0.004514048825426071,0.31035722956022915,1.0
1.0,0.007205369480818582,0.49423199690694775,0.0
1.0,0.004948345068105547,0.3400289524083549,0.0
1.0,0.006382838718168059,0.43803555211883083,0.0
1.0,0.004079752582746595,0.2806855067121034,0.0
1.0,0.0027637033625057573,0.1907711950511163,0.0
1.0,0.0021714812133973808,0.15030975480367212,0.0
1.0,0.008133184181088372,0.5576215866279437,0.0
1.0,0.002786734223859972,0.19234469550518357,0.0
1.0,0.011081463446732907,0.75905212332647,0.0
1.0,0.005875830756070276,0.40339606355143554,0.0
1.0,0.005149042574192274,0.3537408849366554,0.0
1.0,0.004079752582746595,0.2806855067121034,0.0
1.0,0.003269724287688359,0.22534324788476584,0.0
1.0,0.0019247219846022239,0.13345082136723704,0.0
1.0,0.0030927156675659667,0.21324977296636308,1.0
1.0,0.0007896295321445021,0.05589972755963567,1.0
0.6666666666667425,0.0540896229518984,0.03563304171124919,0.5
1.0,0.006534842403105876,0.4484206551156748,0.0
1.0,0.0034441008093702703,0.23725689417984663,0.0
1.0,0.008709054418635256,0.596965841553,0.0
1.0,0.007089688754359413,0.486328528911947,0.0
1.0,0.006802329407119826,0.46669573896077043,1.0
1.0,0.005889320260577745,0.4043176852459607,1.0
1.0,0.008422715009541356,0.5774027351933608,1.0
1.0,0.007863394090939,0.5391891527374413,1.0
1.0,0.008860301375271435,0.607299243820639,1.0
1.0,0.005839968414818713,0.40094589855867363,1.0
1.0,0.006991511482529446,0.47962092126203737,1.0
1.0,0.006353161808251628,0.43600798439087557,1.0
1.0,0.0064914127788379275,0.4454534828308623,1.0
1.0,0.0038691847075080603,0.2662992168463455,1.0
1.0,0.006024544317957491,0.4135563807691271,0.0
1.0,0.004375863657300783,0.30091622683582553,0.0
1.0,0.008315786010396788,0.5700971973709056,0.0
1.0,0.005889320260577745,0.4043176852459607,0.0
1.0,0.007419227479107718,0.5088430725518581,1.0
1.0,0.005264196880963348,0.3616083872069918,1.0
1.0,0.005478054879252484,0.3762194628519022,1.0
1.0,0.0034381785878791864,0.2368522797773722,1.0
1.0,0.007633085477396854,0.5234541481967685,0.0
1.0,0.005593209186023557,0.38408696512223856,0.0
1.0,0.007600184246890833,0.5212062904052439,1.0
1.0,0.00643054550240179,0.4412949459165416,1.0
1.0,0.009982233335526747,0.6839511945116306,0.0
1.0,0.005037178390471803,0.34609816844547153,0.0
1.0,0.0035862341251562805,0.24696763983923323,0.0
1.0,0.00248404290320458,0.17166440382315654,0.0
1.0,0.007600184246890833,0.5212062904052439,1.0
1.0,0.00643054550240179,0.4412949459165416,1.0
1.0,0.009014937158649733,0.617864175440805,0.0
1.0,0.006711851023228268,0.4605141300340776,0.0
1.0,0.009018227281700335,0.6180889612199575,1.0
1.0,0.005333289465025991,0.3663288885691936,1.0
1.0,0.006168980719878923,0.4234244764739204,1.0
1.0,0.004375863657300783,0.30091622683582553,1.0
1.0,0.016582220175034544,0.1347141174460739,0.0
1.0,0.004737777192867013,0.32564266254259694,1.0
1.0,0.0019411725998552346,0.14525432263053312,1.0
0.6666666666667425,0.00967296176877015,0.6628213312712985,0.5
1.0,0.0027637033625057573,0.20555760360376563,1.0
1.0,0.0059189313680331635,0.40634075725833285,0.0
1.0,0.00405672172139238,0.2791120062580361,0.0
1.0,0.007205369480818582,0.49423199690694775,1.0
1.0,0.005560307955517536,0.3818391073307139,1.0
1.0,0.005889320260577745,0.4043176852459607,0.0
1.0,0.004408764887806804,0.30316408462735017,0.0
1.0,0.001283147989734816,0.09701079870883049,0.0
1.0,0.0009870369151806276,0.07530098815828516,0.0
1.0,0.003257221820096071,0.22448906192398646,0.0
1.0,0.002105678752385339,0.14581403922062275,0.0
1.0,0.005171941830624465,0.3553053939595566,0.0
1.0,0.004602388629334737,0.3163927277304729,0.0
1.0,0.006942159636770415,0.4762491345747503,1.0
1.0,0.005889320260577745,0.4043176852459607,1.0
1.0,0.006474962163584917,0.44432955393509993,0.0
1.0,0.003234190958741857,0.22291556146991917,0.0
1.0,0.004573271040336909,0.31440337358497356,0.0
1.0,0.0019411725998552346,0.13457475026299937,0.0
1.0,0.005231295650457326,0.3593605294154671,0.0
1.0,0.004155425412910443,0.28585557963261016,0.0
1.0,0.005697506086727643,0.3912126743213718,0.0
1.0,0.0029051786536816475,0.2004369835546724,0.0
1.0,0.004820030269132065,0.33126230702140863,0.0
1.0,0.0036339409093900108,0.25022703363694404,0.0
1.0,0.007939066921102848,0.544359225657948,0.0
1.0,0.004204777258669474,0.2892273663198972,0.0
1.0,0.006481542409686122,0.44477912549340487,0.0
1.0,0.0041784562742646575,0.28742908008667745,0.0
1.0,0.007040863328288478,0.48299270794932436,0.5
0.6666666666667425,0.0015792590642890042,0.1155488819155345,1.0
1.0,0.004737777192867013,0.32564266254259694,0.0
1.0,0.003750740277686385,0.25820692879685664,0.0
1.0,0.009337369217608738,0.6398931817977468,0.0
1.0,0.006843455945252352,0.4695055612001763,0.0
1.0,0.005718891886556557,0.3926737818858628,0.0
1.0,0.004535763637560045,0.31184081570263544,0.0
1.0,0.009120221096269,0.625057320373684,1.0
1.0,0.006014344936500625,0.4128595448537544,1.0
1.0,0.009337369217608738,0.6398931817977468,0.0
1.0,0.006850036191353556,0.4699551327584812,0.0
1.0,0.0059189313680331635,0.40634075725833285,0.0
1.0,0.00405672172139238,0.2791120062580361,0.0
1.0,0.008093702704481147,0.5549241572781141,0.0
1.0,0.004046851352240573,0.27843764892057876,0.0
1.0,0.0049022833453971175,0.3368819515002203,0.0
1.0,0.004408764887806804,0.30316408462735017,0.0
1.0,0.00512601171283806,0.35216738448258816,1.0
1.0,0.004461406856616437,0.3067606570937897,1.0
1.0,0.011064683819174836,0.7579057158527924,0.0
1.0,0.005596499309074159,0.384311750901391,0.0
1.0,0.0030927156675659667,0.21324977296636308,1.0
1.0,0.002105678752385339,0.14581403922062275,1.0
1.0,0.002599197209975653,0.17953190609349293,0.0
1.0,0.0019411725998552346,0.13457475026299937,0.0
1.0,0.004368756991511482,0.3004306895528562,1.0
1.0,0.002542278081200237,0.17564311211415523,1.0
1.0,0.0022701849049154435,0.15705332817824613,0.0
1.0,0.002105678752385339,0.14581403922062275,0.0
1.0,0.006530894255445153,0.44815091218069186,0.0
1.0,0.004372573534250181,0.30069144105667306,0.0
1.0,0.010275054287030334,0.7039571288562001,1.0
1.0,0.0067842337303415145,0.4654594171754319,1.0
1.0,0.0029282095150358622,0.2020104840087397,1.0
1.0,0.0022701849049154435,0.15705332817824613,1.0
1.0,0.006218332565637954,0.42679626316120745,0.0
1.0,0.005066789497927222,0.3481212404578437,0.0
1.0,0.0073698756333486866,0.5054712858645711,0.0
1.0,0.004514048825426071,0.31035722956022915,0.0
1.0,0.0030927156675659667,0.21324977296636308,1.0
1.0,0.002105678752385339,0.14581403922062275,1.0
1.0,0.003257221820096071,0.22448906192398646,0.5
1.0,0.05573468447719944,0.03492721436471044,1.0
1.0,0.0010528393761926695,0.0922655709109219,0.0
1.0,0.0009541356846746068,0.08407212926081445,0.0
1.0,0.004573271040336909,0.31440337358497356,0.0
1.0,0.0035862341251562805,0.24696763983923323,0.0
1.0,0.005343159834177798,0.367003245906651,0.0
1.0,0.0032638020661972756,0.2249386334822914,0.0
1.0,0.009982233335526747,0.6839511945116306,0.0
1.0,0.005037178390471803,0.34609816844547153,0.0
1.0,0.00605382641310785,0.41555697420358406,0.0
1.0,0.004737777192867013,0.32564266254259694,0.0
1.0,0.005149042574192274,0.3537408849366554,0.0
1.0,0.004079752582746595,0.2806855067121034,0.0
1.0,0.004737777192867013,0.32564266254259694,1.0
1.0,0.003750740277686385,0.25820692879685664,1.0
1.0,0.004573271040336909,0.31440337358497356,0.0
1.0,0.003750740277686385,0.25820692879685664,0.0
1.0,0.007113246035401723,0.48793799509067864,0.0
1.0,0.00427715996578272,0.2941726534612515,0.0
1.0,0.001283147989734816,0.11138809714342232,1.0
1.0,0.0009541356846746068,0.08407212926081445,1.0
1.0,0.007731789168914916,0.5301977215713426,0.0
1.0,0.0049022833453971175,0.3368819515002203,0.0
1.0,0.007040863328288478,0.48299270794932436,1.0
1.0,0.00605382641310785,0.41555697420358406,1.0
1.0,0.0016121602947950253,0.1387040650260302,0.0
1.0,0.001283147989734816,0.11138809714342232,0.0
0.0,0.0002961110745541883,0.022181860686765514,0.0
1.0,0.002105678752385339,0.17968026470773354,1.0
1.0,0.0013654010659998684,0.1182170891140743,1.0
1.0,0.002599197209975653,0.17953190609349293,1.0
1.0,0.0022701849049154435,0.15705332817824613,1.0
1.0,0.005066789497927222,0.3481212404578437,0.0
1.0,0.004408764887806804,0.30316408462735017,0.0
1.0,0.00967296176877015,0.6628213312712985,0.0
1.0,0.008027900243469105,0.5504284416950647,0.0
1.0,0.007304073172336644,0.5009755702815217,0.0
1.0,0.005922221491083766,0.4065655430374853,0.0
1.0,0.00605382641310785,0.41555697420358406,0.0
1.0,0.005395801802987431,0.37059981837309053,0.0
1.0,0.0073698756333486866,0.5054712858645711,0.0
1.0,0.006382838718168059,0.43803555211883083,0.0
1.0,0.00572481410804764,0.3930783962883373,1.0
1.0,0.0035862341251562805,0.24696763983923323,1.0
1.0,0.006382838718168059,0.43803555211883083,1.0
1.0,0.0035862341251562805,0.24696763983923323,1.0
1.0,0.0014476541422649206,0.10907055576036039,0.5
1.0,0.007040863328288478,0.48299270794932436,0.0
1.0,0.006547344870698164,0.4492748410764542,0.0
1.0,0.00572481410804764,0.3930783962883373,0.0
1.0,0.004079752582746595,0.2806855067121034,0.0
1.0,0.006382838718168059,0.43803555211883083,1.0
1.0,0.004737777192867013,0.32564266254259694,1.0
1.0,0.006876357175758373,0.471753418991701,0.0
1.0,0.005395801802987431,0.37059981837309053,0.0
1.0,0.007945647167204053,0.544808797216253,0.0
1.0,0.005468184510100677,0.3755451055144448,0.0
1.0,0.007172468250312561,0.49198413911542305,0.0
1.0,0.005593209186023557,0.38408696512223856,0.0
1.0,0.003750740277686385,0.25820692879685664,1.0
1.0,0.0022701849049154435,0.15705332817824613,1.0
1.0,0.045864315325393167,0.026727029141228414,1.0
1.0,0.0030927156675659667,0.14203314241527826,1.0
1.0,0.0030927156675659667,0.15709828533407663,0.0
1.0,0.004408764887806804,0.30316408462735017,0.0
1.0,0.003750740277686385,0.25820692879685664,0.0
1.0,0.004013950121734553,0.27618979112905406,0.0
1.0,0.00248404290320458,0.17166440382315654,0.0
1.0,0.004573271040336909,0.31440337358497356,0.0
1.0,0.0035862341251562805,0.24696763983923323,0.0
1.0,0.005889320260577745,0.4043176852459607,0.0
1.0,0.004408764887806804,0.30316408462735017,0.0
1.0,0.010643548068697769,0.7291331361212765,0.0
1.0,0.008672764361387116,0.5944864544089483,0.0
1.0,0.0030927156675659667,0.21324977296636308,0.0
1.0,0.0024346910574455484,0.16829261713586952,0.0
1.0,0.008027900243469105,0.5504284416950647,0.0
1.0,0.005149042574192274,0.3537408849366554,0.0
1.0,0.006382838718168059,0.43803555211883083,1.0
1.0,0.004573271040336909,0.31440337358497356,0.0
1.0,0.0030927156675659667,0.21324977296636308,0.0
1.0,0.004573271040336909,0.31440337358497356,0.0
1.0,0.0035862341251562805,0.24696763983923323,0.0
1.0,0.006497993024939132,0.44590305438916716,0.0
1.0,0.004803579653879055,0.33013837812564634,0.0
1.0,0.007665986707902875,0.5257020059882932,0.0
1.0,0.0038461538461538455,0.2647257163922782,0.0
1.0,0.007600184246890833,0.5212062904052439,0.0
1.0,0.004573271040336909,0.31440337358497356,0.0
1.0,0.006111897084950977,0.4195244432056251,0.0
1.0,0.004219122195170099,0.29020743231700197,0.0
1.0,0.00605382641310785,0.41555697420358406,1.0
1.0,0.0034875304336382178,0.24022406646465919,1.0
0.6666666666667425,0.002566295979469632,0.18685093106269726,1.0
1.0,0.002599197209975653,0.17953190609349293,0.0
1.0,0.0019411725998552346,0.13457475026299937,0.0
1.0,0.004244258735276699,0.2919247956697268,0.0
1.0,0.003273672435349082,0.2256129908197488,0.0
1.0,0.009442653155228005,0.6470863267306258,0.0
1.0,0.005889320260577745,0.4043176852459607,0.0
1.0,0.0024346910574455484,0.16829261713586952,0.0
1.0,0.002105678752385339,0.14581403922062275,0.0
1.0,0.007040863328288478,0.48299270794932436,1.0
1.0,0.005066789497927222,0.3481212404578437,1.0
1.0,0.005560307955517536,0.3818391073307139,1.0
1.0,0.004573271040336909,0.31440337358497356,1.0
1.0,0.006382838718168059,0.43803555211883083,0.0
1.0,0.004688425347107982,0.32227087585530995,0.0
1.0,0.001283147989734816,0.09701079870883049,0.0
1.0,0.0009870369151806276,0.07530098815828516,0.0
1.0,0.007715338553661907,0.5290737926755802,0.0
1.0,0.0038724748305586625,0.26652400262549797,0.0
1.0,0.004833190761334473,0.3321614501380185,1.0
1.0,0.0036553267092189244,0.25168814120143507,1.0
1.0,0.005494505494505494,0.3773433917476645,1.0
1.0,0.003520431664144239,0.24247192425618389,1.0
1.0,0.008356912548529315,0.5729070196103114,0.0
1.0,0.00427715996578272,0.2941726534612515,0.0
1.0,0.005560307955517536,0.3818391073307139,0.0
1.0,0.003421727972626176,0.23572835088160984,0.0
1.0,0.008356912548529315,0.5729070196103114,0.0
1.0,0.00427715996578272,0.2941726534612515,0.0
1.0,0.004079752582746595,0.2806855067121034,1.0
1.0,0.003421727972626176,0.23572835088160984,1.0
1.0,0.006547344870698164,0.4492748410764542,1.0
1.0,0.0058564190300717245,0.402069827454436,1.0
1.0,0.004721326577614002,0.32451873364683465,1.0
1.0,0.003983516483516483,0.27411052267189373,1.0
1.0,0.006218332565637954,0.42679626316120745,0.0
1.0,0.005066789497927222,0.3481212404578437,0.0
1.0,0.0070255642561031775,0.4819474540762654,1.0
1.0,0.0046099559123511215,0.31690973502252356,1.0
1.0,0.005395801802987431,0.37059981837309053,0.0
1.0,0.004244258735276699,0.2919247956697268,0.0
1.0,0.005560307955517536,0.3818391073307139,1.0
1.0,0.004573271040336909,0.31440337358497356,1.0
1.0,0.006349937487662038,0.43578769432730613,0.0
1.0,0.005132591958939264,0.3526169560408931,0.0
1.0,0.007113246035401723,0.48793799509067864,0.0
1.0,0.00427715996578272,0.2941726534612515,0.0
1.0,0.007073764558794498,0.48524056574084906,1.0
1.0,0.004836480884385075,0.332386235917171,1.0
1.0,0.005955122721589787,0.40881340082901,0.0
1.0,0.004013950121734553,0.27618979112905406,0.0
1.0,0.006711851023228268,0.4605141300340776,0.0
1.0,0.00427715996578272,0.2941726534612515,0.0
1.0,0.005560307955517536,0.3818391073307139,1.0
1.0,0.0030927156675659667,0.21324977296636308,1.0
1.0,0.00569191287754162,0.3908305384968126,0.0
1.0,0.003388826742120155,0.23348049309008517,0.0
1.0,0.007863394090939,0.5391891527374413,0.0
1.0,0.00572481410804764,0.3930783962883373,0.0
1.0,0.004474567348818846,0.3076598002103995,1.0
1.0,0.0022701849049154435,0.15705332817824613,1.0
1.0,0.006343357241560834,0.4353381227690012,0.0
1.0,0.0032638020661972756,0.2249386334822914,0.0
1.0,0.00391524643021649,0.26944621775448,1.0
1.0,0.0034875304336382178,0.24022406646465919,1.0
1.0,0.006711851023228268,0.4605141300340776,0.0
1.0,0.0049022833453971175,0.3368819515002203,0.0
1.0,0.0035862341251562805,0.24696763983923323,1.0
1.0,0.002632098440481674,0.1817797638850176,1.0
1.0,0.005231295650457326,0.3593605294154671,0.0
1.0,0.004408764887806804,0.30316408462735017,0.0
1.0,0.004375863657300783,0.30091622683582553,0.0
1.0,0.0032901230506020922,0.22673691971551113,0.0
1.0,0.0016121602947950253,0.0798686351906633,0.0
0.6666666666667425,0.008850431006119628,0.6066248864831816,0.0
1.0,0.0014476541422649206,0.10085688339012921,0.5
1.0,0.009037968020003947,0.6194376758948723,1.0
1.0,0.004752582746594722,0.3266541985487831,1.0
1.0,0.002105678752385339,0.10479737809867197,1.0
1.0,0.008044350858722115,0.5515523705908271,0.0
1.0,0.005050338882674211,0.3469973115620814,0.0
1.0,0.004573271040336909,0.31440337358497356,0.0
1.0,0.0035862341251562805,0.24696763983923323,0.0
1.0,0.004408764887806804,0.30316408462735017,0.0
1.0,0.003750740277686385,0.25820692879685664,0.0
1.0,0.0040797854839771,0.2806877545698949,1.0
1.0,0.0021684213989603207,0.1501007040290603,1.0
1.0,0.0028926103836283473,0.19957830187831,1.0
1.0,0.0015122063565177336,0.10526718037710063,1.0
1.0,0.005560307955517536,0.3818391073307139,1.0
1.0,0.004244258735276699,0.2919247956697268,1.0
1.0,0.002599197209975653,0.17953190609349293,0.0
1.0,0.0019411725998552346,0.13457475026299937,0.0
1.0,0.008258208857011251,0.5661634462357374,0.0
1.0,0.00463907350134895,0.31889908916802295,0.0
1.0,0.007106665789300519,0.4874884235323737,1.0
1.0,0.005560307955517536,0.3818391073307139,1.0
1.0,0.006481542409686122,0.44477912549340487,1.0
1.0,0.004185036520365861,0.2878786516449824,1.0
1.0,0.006832269526880304,0.4687412895510579,0.0
1.0,0.00410475751793117,0.28239387863366217,0.0
1.0,0.007073764558794498,0.48524056574084906,0.0
1.0,0.00463907350134895,0.31889908916802295,0.0
1.0,0.0030927156675659667,0.21324977296636308,0.0
1.0,0.0024346910574455484,0.16829261713586952,0.0
1.0,0.0059189313680331635,0.40634075725833285,0.0
1.0,0.00405672172139238,0.2791120062580361,0.0
1.0,0.007633085477396854,0.5234541481967685,1.0
1.0,0.004935184575903138,0.339129809291745,1.0
1.0,0.009804566690794235,0.6718127624373973,1.0
1.0,0.006349937487662038,0.43578769432730613,1.0
1.0,0.001283147989734816,0.09701079870883049,1.0
1.0,0.004737777192867013,0.32564266254259694,0.0
1.0,0.004079752582746595,0.2806855067121034,0.0
1.0,0.004408764887806804,0.30316408462735017,1.0
1.0,0.003421727972626176,0.23572835088160984,1.0
1.0,0.0027637033625057573,0.1907711950511163,0.0
1.0,0.0022701849049154435,0.15705332817824613,0.0
1.0,0.0051062709745344475,0.42880809588462204,0.0
1.0,0.002585049680858064,0.21948083476446947,0.0
1.0,0.0076988879384088955,0.5279498637798179,0.0
1.0,0.0058432585378693155,0.4011706843378261,0.0
1.0,0.004079752582746595,0.2806855067121034,0.0
1.0,0.0024346910574455484,0.16829261713586952,0.0
1.0,0.008027900243469105,0.5504284416950647,0.0
1.0,0.004737777192867013,0.32564266254259694,0.0
1.0,0.005066789497927222,0.3481212404578437,1.0
1.0,0.003750740277686385,0.25820692879685664,1.0
1.0,0.009313548726722378,0.638265732756683,0.0
1.0,0.006460255313548726,0.4433247615022884,0.0
1.0,0.004573271040336909,0.31440337358497356,0.0
1.0,0.003750740277686385,0.25820692879685664,0.0
1.0,0.0049022833453971175,0.3368819515002203,0.0
1.0,0.0032901230506020922,0.22673691971551113,0.0
1.0,0.006382838718168059,0.43803555211883083,0.0
1.0,0.005066789497927222,0.3481212404578437,0.0
1.0,0.004992761729288675,0.3430635604269132,1.0
1.0,0.003245706389418964,0.22370231169695282,1.0
1.0,0.00572481410804764,0.3930783962883373,1.0
1.0,0.004408764887806804,0.30316408462735017,1.0
1.0,0.006382838718168059,0.43803555211883083,0.0
1.0,0.004573271040336909,0.31440337358497356,0.0
1.0,0.0020398762913732974,0.1413183236375734,0.0
1.0,0.0017766664473251297,0.12333546130537598,1.0
1.0,0.001283147989734816,0.09701079870883049,0.0
1.0,0.0009870369151806276,0.07530098815828516,0.0
1.0,0.002599197209975653,0.17953190609349293,0.0
1.0,0.0019411725998552346,0.13457475026299937,0.0
1.0,0.00391524643021649,0.26944621775448,0.0
1.0,0.0027637033625057573,0.1907711950511163,0.0
1.0,0.003257221820096071,0.22448906192398646,1.0
1.0,0.0027637033625057573,0.1907711950511163,1.0
1.0,0.005718891886556557,0.3926737818858628,0.0
1.0,0.004535763637560045,0.31184081570263544,0.0
1.0,0.004244258735276699,0.2919247956697268,0.0
1.0,0.003273672435349082,0.2256129908197488,0.0
1.0,0.0049022833453971175,0.3368819515002203,0.0
1.0,0.00391524643021649,0.26944621775448,0.0
1.0,0.007731789168914916,0.5301977215713426,0.0
1.0,0.005757715338553662,0.39532625407986194,0.0
1.0,0.008093702704481147,0.5549241572781141,0.0
1.0,0.004869382114891097,0.3346340937086957,0.0
1.0,0.00572481410804764,0.3930783962883373,0.0
1.0,0.0049022833453971175,0.3368819515002203,0.0
1.0,0.006111897084950977,0.4195244432056251,0.0
1.0,0.004219122195170099,0.29020743231700197,0.0
1.0,0.005560307955517536,0.3818391073307139,1.0
1.0,0.004573271040336909,0.31440337358497356,1.0
1.0,0.007600184246890833,0.5212062904052439,1.0
1.0,0.004573271040336909,0.31440337358497356,1.0
1.0,0.0049022833453971175,0.3368819515002203,0.0
1.0,0.00391524643021649,0.26944621775448,0.0
1.0,0.0024346910574455484,0.16829261713586952,0.0
1.0,0.002105678752385339,0.14581403922062275,0.0
1.0,0.004606172270842929,0.31665123137649825,0.0
1.0,0.0022701849049154435,0.15705332817824613,0.0
1.0,0.0019148516154504176,0.13277646402977963,1.0
1.0,0.0016483516483516481,0.11456881591842974,1.0
1.0,0.005395801802987431,0.37059981837309053,0.0
1.0,0.004079752582746595,0.2806855067121034,0.0
1.0,0.006660854115943936,0.45702995045721434,1.0
1.0,0.005413897479765743,0.3718361401584291,1.0
1.0,0.00391524643021649,0.26944621775448,0.0
1.0,0.0030927156675659667,0.21324977296636308,0.0
1.0,0.004244258735276699,0.2919247956697268,0.0
1.0,0.003750740277686385,0.25820692879685664,0.0
1.0,0.006382838718168059,0.43803555211883083,1.0
1.0,0.005395801802987431,0.37059981837309053,1.0
1.0,0.0054369283411199575,0.3734096406124964,0.0
1.0,0.0035451075870237543,0.24415781759982738,0.0
1.0,0.007113246035401723,0.48793799509067864,0.0
1.0,0.00427715996578272,0.2941726534612515,0.0
1.0,0.008356912548529315,0.5729070196103114,0.0
1.0,0.00427715996578272,0.2941726534612515,0.0
1.0,0.004856221622688688,0.3337349505920858,0.0
1.0,0.003109166282818977,0.2143737018621254,0.0
1.0,0.006547344870698164,0.4492748410764542,1.0
1.0,0.0058564190300717245,0.402069827454436,1.0
1.0,0.0035862341251562805,0.24696763983923323,1.0
1.0,0.0029282095150358622,0.2020104840087397,1.0
1.0,0.005807067184312693,0.398698040767149,0.0
1.0,0.003800092123445417,0.2615787154841437,0.0
1.0,0.006484832532736724,0.44500391127255734,0.0
1.0,0.00356978350990327,0.24584371094347088,0.0
1.0,0.0017766664473251297,0.15236429682512567,0.0
1.0,0.001283147989734816,0.11138809714342232,0.0
1.0,0.008093702704481147,0.5549241572781141,0.0
1.0,0.004046851352240573,0.27843764892057876,0.0
1.0,0.002852536684872014,0.19684041108823294,1.0
1.0,0.0018358886622359674,0.1273816053301204,1.0
1.0,0.005066789497927222,0.3481212404578437,1.0
1.0,0.004079752582746595,0.2806855067121034,1.0
1.0,0.008291110087517272,0.5684113040272621,0.0
1.0,0.00605382641310785,0.41555697420358406,0.0
1.0,0.005395801802987431,0.37059981837309053,0.0
1.0,0.004244258735276699,0.2919247956697268,0.0
1.0,0.005313548726722379,0.36498017389427884,0.0
1.0,0.0033065736658551025,0.22786084861127348,0.0
1.0,0.006218332565637954,0.42679626316120745,0.0
1.0,0.005066789497927222,0.3481212404578437,0.0
1.0,0.004606172270842929,0.31665123137649825,0.0
1.0,0.0022701849049154435,0.15705332817824613,0.0
0.6666666666667425,0.001677962755807067,0.12308370123272522,1.0
1.0,0.009212344541685858,0.631351322189953,1.0
1.0,0.006613147331710205,0.45377055665950355,1.0
1.0,0.0030927156675659667,0.21324977296636308,1.0
1.0,0.0024346910574455484,0.16829261713586952,1.0
1.0,0.007147792327433045,0.4902982457717796,0.0
1.0,0.0056787523853392115,0.3899313953802027,0.0
1.0,0.011423307231690464,0.7824073657804114,0.0
1.0,0.00800486938211489,0.5488549412409974,0.0
1.0,0.0073698756333486866,0.5054712858645711,0.0
1.0,0.007040863328288478,0.48299270794932436,0.0
1.0,0.009584128446403894,0.6567521152341819,1.0
1.0,0.006323616503257221,0.4339894080940864,1.0
1.0,0.006711851023228268,0.4605141300340776,1.0
1.0,0.00479699940777785,0.3296888065673414,1.0
1.0,0.006382838718168059,0.43803555211883083,1.0
1.0,0.005395801802987431,0.37059981837309053,1.0
1.0,0.010234585773507929,0.7011922637726248,0.0
1.0,0.005419819701256826,0.3722407545609035,0.0
1.0,0.004013950121734553,0.27618979112905406,0.0
1.0,0.00248404290320458,0.17166440382315654,0.0
1.0,0.00046061722708429296,0.03670526987780645,0.0
1.0,0.003355925511614134,0.2312326352985605,0.0
1.0,0.0017766664473251297,0.12333546130537598,0.0
1.0,0.004211357504770678,0.28967693787820215,1.0
1.0,0.0038823451997104692,0.2671983599629554,1.0
1.0,0.0054369283411199575,0.3734096406124964,0.0
1.0,0.0035451075870237543,0.24415781759982738,0.0
1.0,0.005231295650457326,0.3593605294154671,0.0
1.0,0.004155425412910443,0.28585557963261016,0.0
1.0,0.007205369480818582,0.49423199690694775,0.0
1.0,0.005560307955517536,0.3818391073307139,0.0
1.0,0.0073698756333486866,0.5054712858645711,0.0
1.0,0.0038987958149634796,0.2683222888587177,0.0
1.0,0.007945647167204053,0.544808797216253,0.0
1.0,0.005468184510100677,0.3755451055144448,0.0
1.0,0.005560307955517536,0.3818391073307139,0.0
1.0,0.004573271040336909,0.31440337358497356,0.0
1.0,0.004695005593209185,0.3227204474136149,0.0
1.0,0.003934987168520102,0.27079493242939484,0.0
1.0,0.004573271040336909,0.31440337358497356,0.0
1.0,0.0035862341251562805,0.24696763983923323,0.0
1.0,0.006382838718168059,0.43803555211883083,0.0
1.0,0.004737777192867013,0.32564266254259694,0.0
1.0,0.005066789497927222,0.3481212404578437,0.0
1.0,0.003750740277686385,0.25820692879685664,0.0
1.0,0.005889320260577745,0.4043176852459607,1.0
1.0,0.0037589655853128906,0.2587688932447378,1.0
1.0,0.008860301375271435,0.607299243820639,1.0
1.0,0.005823517799565703,0.3998219696629113,1.0
1.0,0.005395801802987431,0.37059981837309053,1.0
1.0,0.00391524643021649,0.26944621775448,1.0
1.0,0.005313548726722379,0.36498017389427884,0.0
1.0,0.0033065736658551025,0.22786084861127348,0.0
1.0,0.008027900243469105,0.5504284416950647,0.0
1.0,0.006382838718168059,0.43803555211883083,0.0
1.0,0.004244258735276699,0.2919247956697268,0.5
1.0,0.04915443837599526,0.9411825530269654,0.0
1.0,0.006909258406264393,0.4740012767832257,1.0
1.0,0.0058564190300717245,0.402069827454436,1.0
1.0,0.00572481410804764,0.3930783962883373,1.0
1.0,0.005231295650457326,0.3593605294154671,1.0
1.0,0.0059189313680331635,0.40634075725833285,0.0
1.0,0.00405672172139238,0.2791120062580361,0.0
1.0,0.004573271040336909,0.31440337358497356,0.0
1.0,0.003750740277686385,0.25820692879685664,0.0
1.0,0.004535928143712575,0.3118520549915931,0.0
1.0,0.0035892610383628345,0.24717444275605352,0.0
1.0,0.004079752582746595,0.2806855067121034,0.0
1.0,0.0027637033625057573,0.1907711950511163,0.0
1.0,0.005494505494505494,0.3773433917476645,1.0
1.0,0.004145555043758636,0.28518122229515275,1.0
1.0,0.006647660722511021,0.45612855948281295,0.0
1.0,0.004030400736987563,0.2773137200248164,0.0
1.0,0.005718891886556557,0.3926737818858628,0.0
1.0,0.004535763637560045,0.31184081570263544,0.0
1.0,0.005313548726722379,0.36498017389427884,0.0
1.0,0.0033065736658551025,0.22786084861127348,0.0
1.0,0.008860301375271435,0.607299243820639,1.0
1.0,0.005839968414818713,0.40094589855867363,1.0
1.0,0.0047246167006646045,0.3247435194259871,0.0
1.0,0.0031585181285780084,0.21774548854941242,0.0
1.0,0.004573271040336909,0.31440337358497356,0.0
1.0,0.0030927156675659667,0.21324977296636308,0.0
1.0,0.00605382641310785,0.41555697420358406,1.0
1.0,0.0029282095150358622,0.2020104840087397,1.0
1.0,0.004856221622688688,0.3337349505920858,0.0
1.0,0.003316444035006909,0.22853520594873086,0.0
1.0,0.0027637033625057573,0.20555760360376563,0.0
1.0,0.0022701849049154435,0.1693738367335929,0.0
1.0,0.004013950121734553,0.27618979112905406,0.0
1.0,0.002599197209975653,0.17953190609349293,0.0
1.0,0.004770678423373034,0.32789052033412164,0.0
1.0,0.004408764887806804,0.30316408462735017,0.0
1.0,0.008860301375271435,0.607299243820639,1.0
1.0,0.005839968414818713,0.40094589855867363,1.0
1.0,0.007040863328288478,0.48299270794932436,0.0
1.0,0.005395801802987431,0.37059981837309053,0.0
1.0,0.004244258735276699,0.2919247956697268,0.0
1.0,0.003273672435349082,0.2256129908197488,0.0
1.0,0.0030927156675659667,0.21324977296636308,1.0
1.0,0.0024346910574455484,0.16829261713586952,1.0
1.0,3.290123050602093e-05,0.004198998354568096,0.0
1.0,0.0011186418372047115,0.08494879379950908,0.5
1.0,0.005066789497927222,0.3481212404578437,1.0
1.0,0.004573271040336909,0.31440337358497356,1.0
1.0,0.004869382114891097,0.3346340937086957,0.0
1.0,0.0045074685793248664,0.3099076580019242,0.0
1.0,0.0019411725998552346,0.1660222807664296,0.0
1.0,0.0011844442982167531,0.10319240763552336,0.0
1.0,0.00605382641310785,0.41555697420358406,0.0
1.0,0.003750740277686385,0.25820692879685664,0.0
1.0,0.002105678752385339,0.17968026470773354,0.0
1.0,0.0011844442982167531,0.10319240763552336,0.0
1.0,0.0027637033625057573,0.23431444833074083,0.0
1.0,0.0017766664473251297,0.15236429682512567,0.0
1.0,0.004737777192867013,0.32564266254259694,0.0
1.0,0.0034546292031321967,0.23797620867313451,0.0
1.0,0.008521418701059418,0.5841463085679348,0.0
1.0,0.0075343817858787914,0.5167105748221945,0.0
1.0,0.0034875304336382178,0.2606638373629931,0.5
0.6666666666667425,0.002105678752385339,0.15378494294936926,1.0
1.0,0.005066789497927222,0.3481212404578437,1.0
1.0,0.004079752582746595,0.2806855067121034,1.0
1.0,0.0022701849049154435,0.15705332817824613,1.0
1.0,0.0017898269395275382,0.12423460442198586,1.0
1.0,0.002599197209975653,0.17953190609349293,1.0
1.0,0.0022701849049154435,0.15705332817824613,1.0
1.0,0.008093702704481147,0.5549241572781141,0.0
1.0,0.004046851352240573,0.27843764892057876,0.0
1.0,0.002852536684872014,0.19684041108823294,1.0
1.0,0.0018358886622359674,0.1273816053301204,1.0
0.6666666666667425,0.005198394419951306,0.375790122013721,1.0
1.0,0.0016450615253010461,0.12354451207998779,1.0
1.0,0.0025498453642166215,0.1761601194062059,1.0
1.0,0.0015299072185299728,0.1064765278689409,1.0
1.0,0.006416924392972296,0.4403643327908504,0.0
1.0,0.004212147134302823,0.28973088646519873,0.0
1.0,0.005231295650457326,0.3593605294154671,1.0
1.0,0.004408764887806804,0.30316408462735017,1.0
1.0,0.0018424689083371719,0.12783117688842535,1.0
1.0,0.001710863986313088,0.11883974572232664,1.0
1.0,0.0054616042639994734,0.37509553395613987,0.0
1.0,0.0035862341251562805,0.24696763983923323,0.0
1.0,0.00391524643021649,0.26944621775448,0.0
1.0,0.0027637033625057573,0.1907711950511163,0.0
1.0,0.005191814173850101,0.3566631000656375,0.0
1.0,0.0039481476607225105,0.2716940755460047,0.0
1.0,0.007600184246890833,0.5212062904052439,1.0
1.0,0.004573271040336909,0.31440337358497356,1.0
1.0,0.0027637033625057573,0.1907711950511163,1.0
1.0,0.0027637033625057573,0.1907711950511163,1.0
1.0,0.004392314272553793,0.3020401557315878,0.0
1.0,0.0034019872343225635,0.23437963620669502,0.0
1.0,0.008291110087517272,0.5684113040272621,0.0
1.0,0.00605382641310785,0.41555697420358406,0.0
1.0,0.004573271040336909,0.31440337358497356,0.0
1.0,0.003750740277686385,0.25820692879685664,0.0
1.0,0.006567085609001776,0.45062355575136903,0.0
1.0,0.003280252681450286,0.22606256237805372,0.0
1.0,0.008093702704481147,0.5549241572781141,0.0
1.0,0.004046851352240573,0.27843764892057876,0.0
1.0,0.007690596828321378,0.5273834036163537,0.0
1.0,0.00506126209120221,0.3477436003488676,0.0
1.0,0.0059320918602355725,0.40723990037494273,1.0
1.0,0.003174968743831019,0.21886941744517477,1.0
1.0,0.005231295650457326,0.3593605294154671,0.0
1.0,0.004155425412910443,0.28585557963261016,0.0
1.0,0.00605382641310785,0.41555697420358406,0.0
1.0,0.0039481476607225105,0.2716940755460047,0.0
1.0,0.004706192011581233,0.3234847190627333,1.0
1.0,0.0035500427715996576,0.24449499626855606,1.0
1.0,0.004856221622688688,0.3337349505920858,1.0
1.0,0.003316444035006909,0.22853520594873086,1.0
1.0,0.005481345002303086,0.3764442486310547,1.0
1.0,0.003352635388563532,0.23100784951940803,1.0
1.0,0.005730736329538725,0.3934830106908117,0.0
1.0,0.0032907810752122128,0.22678187687134163,0.0
1.0,0.012176087385668223,0.833838352050496,1.0
1.0,0.006814502862407054,0.4675274463436346,1.0
1.0,0.004856221622688688,0.3337349505920858,0.0
1.0,0.003109166282818977,0.2143737018621254,0.0
1.0,0.006596696716457195,0.4526466277637412,1.0
1.0,0.003803382246496019,0.2618035012632961,1.0
1.0,0.008356912548529315,0.5729070196103114,0.0
1.0,0.007205369480818582,0.49423199690694775,0.0
1.0,0.006201881950384944,0.4256723342654451,0.0
1.0,0.003602684740409291,0.24809156873499558,0.0
1.0,0.005395801802987431,0.37059981837309053,1.0
1.0,0.0027637033625057573,0.1907711950511163,1.0
1.0,0.0029282095150358622,0.2020104840087397,1.0
1.0,0.002105678752385339,0.14581403922062275,1.0
1.0,0.008850431006119628,0.6066248864831816,0.0
1.0,0.005066789497927222,0.3481212404578437,0.0
1.0,0.003616963874448904,0.24906713901651725,1.0
1.0,0.002489504507468579,0.17203754821654965,1.0
1.0,0.005560307955517536,0.3818391073307139,0.0
1.0,0.003750740277686385,0.25820692879685664,0.0
1.0,0.004737777192867013,0.32564266254259694,1.0
1.0,0.003750740277686385,0.25820692879685664,1.0
1.0,0.006382838718168059,0.43803555211883083,0.0
1.0,0.005560307955517536,0.3818391073307139,0.0
1.0,0.0065802461012041845,0.45152269886797886,0.0
1.0,0.004079752582746595,0.2806855067121034,0.0
1.0,0.0043429624267947615,0.29866836904430083,1.0
1.0,0.0028295058235177995,0.19526691063416565,1.0
1.0,0.0019411725998552346,0.13457475026299937,0.0
1.0,0.0013818516812528787,0.09636116780707986,0.0
1.0,0.003421727972626176,0.23572835088160984,1.0
1.0,0.0022701849049154435,0.15705332817824613,1.0
1.0,0.004079752582746595,0.2806855067121034,0.0
1.0,0.0026649996709876946,0.18402762167654227,0.0
1.0,0.005066789497927222,0.3481212404578437,0.0
1.0,0.0034875304336382178,0.24022406646465919,0.0
1.0,0.005149042574192274,0.3537408849366554,0.0
1.0,0.004079752582746595,0.2806855067121034,0.0
1.0,0.009656511153517141,0.6616974023755362,0.0
1.0,0.007866684213989603,0.5394139385165938,0.0
1.0,0.004573271040336909,0.31440337358497356,0.0
1.0,0.0030927156675659667,0.21324977296636308,0.0
1.0,0.004642363624399552,0.31912387494717537,0.0
1.0,0.002786734223859972,0.19234469550518357,0.0
1.0,0.0035895242482068828,0.2471924256183857,0.0
1.0,0.0022339935513588207,0.154580684607569,0.0
1.0,0.005343159834177798,0.367003245906651,0.0
1.0,0.0032638020661972756,0.2249386334822914,0.0
1.0,0.006711851023228268,0.4605141300340776,0.0
1.0,0.005066789497927222,0.3481212404578437,0.0
1.0,0.004573271040336909,0.31440337358497356,0.0
1.0,0.0030927156675659667,0.21324977296636308,0.0
1.0,0.007113246035401723,0.48793799509067864,0.0
1.0,0.00427715996578272,0.2941726534612515,0.0
1.0,0.0030927156675659667,0.21324977296636308,0.0
1.0,0.002599197209975653,0.17953190609349293,0.0
1.0,0.002105678752385339,0.17968026470773354,1.0
1.0,0.0013654010659998684,0.1182170891140743,1.0
1.0,0.006382838718168059,0.43803555211883083,0.0
1.0,0.004573271040336909,0.31440337358497356,0.0
1.0,0.004408764887806804,0.30316408462735017,0.0
1.0,0.0029282095150358622,0.2020104840087397,0.0
1.0,0.005889320260577745,0.4043176852459607,1.0
1.0,0.0037589655853128906,0.2587688932447378,1.0
1.0,0.004079752582746595,0.2806855067121034,1.0
1.0,0.006547344870698164,0.4492748410764542,0.0
1.0,0.004408764887806804,0.30316408462735017,0.0
1.0,0.009584128446403894,0.6567521152341819,1.0
1.0,0.006323616503257221,0.4339894080940864,1.0
1.0,0.004451141672698559,0.306059325462834,0.0
1.0,0.0029016253207869974,0.20019421491318776,0.0
1.0,0.0058564190300717245,0.402069827454436,1.0
1.0,0.0045074685793248664,0.3099076580019242,1.0
1.0,0.002105678752385339,0.14581403922062275,0.0
1.0,0.0016121602947950253,0.1120961723477526,0.0
1.0,0.008860301375271435,0.607299243820639,1.0
1.0,0.005839968414818713,0.40094589855867363,1.0
1.0,0.0022701849049154435,0.15705332817824613,1.0
1.0,0.0019411725998552346,0.13457475026299937,1.0
1.0,0.005066789497927222,0.3481212404578437,0.0
1.0,0.00463907350134895,0.31889908916802295,0.0
1.0,0.004706192011581233,0.3234847190627333,1.0
1.0,0.0035500427715996576,0.24449499626855606,1.0
1.0,0.0030927156675659667,0.15709828533407663,1.0
1.0,0.005730736329538725,0.3934830106908117,0.0
1.0,0.0032907810752122128,0.22678187687134163,0.0
1.0,0.045864315325393167,0.026727029141228414,1.0
1.0,0.002105678752385339,0.14581403922062275,0.0
1.0,0.0024346910574455484,0.16829261713586952,0.5
1.0,0.04915443837599526,0.02946042421572242,0.5
1.0,0.008027900243469105,0.5504284416950647,0.0
1.0,0.004737777192867013,0.32564266254259694,0.0
1.0,0.004392314272553793,0.3020401557315878,0.0
1.0,0.0034019872343225635,0.23437963620669502,0.0
1.0,0.003257221820096071,0.22448906192398646,0.0
1.0,0.002105678752385339,0.14581403922062275,0.0
1.0,0.0067419227479107715,0.46256867205553115,1.0
1.0,0.0036422978219385403,0.2507979895159913,1.0
1.0,0.004737777192867013,0.32564266254259694,0.0
1.0,0.0030927156675659667,0.21324977296636308,0.0
1.0,0.004606172270842929,0.31665123137649825,0.0
1.0,0.0022701849049154435,0.15705332817824613,0.0
1.0,0.0022701849049154435,0.15705332817824613,1.0
1.0,0.0017766664473251297,0.12333546130537598,1.0
1.0,0.00591235112193196,0.4058911857000279,0.0
1.0,0.005231295650457326,0.3593605294154671,0.0
1.0,0.005066789497927222,0.3481212404578437,1.0
1.0,0.004079752582746595,0.2806855067121034,1.0
1.0,0.005362900572481411,0.36835196058156583,0.0
1.0,0.0034414687109297886,0.23707706555652466,0.0
1.0,0.006152530104625913,0.4223005475781581,1.0
1.0,0.0043051260117128376,0.29608333258404745,1.0
1.0,0.004392314272553793,0.3020401557315878,0.0
1.0,0.0034019872343225635,0.23437963620669502,0.0
1.0,0.008883332236625649,0.6088727442747063,1.0
1.0,0.005675462262288609,0.38970660960105025,1.0
1.0,0.0016121602947950253,0.12113256066968181,0.0
1.0,0.001283147989734816,0.09701079870883049,0.0
1.0,0.002105678752385339,0.157314079682063,1.0
1.0,0.001283147989734816,0.09701079870883049,1.0
1.0,0.005099690728433243,0.4282618664412815,0.0
1.0,0.0025432651181154175,0.21601014233435537,0.0
1.0,0.0035105612949924325,0.29632160550994907,0.0
1.0,0.0025432651181154175,0.21601014233435537,0.0
1.0,0.008093702704481147,0.5549241572781141,0.0
1.0,0.004046851352240573,0.27843764892057876,0.0
0.6666666666667425,0.004079752582746595,0.2806855067121034,1.0
0.33333333333337123,0.004737777192867013,0.32564266254259694,1.0
1.0,0.005191814173850101,0.3566631000656375,0.0
1.0,0.0039481476607225105,0.2716940755460047,0.0
1.0,0.008356912548529315,0.5729070196103114,1.0
1.0,0.003421727972626176,0.23572835088160984,1.0
1.0,0.005395801802987431,0.37059981837309053,1.0
1.0,0.004079752582746595,0.2806855067121034,1.0
1.0,0.007945647167204053,0.544808797216253,0.0
1.0,0.005468184510100677,0.3755451055144448,0.0
1.0,0.007690596828321378,0.5273834036163537,0.0
1.0,0.00506126209120221,0.3477436003488676,0.0
1.0,0.005191814173850101,0.3566631000656375,0.0
1.0,0.0039481476607225105,0.2716940755460047,0.0
1.0,0.0040386260446140685,0.27787568447269756,0.0
1.0,0.0032983483582285974,0.2272988841633923,0.0
1.0,0.008093702704481147,0.5549241572781141,0.0
1.0,0.004046851352240573,0.27843764892057876,0.0
1.0,0.009656511153517141,0.6616974023755362,0.0
1.0,0.007866684213989603,0.5394139385165938,0.0
1.0,0.0049022833453971175,0.3368819515002203,0.0
1.0,0.004408764887806804,0.30316408462735017,0.0
1.0,0.005313548726722379,0.36498017389427884,0.0
1.0,0.0033065736658551025,0.22786084861127348,0.0
1.0,0.006004474567348818,0.412185187516297,1.0
1.0,0.003652036586168322,0.2514633554222826,1.0
1.0,0.008027900243469105,0.5504284416950647,1.0
1.0,0.0043429624267947615,0.29866836904430083,1.0
1.0,0.004079752582746595,0.2806855067121034,1.0
1.0,0.0030927156675659667,0.21324977296636308,1.0
1.0,0.0035862341251562805,0.2658608845769982,0.0
1.0,0.004408764887806804,0.30316408462735017,0.0
1.0,0.003750740277686385,0.25820692879685664,0.0
1.0,0.005066789497927222,0.3481212404578437,0.0
1.0,0.004244258735276699,0.2919247956697268,0.0
1.0,0.003240771204843061,0.2233651330282241,0.0
1.0,0.002105678752385339,0.14581403922062275,0.0
1.0,0.0027637033625057573,0.1907711950511163,0.0
1.0,0.002105678752385339,0.14581403922062275,0.0
1.0,0.004856221622688688,0.3337349505920858,1.0
1.0,0.003316444035006909,0.22853520594873086,1.0
1.0,0.00391524643021649,0.26944621775448,0.0
1.0,0.0027637033625057573,0.1907711950511163,0.0
1.0,0.005889320260577745,0.4043176852459607,1.0
1.0,0.00391524643021649,0.26944621775448,1.0
1.0,0.003981048891228532,0.27394193333752936,1.0
1.0,0.002895308284529841,0.19976262621721502,1.0
1.0,0.006729946700006579,0.46175045181941615,0.0
1.0,0.004846351253536882,0.3330605932546284,0.0
1.0,0.006382838718168059,0.43803555211883083,1.0
1.0,0.004737777192867013,0.32564266254259694,1.0
1.0,0.005116141343686253,0.35149302714513075,1.0
1.0,0.0037342896624333747,0.2570829999010943,1.0
1.0,0.005560307955517536,0.3818391073307139,0.0
1.0,0.004573271040336909,0.31440337358497356,0.0
1.0,0.005560307955517536,0.3818391073307139,0.0
1.0,0.004696650654734486,0.3228328403031911,0.0
1.0,0.003257221820096071,0.22448906192398646,0.0
1.0,0.002599197209975653,0.17953190609349293,0.0
1.0,0.006876357175758373,0.471753418991701,0.0
1.0,0.004616042639994735,0.31732558871395566,0.0
1.0,0.006382838718168059,0.47089473731533854,1.0
1.0,0.0021714812133973808,0.15030975480367212,1.0
1.0,0.0017766664473251297,0.12333546130537598,1.0
1.0,0.004849641376587484,0.33328537903378086,0.0
1.0,0.003839573600052642,0.26427614483397327,0.0
1.0,0.008356912548529315,0.5729070196103114,0.0
1.0,0.005560307955517536,0.3818391073307139,0.0
1.0,0.0059320918602355725,0.40723990037494273,1.0
1.0,0.003879055076659867,0.2669735741838029,1.0
1.0,0.010989010989010988,0.7527356429322857,1.0
1.0,0.004737777192867013,0.32564266254259694,1.0
1.0,0.004849641376587484,0.33328537903378086,0.0
1.0,0.003839573600052642,0.26427614483397327,0.0
1.0,0.008027900243469105,0.5504284416950647,0.0
1.0,0.005560307955517536,0.3818391073307139,0.0
1.0,0.0017766664473251297,0.1331923177212117,0.5
1.0,0.0059189313680331635,0.40634075725833285,0.0
1.0,0.0038066723695466204,0.26202828704244857,0.0
1.0,0.004856221622688688,0.3337349505920858,0.0
1.0,0.003316444035006909,0.22853520594873086,0.0
1.0,0.0014476541422649206,0.10085688339012921,0.5
1.0,0.0030927156675659667,0.21324977296636308,1.0
1.0,0.007945647167204053,0.544808797216253,0.0
1.0,0.005468184510100677,0.3755451055144448,0.0
1.0,0.01000197407383036,0.6852999091865453,1.0
1.0,0.007665986707902875,0.5257020059882932,1.0
1.0,0.00391524643021649,0.26944621775448,0.0
1.0,0.003421727972626176,0.23572835088160984,0.0
1.0,0.004737777192867013,0.32564266254259694,0.0
1.0,0.0030927156675659667,0.21324977296636308,0.0
1.0,0.00470737645587945,0.3235656419432282,0.0
1.0,0.0025125024675922876,0.1736088008128254,0.0
1.0,0.004606172270842929,0.31665123137649825,0.0
1.0,0.0022701849049154435,0.15705332817824613,0.0
1.0,0.004392314272553793,0.3020401557315878,0.0
1.0,0.0034019872343225635,0.23437963620669502,0.0
1.0,0.004392314272553793,0.3020401557315878,0.0
1.0,0.0034019872343225635,0.23437963620669502,0.0
1.0,0.0047246167006646045,0.3247435194259871,0.0
1.0,0.0031585181285780084,0.21774548854941242,0.0
1.0,0.0024346910574455484,0.20699623259034142,0.0
1.0,0.0011186418372047115,0.09773011320211838,0.0
1.0,0.008093702704481147,0.5549241572781141,0.0
1.0,0.004046851352240573,0.27843764892057876,0.0
1.0,0.0029282095150358622,0.2020104840087397,0.0
1.0,0.002615647825228663,0.18065583498925525,0.0
1.0,0.0059189313680331635,0.40634075725833285,0.0
1.0,0.0038066723695466204,0.26202828704244857,0.0
1.0,0.004737777192867013,0.32564266254259694,0.0
1.0,0.0030927156675659667,0.21324977296636308,0.0
1.0,0.004573271040336909,0.31440337358497356,0.0
1.0,0.00391524643021649,0.26944621775448,0.0
1.0,0.004737777192867013,0.32564266254259694,1.0
1.0,0.0030186878989274194,0.20819209293543256,1.0
1.0,0.0064157399486740796,0.44028340991035547,0.0
1.0,0.003816542738698427,0.262702644379906,0.0
1.0,0.008093702704481147,0.5549241572781141,0.0
1.0,0.004046851352240573,0.27843764892057876,0.0
1.0,0.003750740277686385,0.25820692879685664,1.0
1.0,0.0022701849049154435,0.15705332817824613,1.0
1.0,0.003651707573863262,0.2514408768443674,1.0
1.0,0.0025307626505231295,0.1748563618871216,1.0
1.0,0.0059189313680331635,0.40634075725833285,0.0
1.0,0.00405672172139238,0.2791120062580361,0.0
1.0,0.006382838718168059,0.43803555211883083,0.0
1.0,0.00391524643021649,0.26944621775448,0.0
1.0,0.0064157399486740796,0.44028340991035547,0.0
1.0,0.003816542738698427,0.262702644379906,0.0
1.0,0.006530894255445153,0.44815091218069186,0.0
1.0,0.004481147594920049,0.30810937176870445,0.0
1.0,0.0049022833453971175,0.3368819515002203,0.0
1.0,0.004408764887806804,0.30316408462735017,0.0
1.0,0.006577614002763703,0.4513428702446569,0.0
1.0,0.0054484437717970645,0.37419639083953,0.0
1.0,0.003800092123445417,0.2615787154841437,1.0
1.0,0.0023688885964335063,0.16379690155282017,1.0
1.0,0.004869382114891097,0.3346340937086957,0.0
1.0,0.0036191353556623016,0.24921549763075793,0.0
1.0,0.00605382641310785,0.41555697420358406,0.0
1.0,0.00427715996578272,0.2941726534612515,0.0
1.0,0.0019411725998552346,0.1660222807664296,1.0
1.0,0.0009886819767059287,0.08694039580279994,1.0
1.0,0.00572481410804764,0.3930783962883373,0.0
1.0,0.003421727972626176,0.23572835088160984,0.0
1.0,0.008860301375271435,0.607299243820639,1.0
1.0,0.005823517799565703,0.3998219696629113,1.0
1.0,0.005395801802987431,0.37059981837309053,0.0
1.0,0.004408764887806804,0.30316408462735017,0.0
1.0,0.004869382114891097,0.3346340937086957,0.0
1.0,0.0036191353556623016,0.24921549763075793,0.0
1.0,0.005066789497927222,0.3481212404578437,1.0
1.0,0.004079752582746595,0.2806855067121034,1.0
1.0,0.006382838718168059,0.43803555211883083,0.0
1.0,0.003750740277686385,0.25820692879685664,0.0
1.0,0.005560307955517536,0.3818391073307139,1.0
1.0,0.005066789497927222,0.3481212404578437,1.0
1.0,0.003257221820096071,0.27528840015465267,0.0
1.0,0.002599197209975653,0.22065421653164535,0.0
1.0,0.004856221622688688,0.3337349505920858,0.0
1.0,0.003316444035006909,0.22853520594873086,0.0
1.0,0.002599197209975653,0.17953190609349293,1.0
1.0,0.0022701849049154435,0.15705332817824613,1.0
1.0,0.007205369480818582,0.49423199690694775,0.0
1.0,0.004948345068105547,0.3400289524083549,0.0
1.0,0.004737777192867013,0.32564266254259694,0.0
1.0,0.003750740277686385,0.25820692879685664,0.0
1.0,0.005191814173850101,0.3566631000656375,0.0
1.0,0.0039481476607225105,0.2716940755460047,0.0
1.0,0.004573271040336909,0.31440337358497356,1.0
1.0,0.0027637033625057573,0.1907711950511163,1.0
1.0,0.006530894255445153,0.44815091218069186,0.0
1.0,0.004481147594920049,0.30810937176870445,0.0
1.0,0.0029282095150358622,0.2020104840087397,0.0
1.0,0.002615647825228663,0.18065583498925525,0.0
1.0,0.005313548726722379,0.36498017389427884,0.0
1.0,0.0033065736658551025,0.22786084861127348,0.0
1.0,0.005191814173850101,0.3566631000656375,0.0
1.0,0.0039481476607225105,0.2716940755460047,0.0
1.0,0.0049022833453971175,0.3368819515002203,0.0
1.0,0.004408764887806804,0.30316408462735017,0.0
1.0,0.008027900243469105,0.5504284416950647,0.0
1.0,0.006382838718168059,0.43803555211883083,0.0
1.0,0.008356912548529315,0.5729070196103114,0.0
1.0,0.005922221491083766,0.4065655430374853,0.0
1.0,0.005066789497927222,0.3481212404578437,1.0
1.0,0.004079752582746595,0.2806855067121034,1.0
1.0,0.006382838718168059,0.43803555211883083,0.0
1.0,0.004737777192867013,0.32564266254259694,0.0
1.0,0.001283147989734816,0.09701079870883049,0.0
1.0,0.0009870369151806276,0.07530098815828516,0.0
1.0,0.004737777192867013,0.32564266254259694,0.0
1.0,0.003750740277686385,0.25820692879685664,0.0
1.0,0.0007896295321445021,0.05589972755963567,0.5
1.0,0.005889320260577745,0.4043176852459607,0.0
1.0,0.00391524643021649,0.26944621775448,0.0
0.6666666666667425,0.0009317628479305125,0.06561047321902228,1.0
0.6666666666667425,0.0013818516812528787,0.009344344839368083,1.0
1.0,0.002105678752385339,0.157314079682063,1.0
0.6666666666667425,0.0032901230506020922,0.22673691971551113,0.0
1.0,0.005560307955517536,0.3818391073307139,1.0
1.0,0.004079752582746595,0.2806855067121034,1.0
1.0,0.003816542738698427,0.262702644379906,1.0
1.0,0.002888728038428637,0.19931305465891008,1.0
1.0,0.004737777192867013,0.32564266254259694,1.0
1.0,0.0027637033625057573,0.1907711950511163,1.0
1.0,0.005231295650457326,0.3593605294154671,1.0
1.0,0.0034875304336382178,0.24022406646465919,1.0
1.0,0.007040863328288478,0.48299270794932436,0.0
1.0,0.0020069750608672763,0.15007822545114508,1.0
1.0,0.0017766664473251297,0.1331923177212117,0.0
1.0,0.006530894255445153,0.44815091218069186,0.0
1.0,0.004481147594920049,0.30810937176870445,0.0
1.0,0.04257419227479107,0.023993634066734406,1.0
1.0,0.006382838718168059,0.43803555211883083,0.0
1.0,0.005560307955517536,0.3818391073307139,0.0
1.0,0.0059189313680331635,0.40634075725833285,0.0
1.0,0.00405672172139238,0.2791120062580361,0.0
1.0,0.0059189313680331635,0.40634075725833285,0.0
1.0,0.0038066723695466204,0.26202828704244857,0.0
1.0,0.006530894255445153,0.44815091218069186,0.0
1.0,0.004481147594920049,0.30810937176870445,0.0
1.0,0.0011186418372047115,0.07837830547488243,0.5
1.0,0.032703823122984796,0.05467014934767167,0.5
1.0,0.005730736329538725,0.3934830106908117,0.0
1.0,0.0032907810752122128,0.22678187687134163,0.0
1.0,0.00427715996578272,0.2941726534612515,1.0
1.0,0.0032243205895900505,0.2222412041324618,1.0
1.0,0.00391524643021649,0.26944621775448,0.0
1.0,0.003421727972626176,0.23572835088160984,0.0
1.0,0.004849641376587484,0.33328537903378086,0.0
1.0,0.003839573600052642,0.26427614483397327,0.0
1.0,0.01000197407383036,0.6852999091865453,1.0
1.0,0.007665986707902875,0.5257020059882932,1.0
1.0,0.004816082121471343,0.3309925640864257,0.0
1.0,0.0038133842205698492,0.2624868500319196,0.0
1.0,0.0059189313680331635,0.40634075725833285,0.0
1.0,0.00405672172139238,0.2791120062580361,0.0
1.0,0.007945647167204053,0.544808797216253,0.0
1.0,0.005468184510100677,0.3755451055144448,0.0
1.0,0.005343159834177798,0.367003245906651,0.0
1.0,0.0032638020661972756,0.2249386334822914,0.0
1.0,0.004023162466276238,0.27681919131068095,0.0
1.0,0.003319734158057511,0.22875999172788333,0.0
0.6666666666667425,0.006119628874119891,0.4200526897866334,1.0
1.0,0.004408764887806804,0.30316408462735017,0.0
1.0,0.0030927156675659667,0.21324977296636308,0.0
1.0,0.0030927156675659667,0.22967936556461693,1.0
1.0,0.0024346910574455484,0.18143584164291432,1.0
1.0,0.008850431006119628,0.6066248864831816,0.0
1.0,0.005527406725011515,0.3795912495391892,0.0
1.0,0.004392314272553793,0.3020401557315878,0.0
1.0,0.0034019872343225635,0.23437963620669502,0.0
1.0,0.004392314272553793,0.3020401557315878,0.0
1.0,0.0034019872343225635,0.23437963620669502,0.0
1.0,0.005412252418240442,0.3717237472688528,1.0
1.0,0.002599197209975653,0.17953190609349293,1.0
1.0,0.0017775547805487925,0.15243622827445447,0.0
1.0,0.0012744949661117324,0.11066878265013443,0.0
1.0,0.004142232019477528,0.3487686235018028,0.0
1.0,0.003253635585970915,0.27499168292617143,0.0
1.0,0.0024346910574455484,0.16829261713586952,0.0
1.0,0.0019411725998552346,0.13457475026299937,0.0
1.0,0.003906692110284924,0.2688617747286836,0.0
1.0,0.0019572284003421727,0.13567170486526342,0.0
1.0,0.0021780614594985852,0.15075932636197706,0.0
1.0,0.001940514575245114,0.13452979310716887,0.0
1.0,0.004856221622688688,0.3337349505920858,0.0
1.0,0.003316444035006909,0.22853520594873086,0.0
1.0,0.00572399157728499,0.39302219984354914,1.0
1.0,0.0026474304138974798,0.1828272656158681,1.0
1.0,0.003750740277686385,0.25820692879685664,0.0
1.0,0.0027637033625057573,0.1907711950511163,0.0
1.0,0.0011844442982167531,0.10319240763552336,0.0
1.0,0.0009541356846746068,0.08407212926081445,0.0
1.0,0.00470737645587945,0.3235656419432282,0.0
1.0,0.0025125024675922876,0.1736088008128254,0.0
1.0,0.005362900572481411,0.36835196058156583,0.0
1.0,0.0034414687109297886,0.23707706555652466,0.0
1.0,0.005560307955517536,0.3818391073307139,0.0
1.0,0.003750740277686385,0.25820692879685664,0.0
1.0,0.0073698756333486866,0.5054712858645711,0.0
1.0,0.00572481410804764,0.3930783962883373,0.0
1.0,0.004856221622688688,0.3337349505920858,0.0
1.0,0.003316444035006909,0.22853520594873086,0.0
1.0,0.004408764887806804,0.30316408462735017,0.0
1.0,0.003750740277686385,0.25820692879685664,0.0
1.0,0.006577614002763703,0.4513428702446569,0.0
1.0,0.0054484437717970645,0.37419639083953,0.0
1.0,0.005231295650457326,0.3593605294154671,1.0
1.0,0.00391524643021649,0.26944621775448,1.0
1.0,0.008521418701059418,0.5841463085679348,0.0
1.0,0.005889320260577745,0.4043176852459607,0.0
1.0,0.004079752582746595,0.2806855067121034,0.0
0.6666666666667425,0.005329999341975389,0.36610410279004113,1.0
1.0,0.0009870369151806276,0.07530098815828516,0.5
1.0,0.0029282095150358622,0.2020104840087397,0.0
1.0,0.002615647825228663,0.18065583498925525,0.0
1.0,0.004642363624399552,0.31912387494717537,0.0
1.0,0.002786734223859972,0.19234469550518357,0.0
1.0,0.005316180825162861,0.3651600025176008,0.0
1.0,0.002697242876883595,0.18623052231223644,0.0
1.0,0.006448641179180101,0.44253126770188017,1.0
1.0,0.004244258735276699,0.2919247956697268,1.0
1.0,0.005191814173850101,0.3566631000656375,0.0
1.0,0.0039481476607225105,0.2716940755460047,0.0
1.0,0.005191814173850101,0.3566631000656375,0.0
1.0,0.0039481476607225105,0.2716940755460047,0.0
1.0,0.0032243205895900505,0.2222412041324618,1.0
1.0,0.0019411725998552346,0.13457475026299937,1.0
1.0,0.0073698756333486866,0.5054712858645711,0.0
1.0,0.004671974731854971,0.3211469469595476,0.0
1.0,0.008653023623083502,0.5931377397340335,1.0
1.0,0.00500098703691518,0.34362552487479436,1.0
1.0,0.006284135026649996,0.4312919787442568,0.0
1.0,0.0032901230506020922,0.22673691971551113,0.0
1.0,0.004737777192867013,0.32564266254259694,1.0
1.0,0.0030927156675659667,0.21324977296636308,1.0
1.0,0.009343949463709943,0.6403427533560517,1.0
1.0,0.006711851023228268,0.4605141300340776,1.0
1.0,0.006119628874119891,0.4200526897866334,0.0
1.0,0.00548792524840429,0.3768938201893596,0.0
1.0,0.009680858064091595,0.6633608171412645,0.0
1.0,0.006388102915049022,0.43839520936547477,0.0
1.0,0.009680858064091595,0.6633608171412645,0.0
1.0,0.006388102915049022,0.43839520936547477,0.0
1.0,0.005560307955517536,0.3818391073307139,0.0
1.0,0.004408764887806804,0.30316408462735017,0.0
1.0,0.005362900572481411,0.36835196058156583,0.0
1.0,0.0030927156675659667,0.21324977296636308,0.0
1.0,0.011976047904191616,0.820171376678026,0.0
1.0,0.007863394090939,0.5391891527374413,0.0
1.0,0.0029282095150358622,0.24797243227204477,1.0
1.0,0.003421727972626176,0.23572835088160984,1.0
1.0,0.0024346910574455484,0.16829261713586952,1.0
1.0,0.0016121602947950253,0.1120961723477526,0.0
1.0,0.0013818516812528787,0.09636116780707986,0.0
1.0,0.0029282095150358622,0.2020104840087397,0.0
1.0,0.002599197209975653,0.17953190609349293,0.0
1.0,0.004326511811541751,0.2975444401485385,1.0
1.0,0.00248404290320458,0.17166440382315654,1.0
1.0,0.010439560439560439,0.7151964178138235,0.0
1.0,0.005879449891425938,0.40364332790850327,0.0
0.33333333333337123,0.0007896295321445021,0.05589972755963567,0.0
1.0,0.005922221491083766,0.4065655430374853,1.0
1.0,0.004839376192669605,0.33258404740282516,1.0
1.0,0.00605382641310785,0.41555697420358406,1.0
1.0,0.005066789497927222,0.3481212404578437,1.0
1.0,0.006382838718168059,0.43803555211883083,1.0
1.0,0.004737777192867013,0.32564266254259694,1.0
1.0,0.00605382641310785,0.41555697420358406,0.0
1.0,0.00583371718102257,0.40051880557828395,0.0
1.0,0.0076988879384088955,0.5279498637798179,1.0
1.0,0.00572481410804764,0.3930783962883373,1.0
1.0,0.006382838718168059,0.43803555211883083,1.0
1.0,0.004737777192867013,0.32564266254259694,1.0
1.0,0.009656511153517141,0.6616974023755362,0.0
1.0,0.007866684213989603,0.5394139385165938,0.0
1.0,0.004540369809830887,0.3121555157934489,1.0
1.0,0.0019740738303612552,0.13682260805452404,1.0
1.0,0.004688425347107982,0.32227087585530995,0.0
1.0,0.003957261301572678,0.27231673215425706,0.0
1.0,0.007304073172336644,0.5009755702815217,0.0
1.0,0.003750740277686385,0.25820692879685664,0.0
1.0,0.00572481410804764,0.3930783962883373,0.0
1.0,0.0027637033625057573,0.1907711950511163,0.0
1.0,0.003964598275975521,0.27281800444176707,0.0
1.0,0.0023688885964335063,0.16379690155282017,0.0
1.0,0.00572481410804764,0.3930783962883373,0.0
1.0,0.005066789497927222,0.3481212404578437,0.0
1.0,0.008751727314601566,0.5998813131086076,0.0
1.0,0.005395801802987431,0.37059981837309053,0.0
1.0,0.0024346910574455484,0.16829261713586952,0.0
1.0,0.0017766664473251297,0.12333546130537598,0.0
1.0,0.008324011318023293,0.5706591618187867,1.0
1.0,0.004606172270842929,0.31665123137649825,1.0
1.0,0.006382838718168059,0.43803555211883083,0.0
1.0,0.005066789497927222,0.3481212404578437,0.0
1.0,0.01000197407383036,0.6852999091865453,1.0
1.0,0.007665986707902875,0.5257020059882932,1.0
1.0,0.004474567348818846,0.3076598002103995,1.0
1.0,0.0029282095150358622,0.2020104840087397,1.0
1.0,0.0049022833453971175,0.3368819515002203,0.0
1.0,0.004392314272553793,0.3020401557315878,0.0
1.0,0.004408764887806804,0.30316408462735017,1.0
1.0,0.003750740277686385,0.25820692879685664,1.0
1.0,0.008324011318023293,0.5706591618187867,1.0
1.0,0.004606172270842929,0.31665123137649825,1.0
1.0,0.0027637033625057573,0.23431444833074083,0.0
1.0,0.0017766664473251297,0.15236429682512567,0.0
1.0,0.0023688885964335063,0.028428657489412593,1.0
1.0,0.003138777390274396,0.03234667362004011,1.0
1.0,0.007945647167204053,0.544808797216253,0.0
1.0,0.005468184510100677,0.3755451055144448,0.0
1.0,0.007205369480818582,0.49423199690694775,0.0
1.0,0.004948345068105547,0.3400289524083549,0.0
1.0,0.004392314272553793,0.3020401557315878,0.0
1.0,0.0034019872343225635,0.23437963620669502,0.0
1.0,0.00391524643021649,0.26944621775448,0.0
1.0,0.0027637033625057573,0.1907711950511163,0.0
1.0,0.0030927156675659667,0.22967936556461693,1.0
1.0,0.002105678752385339,0.157314079682063,1.0
1.0,0.0059189313680331635,0.40634075725833285,0.0
1.0,0.00405672172139238,0.2791120062580361,0.0
1.0,0.004392314272553793,0.3020401557315878,0.0
1.0,0.0034019872343225635,0.23437963620669502,0.0
1.0,0.003750740277686385,0.25820692879685664,1.0
1.0,0.0022701849049154435,0.15705332817824613,1.0
1.0,0.005362900572481411,0.36835196058156583,0.0
1.0,0.0034414687109297886,0.23707706555652466,0.0
1.0,0.0092781470026979,0.6358470377730024,1.0
1.0,0.004408764887806804,0.30316408462735017,1.0
1.0,0.0092781470026979,0.6358470377730024,1.0
1.0,0.004408764887806804,0.30316408462735017,1.0
1.0,0.003750740277686385,0.25820692879685664,0.0
1.0,0.0027637033625057573,0.1907711950511163,0.0
1.0,0.0017766664473251297,0.15236429682512567,0.0
1.0,0.0014476541422649206,0.12504608108472626,0.0
1.0,0.006878002237283674,0.4718658118812772,1.0
1.0,0.004948345068105547,0.3400289524083549,1.0
1.0,0.006317036257156017,0.4335398365357815,1.0
1.0,0.0035533328946502594,0.24471978204770853,1.0
1.0,0.0022701849049154435,0.15705332817824613,1.0
1.0,0.0017766664473251297,0.12333546130537598,1.0
1.0,0.006530894255445153,0.44815091218069186,0.0
1.0,0.004481147594920049,0.30810937176870445,0.0
1.0,0.006688820161874054,0.4589406295800103,1.0
1.0,0.005797196815160887,0.3980236834296916,1.0
1.0,0.004408764887806804,0.30316408462735017,0.0
1.0,0.003750740277686385,0.25820692879685664,0.0
0.6666666666667425,0.002599197209975653,0.17953190609349293,0.0
1.0,0.0011186418372047115,0.09773011320211838,1.0
1.0,0.003750740277686385,0.25820692879685664,1.0
1.0,0.0017766664473251297,0.12333546130537598,1.0
1.0,0.004642363624399552,0.31912387494717537,0.0
1.0,0.002786734223859972,0.19234469550518357,0.0
1.0,0.0073698756333486866,0.5054712858645711,0.0
1.0,0.005395801802987431,0.37059981837309053,0.0
1.0,0.007271171941830624,0.49872771248999714,0.0
1.0,0.003355925511614134,0.2312326352985605,0.0
1.0,0.00572481410804764,0.3930783962883373,1.0
1.0,0.005066789497927222,0.3481212404578437,1.0
1.0,0.00572481410804764,0.3930783962883373,1.0
1.0,0.005066789497927222,0.3481212404578437,1.0
1.0,0.00572481410804764,0.3930783962883373,0.0
1.0,0.004079752582746595,0.2806855067121034,0.0
1.0,0.0015134566032769625,0.11389445858097233,1.0
1.0,0.0013818516812528787,0.10424665293974843,1.0
1.0,0.0017766664473251297,0.12333546130537598,1.0
1.0,0.0014476541422649206,0.10085688339012921,0.5
1.0,0.007261301572678818,0.4980533551525397,0.0
1.0,0.004188326643416463,0.28810343742413486,0.0
1.0,0.008093702704481147,0.5549241572781141,0.0
1.0,0.004046851352240573,0.27843764892057876,0.0
1.0,0.003915213528985983,0.3299180880620769,1.0
1.0,0.026123577021780614,0.010328906552055893,0.0
1.0,0.0024346910574455484,0.16829261713586952,0.0
1.0,0.0015299072185299728,0.1064765278689409,0.0
1.0,0.008027900243469105,0.5504284416950647,1.0
1.0,0.005149042574192274,0.3537408849366554,1.0
1.0,0.002599197209975653,0.17953190609349293,1.0
1.0,0.0022701849049154435,0.15705332817824613,1.0
1.0,0.004856221622688688,0.3337349505920858,0.0
1.0,0.003316444035006909,0.22853520594873086,0.0
1.0,0.005231295650457326,0.3593605294154671,0.0
1.0,0.0038823451997104692,0.2671983599629554,0.0
1.0,0.003616963874448904,0.24906713901651725,1.0
1.0,0.002489504507468579,0.17203754821654965,1.0
1.0,0.005316180825162861,0.3651600025176008,0.0
1.0,0.002697242876883595,0.18623052231223644,0.0
1.0,0.008027900243469105,0.5504284416950647,1.0
1.0,0.0018753701388431925,0.13007903467995002,1.0
1.0,0.008151279857866683,0.5588579084132822,0.0
1.0,0.005369480818582614,0.36880153213987077,0.0
1.0,0.008151279857866683,0.5588579084132822,0.0
1.0,0.005369480818582614,0.36880153213987077,0.0
1.0,0.005395801802987431,0.37059981837309053,0.0
1.0,0.003750740277686385,0.25820692879685664,0.0
1.0,0.003906692110284924,0.2688617747286836,0.0
1.0,0.0019572284003421727,0.13567170486526342,0.0
1.0,0.006829637428439823,0.46856146092773593,1.0
1.0,0.005186056458511548,0.35626972495212067,1.0
1.0,0.00019740738303612552,0.015438287312191483,0.0
0.6666666666667425,0.01214055405672172,0.8314106656356494,1.0
1.0,0.0029282095150358622,0.21761736065529552,1.0
1.0,0.04421925380009212,0.02536033160398141,1.0
1.0,0.007040863328288478,0.48299270794932436,0.0
1.0,0.005395801802987431,0.37059981837309053,0.0
1.0,0.0075343817858787914,0.5167105748221945,0.0
1.0,0.006711851023228268,0.4605141300340776,0.0
1.0,0.00572481410804764,0.3930783962883373,1.0
1.0,0.0035862341251562805,0.24696763983923323,1.0
1.0,0.006382838718168059,0.43803555211883083,1.0
1.0,0.0035862341251562805,0.24696763983923323,1.0
1.0,0.007411002171481213,0.508281108103977,1.0
1.0,0.0043676383496742775,0.3003542623879443,1.0
1.0,0.009156741462130682,0.6275524425222764,0.0
1.0,0.0048394419951306175,0.3325885431184082,0.0
1.0,0.005066789497927222,0.3481212404578437,1.0
1.0,0.0022701849049154435,0.15705332817824613,1.0
1.0,0.00391524643021649,0.26944621775448,0.0
1.0,0.003257221820096071,0.22448906192398646,0.0
1.0,0.0027637033625057573,0.23431444833074083,0.0
1.0,0.002105678752385339,0.17968026470773354,0.0
1.0,0.0016121602947950253,0.1120961723477526,0.0
1.0,0.0013818516812528787,0.09636116780707986,0.0
1.0,0.0030927156675659667,0.21324977296636308,0.5
1.0,0.007234980588274001,0.4962550689193199,0.0
1.0,0.004948345068105547,0.3400289524083549,0.0
1.0,0.008027900243469105,0.5504284416950647,1.0
1.0,0.005149042574192274,0.3537408849366554,1.0
1.0,0.010275054287030334,0.7039571288562001,1.0
1.0,0.006014344936500625,0.4128595448537544,1.0
1.0,0.012469566361781929,0.8538892435508961,0.0
1.0,0.0017766664473251297,0.12333546130537598,0.0
1.0,0.003421727972626176,0.23572835088160984,1.0
1.0,0.0029282095150358622,0.2020104840087397,1.0
1.0,0.004573271040336909,0.31440337358497356,1.0
1.0,0.004244258735276699,0.2919247956697268,1.0
1.0,0.005730736329538725,0.3934830106908117,0.0
1.0,0.0032907810752122128,0.22678187687134163,0.0
1.0,0.0028926432848588534,0.1995805497361015,1.0
1.0,0.0015122063565177336,0.10526718037710063,1.0
1.0,0.007760446140685662,0.5321556057077605,0.0
1.0,0.004205830098045667,0.28929929776922597,0.0
1.0,0.005395801802987431,0.37059981837309053,1.0
1.0,0.0027637033625057573,0.1907711950511163,1.0
1.0,0.0067419227479107715,0.46256867205553115,1.0
1.0,0.0036422978219385403,0.2507979895159913,1.0
1.0,0.006136079489372902,0.42117661868239575,1.0
1.0,0.004408764887806804,0.30316408462735017,1.0
1.0,0.00470737645587945,0.3235656419432282,0.0
1.0,0.0025125024675922876,0.1736088008128254,0.0
1.0,0.0009870369151806276,0.06938687430878374,1.0
1.0,0.005560307955517536,0.3818391073307139,0.0
1.0,0.004696650654734486,0.3228328403031911,0.0
1.0,0.011976047904191616,0.820171376678026,0.0
1.0,0.006382838718168059,0.43803555211883083,0.0
1.0,0.0075343817858787914,0.5167105748221945,1.0
1.0,0.005889320260577745,0.4043176852459607,1.0
1.0,0.0030927156675659667,0.2616304162133487,0.0
1.0,0.0024346910574455484,0.20699623259034142,0.0
1.0,0.006912548529314996,0.47422606256237815,0.0
1.0,0.004435085872211621,0.30496237086056993,0.0
1.0,0.003750740277686385,0.316264599836356,0.0
1.0,0.0030927156675659667,0.2616304162133487,0.0
1.0,0.0014476541422649206,0.10907055576036039,1.0
1.0,0.003421727972626176,0.23572835088160984,0.5
1.0,0.004013950121734553,0.27618979112905406,0.0
1.0,0.00248404290320458,0.17166440382315654,0.0
1.0,0.0016121602947950253,0.1387040650260302,1.0
1.0,0.0015134566032769625,0.13051062337592276,1.0
1.0,0.0014476541422649206,0.12504608108472626,0.0
1.0,0.001283147989734816,0.11138809714342232,0.0
1.0,0.009146542080673817,0.6268556066069036,1.0
1.0,0.007567283016384812,0.5189584326137192,1.0
1.0,0.007965387905507664,0.5461575118911678,0.0
1.0,0.004602882147792327,0.3164264455973458,0.0
1.0,0.004930249391327236,0.33879263062301634,0.0
1.0,0.0031764163979732837,0.21896832318800186,0.0
1.0,0.004784167927880502,0.3288121420286468,1.0
1.0,0.003598078568138448,0.2477768686441821,1.0
1.0,0.0018424689083371719,0.13801622054182366,1.0
1.0,0.0016121602947950253,0.12113256066968181,1.0
1.0,0.005395801802987431,0.27098824819946593,0.5
1.0,0.0030927156675659667,0.21324977296636308,0.5
1.0,0.03434888464828584,0.01716239423829091,0.5
1.0,0.008027900243469105,0.5504284416950647,0.0
1.0,0.005149042574192274,0.3537408849366554,0.0
1.0,0.005889320260577745,0.4043176852459607,0.0
1.0,0.0037589655853128906,0.2587688932447378,0.0
1.0,0.0006251233796143975,0.048767274787127876,1.0
0.6666666666667425,0.00572481410804764,0.3930783962883373,1.0
1.0,0.002599197209975653,0.17953190609349293,0.0
1.0,0.002105678752385339,0.14581403922062275,0.0
1.0,0.004244258735276699,0.2919247956697268,1.0
1.0,0.0030927156675659667,0.21324977296636308,1.0
1.0,0.0049022833453971175,0.3368819515002203,0.0
1.0,0.004408764887806804,0.30316408462735017,0.0
1.0,0.006530894255445153,0.44815091218069186,0.0
1.0,0.004481147594920049,0.30810937176870445,0.0
1.0,0.007261301572678818,0.4980533551525397,0.0
1.0,0.004188326643416463,0.28810343742413486,0.0
1.0,0.007205369480818582,0.49423199690694775,1.0
1.0,0.004948345068105547,0.3400289524083549,1.0
1.0,0.005191814173850101,0.3566631000656375,0.0
1.0,0.0039481476607225105,0.2716940755460047,0.0
1.0,0.005191814173850101,0.3566631000656375,0.0
1.0,0.0039481476607225105,0.2716940755460047,0.0
1.0,0.007040863328288478,0.48299270794932436,0.0
1.0,0.004737777192867013,0.32564266254259694,0.0
1.0,0.004573271040336909,0.31440337358497356,0.0
1.0,0.0035862341251562805,0.24696763983923323,0.0
1.0,0.006530894255445153,0.44815091218069186,0.0
1.0,0.004372573534250181,0.30069144105667306,0.0
1.0,0.005149042574192274,0.3537408849366554,0.0
1.0,0.004079752582746595,0.2806855067121034,0.0
1.0,0.004737777192867013,0.32564266254259694,1.0
1.0,0.0033230242811081133,0.2289847775070358,1.0
1.0,0.005560307955517536,0.3818391073307139,0.0
1.0,0.003421727972626176,0.23572835088160984,0.0
1.0,0.007261301572678818,0.4980533551525397,0.0
1.0,0.004188326643416463,0.28810343742413486,0.0
1.0,0.008093702704481147,0.5549241572781141,0.0
1.0,0.004046851352240573,0.27843764892057876,0.0
1.0,0.004737777192867013,0.32564266254259694,0.0
1.0,0.00391524643021649,0.26944621775448,0.0
1.0,0.008093702704481147,0.5549241572781141,0.0
1.0,0.004046851352240573,0.27843764892057876,0.0
1.0,0.007205369480818582,0.49423199690694775,0.0
1.0,0.004948345068105547,0.3400289524083549,0.0
0.6666666666667425,0.0005593209186023557,0.04016472301896293,1.0
1.0,0.003421727972626176,0.23572835088160984,1.0
1.0,0.008521418701059418,0.5841463085679348,1.0
1.0,0.005815292491939198,0.39926000521503013,1.0
1.0,0.004079752582746595,0.2806855067121034,0.0
1.0,0.0030927156675659667,0.21324977296636308,0.0
1.0,0.004856221622688688,0.3337349505920858,0.0
1.0,0.003316444035006909,0.22853520594873086,0.0
1.0,0.004326511811541751,0.2975444401485385,0.0
1.0,0.00248404290320458,0.17166440382315654,0.0
1.0,0.010136869118905047,0.6945161261317965,0.0
1.0,0.006244653550042771,0.42859454939442715,0.0
1.0,0.006547344870698164,0.4492748410764542,0.0
1.0,0.00572481410804764,0.3930783962883373,0.0
1.0,0.005231295650457326,0.3593605294154671,1.0
1.0,0.004540369809830887,0.3121555157934489,1.0
1.0,0.005066789497927222,0.3481212404578437,0.0
1.0,0.0030927156675659667,0.21324977296636308,0.0
1.0,0.006382838718168059,0.43803555211883083,0.0
1.0,0.004573271040336909,0.31440337358497356,0.0
1.0,0.004737777192867013,0.32564266254259694,0.0
1.0,0.0030927156675659667,0.21324977296636308,0.0
1.0,0.006349937487662038,0.43578769432730613,0.0
1.0,0.0034875304336382178,0.24022406646465919,0.0
1.0,0.003257221820096071,0.22448906192398646,0.0
1.0,0.002105678752385339,0.14581403922062275,0.0
1.0,0.004079752582746595,0.2806855067121034,1.0
1.0,0.005730736329538725,0.3934830106908117,0.0
1.0,0.0032907810752122128,0.22678187687134163,0.0
1.0,0.005066789497927222,0.3481212404578437,0.0
1.0,0.004244258735276699,0.2919247956697268,0.0
1.0,0.005823517799565703,0.3998219696629113,0.0
1.0,0.004211357504770678,0.28967693787820215,0.0
1.0,0.007040863328288478,0.48299270794932436,0.0
1.0,0.004737777192867013,0.32564266254259694,0.0
1.0,0.011318023294071198,0.7752142208475324,0.0
1.0,0.008439165624794366,0.5785266640891231,0.0
1.0,0.003816542738698427,0.262702644379906,0.0
1.0,0.002895308284529841,0.19976262621721502,0.0
1.0,0.008883332236625649,0.6088727442747063,0.0
1.0,0.0058564190300717245,0.402069827454436,0.0
1.0,0.01000197407383036,0.6852999091865453,1.0
1.0,0.007665986707902875,0.5257020059882932,1.0
1.0,0.007205369480818582,0.49423199690694775,1.0
1.0,0.004948345068105547,0.3400289524083549,1.0
1.0,0.00572481410804764,0.3930783962883373,1.0
1.0,0.004737777192867013,0.32564266254259694,1.0
1.0,0.007304073172336644,0.5009755702815217,0.0
1.0,0.004803579653879055,0.33013837812564634,0.0
1.0,0.006693755346449956,0.45927780824873904,1.0
1.0,0.005023261169967756,0.3451473245996566,1.0
1.0,0.005560307955517536,0.3818391073307139,0.0
1.0,0.004573271040336909,0.31440337358497356,0.0
1.0,0.0076988879384088955,0.5279498637798179,0.0
1.0,0.005395801802987431,0.37059981837309053,0.0
1.0,0.0031979996051852335,0.22044291789924203,0.0
1.0,0.0018161479239323548,0.1260328906552056,0.0
0.6666666666667425,0.0049022833453971175,0.3368819515002203,1.0
0.33333333333337123,0.0027637033625057573,0.13900303011230297,0.5
1.0,0.0017437652168191089,0.13078036631090573,0.5
1.0,0.007600184246890833,0.5212062904052439,1.0
1.0,0.004573271040336909,0.31440337358497356,1.0
1.0,0.0076988879384088955,0.5279498637798179,1.0
1.0,0.004375863657300783,0.30091622683582553,1.0
1.0,0.005543857340264525,0.38071517843495156,0.0
1.0,0.003520431664144239,0.24247192425618389,0.0
1.0,0.004079752582746595,0.2806855067121034,1.0
1.0,0.0026649996709876946,0.18402762167654227,1.0
1.0,0.005066789497927222,0.3481212404578437,1.0
1.0,0.003355925511614134,0.2312326352985605,1.0
1.0,0.005231295650457326,0.3593605294154671,1.0
1.0,0.0033312495887346185,0.22954674195491698,1.0
1.0,0.00967296176877015,0.6628213312712985,0.0
1.0,0.0037178390471803643,0.25595907100533194,0.0
1.0,0.009205764295584654,0.6309017506316481,1.0
1.0,0.004889122853194709,0.3359828083836105,1.0
1.0,0.1643087451470685,0.1251225082496381,0.5
1.0,0.0007896295321445021,0.05589972755963567,1.0
1.0,0.007040863328288478,0.48299270794932436,0.0
1.0,0.006218332565637954,0.42679626316120745,0.0
1.0,0.005343159834177798,0.367003245906651,0.0
1.0,0.0032638020661972756,0.2249386334822914,0.0
1.0,0.0065802461012041845,0.45152269886797886,0.0
1.0,0.005066789497927222,0.3481212404578437,0.0
1.0,0.006382838718168059,0.43803555211883083,1.0
1.0,0.005560307955517536,0.3818391073307139,1.0
1.0,0.007411002171481213,0.508281108103977,1.0
1.0,0.0043676383496742775,0.3003542623879443,1.0
1.0,0.004836480884385075,0.332386235917171,1.0
1.0,0.002895308284529841,0.19976262621721502,1.0
1.0,0.007715338553661907,0.5290737926755802,0.0
1.0,0.0038724748305586625,0.26652400262549797,0.0
1.0,0.005066789497927222,0.3481212404578437,1.0
1.0,0.0027637033625057573,0.1907711950511163,1.0
1.0,0.0038900440876488774,0.2677243586861721,0.0
1.0,0.002255050338882674,0.15601931359414478,0.0
1.0,0.003388826742120155,0.23348049309008517,0.0
1.0,0.0024017898269395274,0.16604475934434484,0.0
0.6666666666667425,0.0024346910574455484,0.17740318476491904,0.5
1.0,0.0014476541422649206,0.10085688339012921,0.0
1.0,0.008860301375271435,0.607299243820639,1.0
1.0,0.005839968414818713,0.40094589855867363,1.0
1.0,0.008860301375271435,0.607299243820639,1.0
1.0,0.005839968414818713,0.40094589855867363,1.0
1.0,0.005066789497927222,0.3481212404578437,1.0
1.0,0.003934987168520102,0.27079493242939484,1.0
1.0,0.005395801802987431,0.37059981837309053,0.0
1.0,0.003750740277686385,0.25820692879685664,0.0
1.0,0.007205369480818582,0.49423199690694775,0.0
1.0,0.004408764887806804,0.30316408462735017,0.0
1.0,0.004451207475159571,0.306063821178417,0.0
1.0,0.0022431400934394947,0.15520558907361287,0.0
1.0,0.004737777192867013,0.32564266254259694,0.0
1.0,0.003750740277686385,0.25820692879685664,0.0
1.0,0.002599197209975653,0.17953190609349293,1.0
1.0,0.0022701849049154435,0.15705332817824613,1.0
1.0,0.007040863328288478,0.48299270794932436,0.0
1.0,0.005066789497927222,0.3481212404578437,0.0
1.0,0.006567085609001776,0.45062355575136903,1.0
1.0,0.0033394748963611236,0.23010870640279815,1.0
1.0,0.003750740277686385,0.25820692879685664,0.0
1.0,0.0029282095150358622,0.2020104840087397,0.0
1.0,0.0059189313680331635,0.40634075725833285,0.0
1.0,0.00405672172139238,0.2791120062580361,0.0
1.0,0.005066789497927222,0.3481212404578437,1.0
1.0,0.004079752582746595,0.2806855067121034,1.0
1.0,0.03467789695334605,0.017434385031065397,0.5
1.0,0.008027900243469105,0.5504284416950647,0.0
1.0,0.005560307955517536,0.3818391073307139,0.0
1.0,0.00427715996578272,0.2941726534612515,1.0
1.0,0.0032243205895900505,0.2222412041324618,1.0
1.0,0.0024346910574455484,0.16829261713586952,0.0
1.0,0.0015299072185299728,0.1064765278689409,0.0
1.0,0.003421727972626176,0.23572835088160984,1.0
1.0,0.002566295979469632,0.17728404830196823,1.0
1.0,0.00391524643021649,0.26944621775448,0.0
1.0,0.003421727972626176,0.23572835088160984,0.0
1.0,0.0027637033625057573,0.1907711950511163,0.0
1.0,0.0024346910574455484,0.16829261713586952,0.0
1.0,0.006382838718168059,0.43803555211883083,0.0
1.0,0.004244258735276699,0.2919247956697268,0.0
0.6666666666667425,0.0013818516812528787,0.09636116780707986,0.5
1.0,0.003750740277686385,0.25820692879685664,0.5
1.0,0.004079752582746595,0.2806855067121034,0.0
1.0,0.0022701849049154435,0.15705332817824613,0.0
1.0,0.008093702704481147,0.5549241572781141,0.0
1.0,0.004046851352240573,0.27843764892057876,0.0
1.0,0.004737777192867013,0.32564266254259694,0.0
1.0,0.0030927156675659667,0.21324977296636308,0.0
1.0,0.007261301572678818,0.4980533551525397,0.0
1.0,0.004188326643416463,0.28810343742413486,0.0
1.0,0.00605382641310785,0.41555697420358406,0.0
1.0,0.005231295650457326,0.3593605294154671,0.0
1.0,0.005395801802987431,0.37059981837309053,1.0
1.0,0.004737777192867013,0.32564266254259694,1.0
1.0,0.004737777192867013,0.32564266254259694,0.0
1.0,0.004079752582746595,0.2806855067121034,0.0
1.0,0.007205369480818582,0.49423199690694775,0.0
1.0,0.004948345068105547,0.3400289524083549,0.0
1.0,0.006382838718168059,0.43803555211883083,1.0
1.0,0.0024346910574455484,0.16829261713586952,1.0
1.0,0.00019740738303612552,0.017409658595358625,0.5
0.6666666666667425,0.0,0.0026344893316669216,0.0
1.0,0.047180364545634,0.027821735885700926,0.5
1.0,0.008258208857011251,0.5661634462357374,0.0
1.0,0.004211357504770678,0.28967693787820215,0.0
1.0,0.0021714812133973808,0.16213798250267497,0.0
1.0,0.0009870369151806276,0.07530098815828516,0.0
1.0,0.006567085609001776,0.45062355575136903,0.0
1.0,0.003280252681450286,0.22606256237805372,0.0
1.0,0.004408764887806804,0.30316408462735017,1.0
1.0,0.003421727972626176,0.23572835088160984,1.0
1.0,0.009656511153517141,0.6616974023755362,0.0
1.0,0.007866684213989603,0.5394139385165938,0.0
1.0,0.006711851023228268,0.4605141300340776,0.0
1.0,0.00479699940777785,0.3296888065673414,0.0
1.0,0.0014476541422649206,0.10907055576036039,0.5
1.0,0.0013818516812528787,0.10424665293974843,0.0
1.0,0.0010528393761926695,0.08012489097889712,0.0
1.0,0.0013818516812528787,0.10424665293974843,0.0
1.0,0.0010528393761926695,0.08012489097889712,0.0
1.0,0.005066789497927222,0.3481212404578437,0.0
1.0,0.004244258735276699,0.2919247956697268,0.0
1.0,0.003750740277686385,0.25820692879685664,1.0
1.0,0.0029282095150358622,0.2020104840087397,1.0
1.0,0.008027900243469105,0.5504284416950647,1.0
1.0,0.0018753701388431925,0.13007903467995002,1.0
1.0,0.007600184246890833,0.5212062904052439,1.0
1.0,0.004573271040336909,0.31440337358497356,1.0
1.0,0.004079752582746595,0.2806855067121034,1.0
1.0,0.0027637033625057573,0.1907711950511163,1.0
1.0,0.003750740277686385,0.25820692879685664,1.0
1.0,0.0030927156675659667,0.21324977296636308,1.0
1.0,0.005543857340264525,0.38071517843495156,0.0
1.0,0.003520431664144239,0.24247192425618389,0.0
1.0,0.00583371718102257,0.40051880557828395,0.0
1.0,0.00583371718102257,0.40051880557828395,0.0
1.0,0.004573271040336909,0.31440337358497356,1.0
1.0,0.003174968743831019,0.21886941744517477,1.0
1.0,0.006711851023228268,0.4605141300340776,0.0
1.0,0.005889320260577745,0.4043176852459607,0.0
1.0,0.005543857340264525,0.38071517843495156,0.0
1.0,0.003520431664144239,0.24247192425618389,0.0
1.0,0.003816542738698427,0.262702644379906,0.0
1.0,0.002895308284529841,0.19976262621721502,0.0
1.0,0.007040863328288478,0.48299270794932436,0.0
1.0,0.004606172270842929,0.31665123137649825,0.0
1.0,0.00967296176877015,0.6628213312712985,0.0
1.0,0.004079752582746595,0.2806855067121034,0.0
1.0,0.027439626242021446,0.04407599557621587,0.5
0.6666666666667425,0.04092913074949003,0.02419818912576315,1.0
1.0,0.004573271040336909,0.31440337358497356,0.0
1.0,0.004013950121734553,0.27618979112905406,0.0
1.0,0.005790616569059682,0.39757411187138664,0.0
1.0,0.004408764887806804,0.30316408462735017,0.0
1.0,0.003816542738698427,0.262702644379906,0.0
1.0,0.002895308284529841,0.19976262621721502,0.0
1.0,0.0021714812133973808,0.16213798250267497,0.0
1.0,0.0009870369151806276,0.07530098815828516,0.0
1.0,0.00967296176877015,0.6628213312712985,0.0
1.0,0.006382838718168059,0.43803555211883083,0.0
1.0,0.004244258735276699,0.2919247956697268,0.0
1.0,0.003273672435349082,0.2256129908197488,0.0
1.0,0.008093702704481147,0.5549241572781141,0.0
1.0,0.004046851352240573,0.27843764892057876,0.0
0.6666666666667425,0.003421727972626176,0.23572835088160984,1.0
1.0,0.00427715996578272,0.2941726534612515,1.0
1.0,0.0032243205895900505,0.2222412041324618,1.0
1.0,0.005329999341975389,0.36610410279004113,1.0
1.0,0.004079752582746595,0.2806855067121034,1.0
1.0,0.0019411725998552346,0.1660222807664296,0.0
1.0,0.0009886819767059287,0.08694039580279994,0.0
1.0,0.003750740277686385,0.25820692879685664,0.0
1.0,0.0029282095150358622,0.2020104840087397,0.0
1.0,0.004849641376587484,0.33328537903378086,0.0
1.0,0.003839573600052642,0.26427614483397327,0.0
1.0,0.005889320260577745,0.4043176852459607,0.0
1.0,0.005066789497927222,0.3481212404578437,0.0
1.0,0.006547344870698164,0.4492748410764542,1.0
1.0,0.005889320260577745,0.4043176852459607,1.0
1.0,0.006530894255445153,0.44815091218069186,0.0
1.0,0.004481147594920049,0.30810937176870445,0.0
1.0,0.004573271040336909,0.31440337358497356,0.0
1.0,0.0026649996709876946,0.18402762167654227,0.0
1.0,0.0014476541422649206,0.10085688339012921,1.0
1.0,0.007504770678423372,0.5146875028098223,1.0
1.0,0.006497993024939132,0.44590305438916716,1.0
1.0,0.0071658880042113566,0.4915345675571181,0.0
1.0,0.005464894387050075,0.37532031973529234,0.0
1.0,0.00572481410804764,0.3930783962883373,0.0
1.0,0.004737777192867013,0.32564266254259694,0.0
1.0,0.007442258340461932,0.5104165730059255,1.0
1.0,0.005303678357570573,0.3643058165568214,1.0
1.0,0.006284135026649996,0.4312919787442568,0.0
1.0,0.0032901230506020922,0.22673691971551113,0.0
1.0,0.00572481410804764,0.3930783962883373,0.0
1.0,0.004573271040336909,0.31440337358497356,0.0
1.0,0.007205369480818582,0.49423199690694775,0.0
1.0,0.006382838718168059,0.43803555211883083,0.0
1.0,0.005395801802987431,0.37059981837309053,1.0
1.0,0.0035533328946502594,0.24471978204770853,1.0
1.0,0.009393301309468973,0.6437145400433388,0.0
1.0,0.00572481410804764,0.3930783962883373,0.0
1.0,0.006257814042245179,0.42949369251103703,0.0
1.0,0.004767388300322432,0.32766573455496917,0.0
1.0,0.005343159834177798,0.367003245906651,0.0
1.0,0.0032638020661972756,0.2249386334822914,0.0
1.0,0.0029282095150358622,0.2020104840087397,1.0
1.0,0.0024346910574455484,0.16829261713586952,1.0
1.0,0.0036191353556623016,0.24921549763075793,0.0
1.0,0.0021714812133973808,0.15030975480367212,0.0
1.0,0.006613147331710205,0.45377055665950355,0.0
1.0,0.0052970981114693685,0.3638562449985165,0.0
1.0,0.004573271040336909,0.31440337358497356,0.0
1.0,0.004244258735276699,0.2919247956697268,0.0
1.0,0.003257221820096071,0.22448906192398646,0.0
1.0,0.002105678752385339,0.14581403922062275,0.0
1.0,0.00572481410804764,0.3930783962883373,1.0
1.0,0.0035862341251562805,0.24696763983923323,1.0
1.0,0.004204777258669474,0.2892273663198972,1.0
1.0,0.002964400868592485,0.20448312757941683,1.0
1.0,0.003750740277686385,0.25820692879685664,0.0
1.0,0.0024346910574455484,0.16829261713586952,0.0
1.0,0.004408764887806804,0.30316408462735017,0.0
1.0,0.0030927156675659667,0.21324977296636308,0.0
1.0,0.004737777192867013,0.32564266254259694,0.0
1.0,0.003750740277686385,0.25820692879685664,0.0
1.0,0.004408764887806804,0.30316408462735017,1.0
1.0,0.0035862341251562805,0.24696763983923323,1.0
1.0,0.009584128446403894,0.6567521152341819,1.0
1.0,0.006323616503257221,0.4339894080940864,1.0
1.0,0.009584128446403894,0.6567521152341819,1.0
1.0,0.006323616503257221,0.4339894080940864,1.0
1.0,0.006448641179180101,0.44253126770188017,1.0
1.0,0.004244258735276699,0.2919247956697268,1.0
1.0,0.003421727972626176,0.23572835088160984,1.0
1.0,0.002566295979469632,0.17728404830196823,1.0
1.0,0.007007962097782456,0.48074485015779966,0.5
1.0,0.0073698756333486866,0.5054712858645711,1.0
1.0,0.0062512337961439755,0.4290441209527321,1.0
1.0,0.004408764887806804,0.30316408462735017,1.0
1.0,0.003421727972626176,0.23572835088160984,1.0
1.0,0.004737777192867013,0.32564266254259694,0.0
1.0,0.0030927156675659667,0.21324977296636308,0.0
1.0,0.005066789497927222,0.3481212404578437,0.0
1.0,0.003421727972626176,0.23572835088160984,0.0
1.0,0.0059189313680331635,0.40634075725833285,0.0
1.0,0.00405672172139238,0.2791120062580361,0.0
1.0,0.003951437783773113,0.2719188613251572,0.0
1.0,0.0021714812133973808,0.15030975480367212,0.0
1.0,0.005395801802987431,0.37059981837309053,1.0
1.0,0.004737777192867013,0.32564266254259694,1.0
1.0,0.005560307955517536,0.3818391073307139,1.0
1.0,0.004408764887806804,0.30316408462735017,1.0
1.0,0.007715338553661907,0.5290737926755802,0.0
1.0,0.004326511811541751,0.2975444401485385,0.0
1.0,0.0059715733368427976,0.40993732972477237,0.0
1.0,0.005231295650457326,0.3593605294154671,0.0
1.0,0.0017766664473251297,0.15236429682512567,0.0
0.6666666666667425,0.0005922221491083766,0.04514597588498162,1.0
1.0,0.006711851023228268,0.4605141300340776,0.0
1.0,0.005255971573336842,0.36104642275911064,0.0
1.0,0.007205369480818582,0.49423199690694775,1.0
1.0,0.005255971573336842,0.36104642275911064,1.0
1.0,0.002753832993353951,0.23349398023683432,0.0
1.0,0.0016203856024215304,0.1393874137946537,0.0
1.0,0.004244258735276699,0.2919247956697268,1.0
1.0,0.0035862341251562805,0.24696763983923323,1.0
1.0,0.008850431006119628,0.6066248864831816,0.0
1.0,0.005560307955517536,0.3818391073307139,0.0
1.0,0.005395801802987431,0.37059981837309053,1.0
1.0,0.004408764887806804,0.30316408462735017,1.0
1.0,0.00557044153451339,0.3825314475305035,0.0
1.0,0.0031159439363032176,0.21483676056717949,0.0
1.0,0.0075343817858787914,0.5167105748221945,0.0
1.0,0.004244258735276699,0.2919247956697268,0.0
1.0,0.01000197407383036,0.6852999091865453,0.0
1.0,0.007336974402842666,0.5032234280730464,0.0
1.0,0.009313548726722378,0.638265732756683,0.0
1.0,0.006460255313548726,0.4433247615022884,0.0
1.0,0.0019411725998552346,0.14525432263053312,0.0
1.0,0.0009541356846746068,0.07288903674797918,0.0
1.0,0.003750740277686385,0.25820692879685664,1.0
1.0,0.0030927156675659667,0.21324977296636308,1.0
1.0,0.007261301572678818,0.4980533551525397,0.0
1.0,0.004188326643416463,0.28810343742413486,0.0
1.0,0.00391524643021649,0.26944621775448,0.0
1.0,0.002599197209975653,0.17953190609349293,0.0
1.0,0.004079752582746595,0.2806855067121034,1.0
1.0,0.0024346910574455484,0.16829261713586952,1.0
1.0,0.003750740277686385,0.25820692879685664,0.0
1.0,0.0030927156675659667,0.21324977296636308,0.0
0.33333333333337123,0.13140751464104758,0.11005961318863124,1.0
0.6666666666667425,0.047180364545634,0.029631261407878296,0.5
1.0,0.007411002171481213,0.508281108103977,1.0
1.0,0.0043676383496742775,0.3003542623879443,1.0
1.0,0.006349937487662038,0.43578769432730613,0.0
1.0,0.005132591958939264,0.3526169560408931,0.0
1.0,0.005066789497927222,0.3481212404578437,0.0
1.0,0.004244258735276699,0.2919247956697268,0.0
0.6666666666667425,0.0030927156675659667,0.21324977296636308,1.0
1.0,0.006382838718168059,0.43803555211883083,0.0
1.0,0.004737777192867013,0.32564266254259694,0.0
1.0,0.005066789497927222,0.3481212404578437,0.0
1.0,0.003750740277686385,0.25820692879685664,0.0
1.0,0.008027900243469105,0.5504284416950647,0.0
1.0,0.006382838718168059,0.43803555211883083,0.0
1.0,0.004737777192867013,0.32564266254259694,0.0
1.0,0.003750740277686385,0.25820692879685664,0.0
1.0,0.004737777192867013,0.32564266254259694,0.0
1.0,0.0030927156675659667,0.21324977296636308,0.0
0.6666666666667425,0.0041784562742646575,0.28742908008667745,0.0
1.0,0.008769822991379878,0.6011176348939461,0.0
1.0,0.006323616503257221,0.4339894080940864,0.0
1.0,0.005790616569059682,0.39757411187138664,0.0
1.0,0.004408764887806804,0.30316408462735017,0.0
1.0,0.006382838718168059,0.43803555211883083,0.0
1.0,0.005066789497927222,0.3481212404578437,0.0
1.0,0.006530894255445153,0.44815091218069186,0.0
1.0,0.004481147594920049,0.30810937176870445,0.0
1.0,0.003750740277686385,0.25820692879685664,0.0
1.0,0.003257221820096071,0.22448906192398646,0.0
1.0,0.0059715733368427976,0.40993732972477237,1.0
1.0,0.005560307955517536,0.3818391073307139,1.0
1.0,0.006530894255445153,0.44815091218069186,0.0
1.0,0.004481147594920049,0.30810937176870445,0.0
1.0,0.0049022833453971175,0.3368819515002203,1.0
1.0,0.0019082713693492136,0.1323268924714747,1.0
1.0,0.0075343817858787914,0.5167105748221945,0.0
1.0,0.005889320260577745,0.4043176852459607,0.0
1.0,0.005543857340264525,0.38071517843495156,0.0
1.0,0.003520431664144239,0.24247192425618389,0.0
1.0,0.004510758702375469,0.3101324437810767,0.0
1.0,0.003520431664144239,0.24247192425618389,0.0
1.0,0.0058564190300717245,0.402069827454436,1.0
1.0,0.004474567348818846,0.3076598002103995,1.0
1.0,0.004408764887806804,0.30316408462735017,0.0
1.0,0.003750740277686385,0.25820692879685664,0.0
1.0,0.005543857340264525,0.38071517843495156,0.0
1.0,0.003520431664144239,0.24247192425618389,0.0
1.0,0.005743238797131013,0.3943371966515911,0.0
1.0,0.0036007106665789297,0.2479566972675041,0.0
1.0,0.004408764887806804,0.30316408462735017,0.0
1.0,0.003750740277686385,0.25820692879685664,0.0
1.0,0.007965387905507664,0.5461575118911678,0.0
1.0,0.004602882147792327,0.3164264455973458,0.0
1.0,0.003750740277686385,0.25820692879685664,0.0
1.0,0.003421727972626176,0.23572835088160984,0.0
1.0,0.009393301309468973,0.6437145400433388,0.0
1.0,0.00572481410804764,0.3930783962883373,0.0
1.0,0.0018424689083371719,0.15782659125853063,1.0
1.0,0.0015134566032769625,0.13051062337592276,1.0
1.0,0.00512601171283806,0.35216738448258816,0.0
1.0,0.004461406856616437,0.3067606570937897,0.0
1.0,0.0013818516812528787,0.1195837866513213,1.0
1.0,0.0010528393761926695,0.0922655709109219,1.0
1.0,0.005264196880963348,0.3616083872069918,1.0
1.0,0.004013950121734553,0.27618979112905406,1.0
1.0,0.005395801802987431,0.37059981837309053,1.0
1.0,0.003421727972626176,0.23572835088160984,1.0
1.0,0.005066789497927222,0.3481212404578437,1.0
1.0,0.0022701849049154435,0.15705332817824613,1.0
1.0,0.007567283016384812,0.5189584326137192,1.0
1.0,0.005790616569059682,0.39757411187138664,1.0
0.6666666666667425,0.03681647693623741,0.020624095237238915,1.0
0.6666666666667425,0.004079752582746595,0.2806855067121034,0.0
1.0,0.004737777192867013,0.32564266254259694,0.0
1.0,0.0030927156675659667,0.21324977296636308,0.0
1.0,0.008406264394288345,0.5762788062975984,0.0
1.0,0.0042278081200236885,0.29080086677396444,0.0
0.6666666666667425,0.03599394617358689,0.019909276459534064,1.0
1.0,0.004079752582746595,0.2806855067121034,0.0
1.0,0.0027637033625057573,0.1907711950511163,0.0
1.0,0.005066789497927222,0.3481212404578437,0.0
1.0,0.004244258735276699,0.2919247956697268,0.0
0.6666666666667425,0.00391524643021649,0.26944621775448,1.0
0.6666666666667425,0.005560307955517536,0.3818391073307139,0.0
0.6666666666667425,0.0049022833453971175,0.3368819515002203,0.0
0.6666666666667425,0.004856221622688688,0.3337349505920858,0.0
0.6666666666667425,0.003316444035006909,0.22853520594873086,0.0
0.6666666666667425,0.004737777192867013,0.32564266254259694,0.0
0.6666666666667425,0.004408764887806804,0.30316408462735017,0.0
0.6666666666667425,0.003816542738698427,0.262702644379906,0.0
0.6666666666667425,0.0029117588997828515,0.20088655511297734,0.0
0.6666666666667425,0.005395801802987431,0.37059981837309053,0.0
0.6666666666667425,0.004079752582746595,0.2806855067121034,0.0
0.6666666666667425,0.004573271040336909,0.31440337358497356,0.0
0.6666666666667425,0.004013950121734553,0.27618979112905406,0.0
0.6666666666667425,0.004573271040336909,0.31440337358497356,0.0
0.6666666666667425,0.0030927156675659667,0.21324977296636308,0.0
0.6666666666667425,0.005560307955517536,0.3818391073307139,0.0
0.6666666666667425,0.003750740277686385,0.25820692879685664,0.0
0.6666666666667425,0.004573271040336909,0.31440337358497356,0.0
0.6666666666667425,0.0035862341251562805,0.24696763983923323,0.0
0.6666666666667425,0.004737777192867013,0.32564266254259694,1.0
0.6666666666667425,0.004737777192867013,0.32564266254259694,0.0
0.6666666666667425,0.0030927156675659667,0.21324977296636308,0.0
0.6666666666667425,0.004737777192867013,0.32564266254259694,1.0
0.6666666666667425,0.003997499506481542,0.2750658622332917,1.0
0.6666666666667425,0.003964598275975521,0.27281800444176707,1.0
0.6666666666667425,0.0014805553727709414,0.10310474118165389,1.0
0.6666666666667425,0.008356912548529315,0.5729070196103114,0.0
0.6666666666667425,0.005560307955517536,0.3818391073307139,0.0
0.6666666666667425,0.0011186418372047115,0.07837830547488243,1.0
0.6666666666667425,0.0011186418372047115,0.07837830547488243,1.0
0.6666666666667425,0.008027900243469105,0.5504284416950647,1.0
0.6666666666667425,0.0018753701388431925,0.13007903467995002,1.0
0.6666666666667425,0.006711851023228268,0.4605141300340776,1.0
0.6666666666667425,0.005066789497927222,0.3481212404578437,1.0
0.6666666666667425,0.008769822991379878,0.6011176348939461,1.0
0.6666666666667425,0.006323616503257221,0.4339894080940864,1.0
0.6666666666667425,0.0027637033625057573,0.20102142658046881,1.0
0.6666666666667425,0.0014476541422649206,0.10655070717606122,1.0
0.6666666666667425,0.007040863328288478,0.48299270794932436,0.0
0.6666666666667425,0.004606172270842929,0.31665123137649825,0.0
0.6666666666667425,0.004737777192867013,0.32564266254259694,0.0
0.6666666666667425,0.0030927156675659667,0.21324977296636308,0.0
0.6666666666667425,0.007975258274659471,0.5468318692286251,1.0
0.6666666666667425,0.0058432585378693155,0.4011706843378261,1.0
0.6666666666667425,0.004737777192867013,0.32564266254259694,1.0
0.6666666666667425,0.004737777192867013,0.32564266254259694,1.0
0.6666666666667425,0.0011186418372047115,0.07837830547488243,1.0
0.6666666666667425,0.1465420806738172,0.1159692313225496,0.0
0.6666666666667425,0.003750740277686385,0.25820692879685664,0.0
0.6666666666667425,0.0029282095150358622,0.2020104840087397,0.0
0.6666666666667425,0.005066789497927222,0.3481212404578437,0.0
0.6666666666667425,0.004244258735276699,0.2919247956697268,0.0
0.6666666666667425,0.0005593209186023557,0.042783477346089185,0.5
0.6666666666667425,0.006909258406264393,0.4740012767832257,1.0
0.6666666666667425,0.004540369809830887,0.3121555157934489,1.0
0.6666666666667425,0.002599197209975653,0.17953190609349293,0.0
0.6666666666667425,0.0019411725998552346,0.13457475026299937,0.0
0.6666666666667425,0.004704875962360992,0.3233948047510723,1.0
0.6666666666667425,0.0037178390471803643,0.25595907100533194,1.0
0.6666666666667425,0.004408764887806804,0.30316408462735017,0.0
0.6666666666667425,0.003750740277686385,0.25820692879685664,0.0
0.6666666666667425,0.004737777192867013,0.32564266254259694,0.0
0.6666666666667425,0.003421727972626176,0.23572835088160984,0.0
0.6666666666667425,0.007896295321445021,0.541437010528966,1.0
0.6666666666667425,0.0064157399486740796,0.44028340991035547,1.0
0.6666666666667425,0.00605382641310785,0.41555697420358406,0.0
0.6666666666667425,0.0049022833453971175,0.3368819515002203,0.0
0.6666666666667425,0.0075343817858787914,0.5167105748221945,1.0
0.6666666666667425,0.005889320260577745,0.4043176852459607,1.0
0.6666666666667425,0.00605382641310785,0.41555697420358406,1.0
0.6666666666667425,0.005066789497927222,0.3481212404578437,1.0
0.6666666666667425,0.0030927156675659667,0.21324977296636308,1.0
0.6666666666667425,0.004079752582746595,0.2806855067121034,0.0
0.6666666666667425,0.0035862341251562805,0.24696763983923323,0.0
0.6666666666667425,0.0022701849049154435,0.1960536608611993,0.0
0.6666666666667425,0.0016121602947950253,0.14069566702932107,0.0
0.6666666666667425,0.003257221820096071,0.22448906192398646,0.0
0.6666666666667425,0.002105678752385339,0.14581403922062275,0.0
0.6666666666667425,0.006530894255445153,0.44815091218069186,0.0
0.6666666666667425,0.004481147594920049,0.30810937176870445,0.0
0.6666666666667425,0.006119628874119891,0.4200526897866334,1.0
0.6666666666667425,0.005198394419951306,0.35711267162394245,1.0
0.6666666666667425,0.0059189313680331635,0.40634075725833285,0.0
0.6666666666667425,0.00405672172139238,0.2791120062580361,0.0
0.6666666666667425,0.004079752582746595,0.2806855067121034,0.0
0.6666666666667425,0.0022701849049154435,0.15705332817824613,0.0
0.6666666666667425,0.005560307955517536,0.3818391073307139,0.0
0.6666666666667425,0.003750740277686385,0.25820692879685664,0.0
0.6666666666667425,0.005313548726722379,0.36498017389427884,0.0
0.6666666666667425,0.0033065736658551025,0.22786084861127348,0.0
0.6666666666667425,0.0022701849049154435,0.15705332817824613,1.0
0.6666666666667425,0.0017766664473251297,0.12333546130537598,1.0
0.6666666666667425,0.0058564190300717245,0.402069827454436,1.0
0.6666666666667425,0.004474567348818846,0.3076598002103995,1.0
0.6666666666667425,0.004573271040336909,0.31440337358497356,0.0
0.6666666666667425,0.0030927156675659667,0.21324977296636308,0.0
0.6666666666667425,0.00013160492202408372,0.010942571729142127,0.5
0.6666666666667425,0.08205566888201618,0.059934632295422466,1.0
0.6666666666667425,0.006317036257156017,0.08819020473488766,1.0
0.6666666666667425,0.005560307955517536,0.3818391073307139,0.0
0.6666666666667425,0.003750740277686385,0.25820692879685664,0.0
0.6666666666667425,0.005560307955517536,0.3818391073307139,0.0
0.6666666666667425,0.003750740277686385,0.25820692879685664,0.0
0.6666666666667425,0.006382838718168059,0.43803555211883083,0.0
0.6666666666667425,0.004573271040336909,0.31440337358497356,0.0
0.6666666666667425,0.0022701849049154435,0.1960536608611993,1.0
0.6666666666667425,0.0017766664473251297,0.1545357274517385,1.0
0.6666666666667425,0.004573271040336909,0.31440337358497356,0.0
0.6666666666667425,0.0030927156675659667,0.21324977296636308,0.0
0.6666666666667425,0.006119628874119891,0.4200526897866334,1.0
0.6666666666667425,0.005198394419951306,0.35711267162394245,1.0
0.6666666666667425,0.01000197407383036,0.6852999091865453,1.0
0.6666666666667425,0.007665986707902875,0.5257020059882932,1.0
0.6666666666667425,0.003750740277686385,0.25820692879685664,0.0
0.6666666666667425,0.0029282095150358622,0.2020104840087397,0.0
0.6666666666667425,0.004573271040336909,0.31440337358497356,0.0
0.6666666666667425,0.004244258735276699,0.2919247956697268,0.0
0.6666666666667425,0.0030927156675659667,0.21324977296636308,0.0
0.6666666666667425,0.0023688885964335063,0.16379690155282017,0.0
0.6666666666667425,0.002105678752385339,0.15378494294936926,0.0
0.6666666666667425,0.0009541356846746068,0.0711244683816323,0.0
0.6666666666667425,0.005066789497927222,0.3481212404578437,1.0
0.6666666666667425,0.003750740277686385,0.25820692879685664,1.0
0.6666666666667425,0.00605382641310785,0.41555697420358406,0.0
0.6666666666667425,0.004737777192867013,0.32564266254259694,0.0
0.6666666666667425,0.09192603803382246,0.0685102097700891,0.5
0.6666666666667425,0.00391524643021649,0.26944621775448,1.0
0.6666666666667425,0.003750740277686385,0.25820692879685664,0.0
0.6666666666667425,0.0029282095150358622,0.2020104840087397,0.0
0.6666666666667425,0.004737777192867013,0.32564266254259694,0.0
0.6666666666667425,0.0030927156675659667,0.21324977296636308,0.0
0.6666666666667425,0.001283147989734816,0.09474271019718208,0.0
0.6666666666667425,0.0009870369151806276,0.07348696692052474,0.0
0.6666666666667425,0.003616963874448904,0.24906713901651725,1.0
0.6666666666667425,0.002489504507468579,0.17203754821654965,1.0
0.6666666666667425,0.005560307955517536,0.3818391073307139,1.0
0.6666666666667425,0.004408764887806804,0.30316408462735017,1.0
0.6666666666667425,0.003750740277686385,0.25820692879685664,0.0
0.6666666666667425,0.0029282095150358622,0.2020104840087397,0.0
0.6666666666667425,0.008011449628216094,0.5493045127993024,0.0
0.6666666666667425,0.004732842008291109,0.32530548387386826,0.0
0.6666666666667425,0.0038329933539514374,0.26382657327566833,1.0
0.6666666666667425,0.0030927156675659667,0.21324977296636308,1.0
0.6666666666667425,0.008011449628216094,0.5493045127993024,0.0
0.6666666666667425,0.004732842008291109,0.32530548387386826,0.0
0.6666666666667425,0.0016121602947950253,0.1120961723477526,0.0
0.6666666666667425,0.0013818516812528787,0.09636116780707986,0.0
0.6666666666667425,0.008011449628216094,0.5493045127993024,0.0
0.6666666666667425,0.004732842008291109,0.32530548387386826,0.0
0.6666666666667425,0.0016450615253010461,0.1207212026938328,1.0
0.6666666666667425,0.00605382641310785,0.41555697420358406,1.0
0.6666666666667425,0.003750740277686385,0.25820692879685664,1.0
0.6666666666667425,0.003981048891228532,0.27394193333752936,1.0
0.6666666666667425,0.0032243205895900505,0.2222412041324618,1.0
0.6666666666667425,0.006711851023228268,0.4605141300340776,1.0
0.6666666666667425,0.004737777192867013,0.32564266254259694,1.0
0.6666666666667425,0.006711851023228268,0.4605141300340776,1.0
0.6666666666667425,0.004737777192867013,0.32564266254259694,1.0
0.6666666666667425,0.006711851023228268,0.4605141300340776,1.0
0.6666666666667425,0.004079752582746595,0.2806855067121034,1.0
0.6666666666667425,0.005815292491939198,0.39926000521503013,1.0
0.6666666666667425,0.005116141343686253,0.35149302714513075,1.0
0.6666666666667425,0.003179574916101862,0.2191841175359882,1.0
0.6666666666667425,0.0019773639534118575,0.1370473938336765,1.0
0.6666666666667425,0.006711851023228268,0.4605141300340776,1.0
0.6666666666667425,0.004737777192867013,0.32564266254259694,1.0
0.6666666666667425,0.006343357241560834,0.4353381227690012,0.0
0.6666666666667425,0.0038362834770020397,0.2640513590548208,0.0
0.6666666666667425,0.004079752582746595,0.2806855067121034,1.0
0.6666666666667425,0.0024346910574455484,0.16829261713586952,1.0
0.6666666666667425,0.00427715996578272,0.2941726534612515,1.0
0.6666666666667425,0.0032243205895900505,0.2222412041324618,1.0
0.6666666666667425,0.004737777192867013,0.32564266254259694,1.0
0.6666666666667425,0.0030927156675659667,0.21324977296636308,1.0
0.6666666666667425,0.005066789497927222,0.3481212404578437,0.0
0.6666666666667425,0.004244258735276699,0.2919247956697268,0.0
0.6666666666667425,0.006909258406264393,0.4740012767832257,1.0
0.6666666666667425,0.004540369809830887,0.3121555157934489,1.0
0.6666666666667425,0.005033888267421201,0.34587338266631906,1.0
0.6666666666667425,0.004079752582746595,0.2806855067121034,1.0
0.6666666666667425,0.003616963874448904,0.24906713901651725,1.0
0.6666666666667425,0.002489504507468579,0.17203754821654965,1.0
0.6666666666667425,0.006876357175758373,0.471753418991701,1.0
0.6666666666667425,0.004737777192867013,0.32564266254259694,1.0
0.6666666666667425,0.007896295321445021,0.541437010528966,1.0
0.6666666666667425,0.0064157399486740796,0.44028340991035547,1.0
0.6666666666667425,0.005955122721589787,0.40881340082901,1.0
0.6666666666667425,0.004836480884385075,0.332386235917171,1.0
0.6666666666667425,0.00819240639599921,0.561667730652688,1.0
0.6666666666667425,0.005889320260577745,0.4043176852459607,1.0
0.6666666666667425,0.011318023294071198,0.9572165226539109,0.0
0.6666666666667425,0.001283147989734816,0.11301779404227771,0.0
0.6666666666667425,0.0013818516812528787,0.10182795795606787,0.0
0.6666666666667425,0.0010528393761926695,0.0782097161405181,0.0
0.6666666666667425,0.005362900572481411,0.36835196058156583,0.0
0.6666666666667425,0.0034414687109297886,0.23707706555652466,0.0
0.6666666666667425,0.001710863986313088,0.12544395191382612,0.0
0.6666666666667425,0.004408764887806804,0.30316408462735017,1.0
0.6666666666667425,0.003750740277686385,0.25820692879685664,1.0
0.6666666666667425,0.0022701849049154435,0.15705332817824613,1.0
0.6666666666667425,0.0017766664473251297,0.12333546130537598,1.0
0.6666666666667425,0.00013160492202408372,0.010942571729142127,0.5
0.6666666666667425,0.0014476541422649206,0.10085688339012921,0.5
0.6666666666667425,0.004211357504770678,0.28967693787820215,1.0
0.6666666666667425,0.0038823451997104692,0.2671983599629554,1.0
0.6666666666667425,0.005287227742317562,0.3631818876610591,0.0
0.6666666666667425,0.0037178390471803643,0.25595907100533194,0.0
0.6666666666667425,0.0038900440876488774,0.2677243586861721,0.0
0.6666666666667425,0.002255050338882674,0.15601931359414478,0.0
0.6666666666667425,0.0030927156675659667,0.21324977296636308,1.0
0.6666666666667425,0.0019411725998552346,0.13457475026299937,1.0
0.33333333333337123,0.04092913074949003,0.026461781921828503,0.5
0.6666666666667425,0.006382838718168059,0.43803555211883083,0.5
0.6666666666667425,0.00019740738303612552,0.015438287312191483,1.0
0.6666666666667425,0.007040863328288478,0.48299270794932436,1.0
0.6666666666667425,0.004606172270842929,0.31665123137649825,1.0
0.6666666666667425,0.0019411725998552346,0.14197694597049013,0.0
0.6666666666667425,0.0009541356846746068,0.0711244683816323,0.0
0.6666666666667425,0.003421727972626176,0.23572835088160984,0.0
0.6666666666667425,0.002105678752385339,0.14581403922062275,0.0
0.6666666666667425,0.0014476541422649206,0.10085688339012921,0.5
0.6666666666667425,0.003750740277686385,0.25820692879685664,0.0
0.6666666666667425,0.0029282095150358622,0.2020104840087397,0.0
0.6666666666667425,0.004737777192867013,0.32564266254259694,0.0
0.6666666666667425,0.0030927156675659667,0.21324977296636308,0.0
0.6666666666667425,0.001283147989734816,0.09474271019718208,0.0
0.6666666666667425,0.0009870369151806276,0.07348696692052474,0.0
0.6666666666667425,0.00605382641310785,0.41555697420358406,1.0
0.6666666666667425,0.004244258735276699,0.2919247956697268,1.0
0.6666666666667425,0.004013950121734553,0.27618979112905406,0.0
0.6666666666667425,0.00248404290320458,0.17166440382315654,0.0
0.6666666666667425,0.005494505494505494,0.3773433917476645,1.0
0.6666666666667425,0.003421727972626176,0.23572835088160984,1.0
0.6666666666667425,0.006119628874119891,0.4200526897866334,0.0
0.6666666666667425,0.003750740277686385,0.25820692879685664,0.0
0.6666666666667425,0.003616963874448904,0.24906713901651725,1.0
0.6666666666667425,0.002489504507468579,0.17203754821654965,1.0
0.6666666666667425,0.003750740277686385,0.25820692879685664,0.0
0.6666666666667425,0.0029282095150358622,0.2020104840087397,0.0
0.6666666666667425,0.00605382641310785,0.41555697420358406,1.0
0.6666666666667425,0.006185431335131933,0.42454840536968275,1.0
0.6666666666667425,0.004060011844442982,0.2793367920371886,1.0
0.6666666666667425,0.0064157399486740796,0.44028340991035547,1.0
0.6666666666667425,0.0027373823781009408,0.18897290881789655,1.0
0.6666666666667425,0.005231295650457326,0.3593605294154671,0.0
0.6666666666667425,0.00391524643021649,0.26944621775448,0.0
0.6666666666667425,0.0073698756333486866,0.5054712858645711,1.0
0.6666666666667425,0.0062512337961439755,0.4290441209527321,1.0
0.6666666666667425,0.004079752582746595,0.2806855067121034,0.0
0.6666666666667425,0.0027637033625057573,0.1907711950511163,0.0
0.6666666666667425,0.004737777192867013,0.32564266254259694,1.0
0.6666666666667425,0.0030927156675659667,0.21324977296636308,1.0
0.6666666666667425,0.0073698756333486866,0.5054712858645711,0.0
0.6666666666667425,0.004737777192867013,0.32564266254259694,0.0
0.6666666666667425,0.004856221622688688,0.3337349505920858,0.0
0.6666666666667425,0.003316444035006909,0.22853520594873086,0.0
0.6666666666667425,0.004079752582746595,0.2806855067121034,1.0
0.6666666666667425,0.0030927156675659667,0.21324977296636308,1.0
0.6666666666667425,0.006909258406264393,0.4740012767832257,1.0
0.6666666666667425,0.004540369809830887,0.3121555157934489,1.0
0.6666666666667425,0.00572481410804764,0.3930783962883373,0.0
0.6666666666667425,0.003750740277686385,0.25820692879685664,0.0
0.6666666666667425,0.005066789497927222,0.3481212404578437,0.0
0.6666666666667425,0.004244258735276699,0.2919247956697268,0.0
0.6666666666667425,0.006136079489372902,0.42117661868239575,1.0
0.6666666666667425,0.004408764887806804,0.30316408462735017,1.0
0.6666666666667425,0.004820030269132065,0.33126230702140863,0.0
0.6666666666667425,0.004079752582746595,0.2806855067121034,0.0
0.6666666666667425,0.0019411725998552346,0.13457475026299937,1.0
0.6666666666667425,0.0016121602947950253,0.1120961723477526,1.0
0.6666666666667425,0.005683687569915114,0.39026857404893145,0.0
0.6666666666667425,0.005066789497927222,0.3481212404578437,0.0
0.6666666666667425,0.0017766664473251297,0.130168948991611,1.0
0.6666666666667425,0.0014476541422649206,0.10655070717606122,1.0
0.6666666666667425,0.005231295650457326,0.3593605294154671,0.0
0.6666666666667425,0.004244258735276699,0.2919247956697268,0.0
0.6666666666667425,0.005395801802987431,0.37059981837309053,1.0
0.6666666666667425,0.00391524643021649,0.26944621775448,1.0
0.6666666666667425,0.003257221820096071,0.22448906192398646,0.0
0.6666666666667425,0.002105678752385339,0.14581403922062275,0.0
0.6666666666667425,0.004079752582746595,0.2806855067121034,0.0
0.6666666666667425,0.0029282095150358622,0.2020104840087397,0.0
0.6666666666667425,0.006497993024939132,0.44590305438916716,0.0
0.6666666666667425,0.004803579653879055,0.33013837812564634,0.0
0.6666666666667425,0.006298282555767585,0.4322585575946124,1.0
0.6666666666667425,0.004236362439955254,0.2913853097997609,1.0
0.6666666666667425,0.003750740277686385,0.25820692879685664,1.0
0.6666666666667425,0.006284135026649996,0.4312919787442568,0.0
0.6666666666667425,0.0030598144370599456,0.2110019151748384,0.0
0.6666666666667425,0.007040863328288478,0.48299270794932436,1.0
0.6666666666667425,0.005132591958939264,0.3526169560408931,1.0
0.6666666666667425,0.003261169967756794,0.23673089545662984,0.0
0.6666666666667425,0.002282029347897611,0.16644487803123625,0.0
0.6666666666667425,0.001677962755807067,0.14623214076984634,0.0
0.6666666666667425,0.0011844442982167531,0.10471420736038556,0.0
0.6666666666667425,0.004706192011581233,0.3234847190627333,1.0
0.6666666666667425,0.0035500427715996576,0.24449499626855606,1.0
0.0,0.0029282095150358622,0.2020104840087397,0.0
0.33333333333337123,0.0035862341251562805,0.24696763983923323,1.0
0.6666666666667425,0.005428703033493452,0.37284767616461517,1.0
0.6666666666667425,0.00023030861354214648,0.01768614510371616,1.0
0.6666666666667425,0.0030927156675659667,0.21324977296636308,0.0
0.6666666666667425,0.0023688885964335063,0.16379690155282017,0.0
0.6666666666667425,0.003750740277686385,0.25820692879685664,0.0
0.6666666666667425,0.0029282095150358622,0.2020104840087397,0.0
0.6666666666667425,0.003421727972626176,0.23572835088160984,0.0
0.6666666666667425,0.002105678752385339,0.14581403922062275,0.0
0.6666666666667425,0.0014476541422649206,0.10085688339012921,1.0
0.6666666666667425,0.0059189313680331635,0.40634075725833285,0.0
0.6666666666667425,0.00405672172139238,0.2791120062580361,0.0
0.6666666666667425,0.004737777192867013,0.32564266254259694,0.0
0.6666666666667425,0.0030927156675659667,0.21324977296636308,0.0
0.6666666666667425,0.0073698756333486866,0.5054712858645711,1.0
0.6666666666667425,0.004889122853194709,0.3359828083836105,1.0
0.6666666666667425,0.006530894255445153,0.44815091218069186,0.0
0.6666666666667425,0.004481147594920049,0.30810937176870445,0.0
0.6666666666667425,0.005066789497927222,0.3481212404578437,1.0
0.6666666666667425,0.0022701849049154435,0.15705332817824613,1.0
0.6666666666667425,0.001283147989734816,0.09474271019718208,0.0
0.6666666666667425,0.0009870369151806276,0.07348696692052474,0.0
0.6666666666667425,0.006810554714746331,0.46725770340865164,0.0
0.6666666666667425,0.004803579653879055,0.33013837812564634,0.0
0.6666666666667425,0.004408764887806804,0.30316408462735017,1.0
0.6666666666667425,0.003750740277686385,0.25820692879685664,1.0
0.6666666666667425,0.003421727972626176,0.23572835088160984,0.0
0.6666666666667425,0.002105678752385339,0.14581403922062275,0.0
0.6666666666667425,0.007277752187931828,0.4991772840483021,1.0
0.6666666666667425,0.005329999341975389,0.36610410279004113,1.0
0.33333333333337123,0.00046061722708429296,0.0334211496443889,0.0
0.6666666666667425,0.0018095676778311508,0.1325291996727119,0.0
0.6666666666667425,0.001710863986313088,0.12544395191382612,0.0
0.6666666666667425,0.007797591629926959,0.534693437154392,1.0
0.6666666666667425,0.005823517799565703,0.3998219696629113,1.0
0.6666666666667425,0.005560307955517536,0.3818391073307139,0.0
0.6666666666667425,0.004737777192867013,0.32564266254259694,0.0
0.6666666666667425,0.004079752582746595,0.2806855067121034,1.0
0.6666666666667425,0.0027637033625057573,0.1907711950511163,1.0
0.6666666666667425,0.005231295650457326,0.3593605294154671,0.0
0.6666666666667425,0.0038823451997104692,0.2671983599629554,0.0
0.6666666666667425,0.005659011647035599,0.3885826807052879,0.0
0.6666666666667425,0.004145555043758636,0.28518122229515275,0.0
0.6666666666667425,0.00967296176877015,0.6628213312712985,0.0
0.6666666666667425,0.004079752582746595,0.2806855067121034,0.0
0.6666666666667425,0.005362900572481411,0.36835196058156583,0.0
0.6666666666667425,0.0034414687109297886,0.23707706555652466,0.0
0.6666666666667425,0.0036191353556623016,0.24921549763075793,1.0
0.6666666666667425,0.002961110745541883,0.20425834180026436,1.0
0.6666666666667425,0.0022701849049154435,0.1960536608611993,0.0
0.6666666666667425,0.001677962755807067,0.14623214076984634,0.0
0.6666666666667425,0.003257221820096071,0.22448906192398646,0.0
0.6666666666667425,0.002105678752385339,0.14581403922062275,0.0
0.6666666666667425,0.004310061196288741,0.22501955636278628,0.5
0.6666666666667425,0.006185431335131933,0.42454840536968275,1.0
0.6666666666667425,0.004060011844442982,0.2793367920371886,1.0
0.6666666666667425,0.00605382641310785,0.41555697420358406,1.0
0.6666666666667425,0.004244258735276699,0.2919247956697268,1.0
0.6666666666667425,0.0030927156675659667,0.21324977296636308,0.0
0.6666666666667425,0.002105678752385339,0.14581403922062275,0.0
0.6666666666667425,0.006045601105481344,0.41499500975570286,0.0
0.6666666666667425,0.004416990195433308,0.3037260490752314,0.0
0.6666666666667425,0.004079752582746595,0.2806855067121034,0.0
0.6666666666667425,0.0030927156675659667,0.21324977296636308,0.0
0.6666666666667425,0.005066789497927222,0.3481212404578437,0.0
0.6666666666667425,0.003388826742120155,0.23348049309008517,0.0
0.6666666666667425,0.008027900243469105,0.5504284416950647,0.0
0.6666666666667425,0.004737777192867013,0.32564266254259694,0.0
0.6666666666667425,0.0065802461012041845,0.45152269886797886,0.0
0.6666666666667425,0.005066789497927222,0.3481212404578437,0.0
0.6666666666667425,0.004244258735276699,0.2919247956697268,0.0
0.6666666666667425,0.003750740277686385,0.25820692879685664,0.0
0.6666666666667425,0.003421727972626176,0.24825566235377686,1.0
0.6666666666667425,0.002105678752385339,0.15378494294936926,1.0
0.6666666666667425,0.005066789497927222,0.3481212404578437,0.0
0.6666666666667425,0.004244258735276699,0.2919247956697268,0.0
0.6666666666667425,0.004737777192867013,0.32564266254259694,0.0
0.6666666666667425,0.0030927156675659667,0.21324977296636308,0.0
0.6666666666667425,0.003750740277686385,0.25820692879685664,0.0
0.6666666666667425,0.0029282095150358622,0.2020104840087397,0.0
0.6666666666667425,0.0019411725998552346,0.14197694597049013,0.0
0.6666666666667425,0.0011186418372047115,0.08293246536051144,0.0
0.6666666666667425,0.006093307889715075,0.41825440355341365,0.0
0.6666666666667425,0.004079752582746595,0.2806855067121034,0.0
0.6666666666667425,0.006093307889715075,0.41825440355341365,0.0
0.6666666666667425,0.004079752582746595,0.2806855067121034,0.0
0.6666666666667425,0.0018753701388431925,0.1372541967504968,0.5
0.6666666666667425,0.0014476541422649206,0.10085688339012921,1.0
0.6666666666667425,0.0073698756333486866,0.5054712858645711,0.0
0.6666666666667425,0.004889122853194709,0.3359828083836105,0.0
0.6666666666667425,0.003750740277686385,0.25820692879685664,0.0
0.6666666666667425,0.0029282095150358622,0.2020104840087397,0.0
0.6666666666667425,0.004408764887806804,0.30316408462735017,0.0
0.6666666666667425,0.003750740277686385,0.25820692879685664,0.0
0.6666666666667425,0.005362900572481411,0.36835196058156583,0.0
0.6666666666667425,0.0034414687109297886,0.23707706555652466,0.0
0.6666666666667425,0.0024346910574455484,0.16829261713586952,1.0
0.6666666666667425,0.0059189313680331635,0.40634075725833285,0.0
0.6666666666667425,0.00405672172139238,0.2791120062580361,0.0
0.6666666666667425,0.004244258735276699,0.2919247956697268,0.0
0.6666666666667425,0.003421727972626176,0.23572835088160984,0.0
0.6666666666667425,0.0049022833453971175,0.3368819515002203,0.0
0.6666666666667425,0.004408764887806804,0.30316408462735017,0.0
0.6666666666667425,0.006547344870698164,0.4492748410764542,1.0
0.6666666666667425,0.004737777192867013,0.32564266254259694,1.0
0.6666666666667425,0.00570836349279463,0.39195446739257495,0.0
0.6666666666667425,0.004211357504770678,0.28967693787820215,0.0
0.6666666666667425,0.00572481410804764,0.3930783962883373,0.0
0.6666666666667425,0.003750740277686385,0.25820692879685664,0.0
0.6666666666667425,0.0059189313680331635,0.40634075725833285,0.0
0.6666666666667425,0.00405672172139238,0.2791120062580361,0.0
0.6666666666667425,0.005560307955517536,0.3818391073307139,1.0
0.6666666666667425,0.004573271040336909,0.31440337358497356,1.0
0.6666666666667425,0.0075343817858787914,0.5167105748221945,1.0
0.6666666666667425,0.005560307955517536,0.3818391073307139,1.0
0.6666666666667425,0.0006580246101204185,0.04986872510497496,0.5
0.6666666666667425,0.005066789497927222,0.3481212404578437,1.0
0.6666666666667425,0.0027637033625057573,0.1907711950511163,1.0
0.6666666666667425,0.0019411725998552346,0.14197694597049013,0.0
0.6666666666667425,0.0009541356846746068,0.0711244683816323,0.0
0.6666666666667425,0.004573271040336909,0.31440337358497356,0.0
0.6666666666667425,0.0035862341251562805,0.24696763983923323,0.0
0.6666666666667425,0.005231295650457326,0.3593605294154671,0.0
0.6666666666667425,0.004244258735276699,0.2919247956697268,0.0
0.6666666666667425,0.005343159834177798,0.367003245906651,0.0
0.6666666666667425,0.0032638020661972756,0.2249386334822914,0.0
0.6666666666667425,0.002105678752385339,0.18221360043878185,1.0
0.6666666666667425,0.0011186418372047115,0.09917773361986028,1.0
0.6666666666667425,0.006382838718168059,0.43803555211883083,0.0
0.6666666666667425,0.005066789497927222,0.3481212404578437,0.0
0.6666666666667425,0.001283147989734816,0.09474271019718208,0.0
0.6666666666667425,0.0009870369151806276,0.07348696692052474,0.0
0.6666666666667425,0.006343357241560834,0.4353381227690012,0.0
0.6666666666667425,0.0038362834770020397,0.2640513590548208,0.0
0.6666666666667425,0.0030927156675659667,0.21324977296636308,1.0
0.6666666666667425,0.0030927156675659667,0.22463742053822708,0.5
0.6666666666667425,0.004079752582746595,0.2806855067121034,0.0
0.6666666666667425,0.0030927156675659667,0.21324977296636308,0.0
0.6666666666667425,0.002599197209975653,0.22373153384824265,0.0
0.6666666666667425,0.0017766664473251297,0.1545357274517385,0.0
0.6666666666667425,0.00391524643021649,0.26944621775448,1.0
0.6666666666667425,0.003421727972626176,0.23572835088160984,1.0
0.6666666666667425,0.005231295650457326,0.3593605294154671,0.0
0.6666666666667425,0.0038823451997104692,0.2671983599629554,0.0
0.6666666666667425,0.004671974731854971,0.3211469469595476,1.0
0.6666666666667425,0.0033230242811081133,0.2289847775070358,1.0
0.6666666666667425,0.004737777192867013,0.32564266254259694,0.0
0.6666666666667425,0.0030927156675659667,0.21324977296636308,0.0
0.6666666666667425,0.005066789497927222,0.3481212404578437,0.0
0.6666666666667425,0.004244258735276699,0.2919247956697268,0.0
0.6666666666667425,0.003750740277686385,0.25820692879685664,0.0
0.6666666666667425,0.0029282095150358622,0.2020104840087397,0.0
0.6666666666667425,0.004856221622688688,0.3337349505920858,0.0
0.6666666666667425,0.003316444035006909,0.22853520594873086,0.0
0.6666666666667425,0.0030927156675659667,0.21324977296636308,0.0
0.6666666666667425,0.0019411725998552346,0.13457475026299937,0.0
0.6666666666667425,0.003750740277686385,0.25820692879685664,0.0
0.6666666666667425,0.0029282095150358622,0.2020104840087397,0.0
0.6666666666667425,0.0017766664473251297,0.130168948991611,0.0
0.6666666666667425,0.0009541356846746068,0.0711244683816323,0.0
0.6666666666667425,0.01000197407383036,0.6852999091865453,1.0
0.6666666666667425,0.007665986707902875,0.5257020059882932,1.0
0.6666666666667425,0.009656511153517141,0.6616974023755362,0.0
0.6666666666667425,0.007866684213989603,0.5394139385165938,0.0
0.6666666666667425,0.005329999341975389,0.36610410279004113,1.0
0.6666666666667425,0.004079752582746595,0.2806855067121034,1.0
0.6666666666667425,0.00427715996578272,0.2941726534612515,1.0
0.6666666666667425,0.0032243205895900505,0.2222412041324618,1.0
0.6666666666667425,0.005099690728433243,0.3503690982493684,1.0
0.6666666666667425,0.0036849378166743433,0.2537112132138073,1.0
0.6666666666667425,0.006547344870698164,0.4492748410764542,1.0
0.6666666666667425,0.0058564190300717245,0.402069827454436,1.0
0.6666666666667425,0.0059189313680331635,0.40634075725833285,0.0
0.6666666666667425,0.00405672172139238,0.2791120062580361,0.0
0.6666666666667425,0.007945647167204053,0.544808797216253,0.0
0.6666666666667425,0.005468184510100677,0.3755451055144448,0.0
0.6666666666667425,0.0019411725998552346,0.14197694597049013,0.0
0.6666666666667425,0.0056261104165295775,0.38633482291376325,0.0
0.6666666666667425,0.004112653813252615,0.2829333645036281,0.0
0.6666666666667425,0.006547344870698164,0.4492748410764542,1.0
0.6666666666667425,0.0058564190300717245,0.402069827454436,1.0
0.6666666666667425,0.004606172270842929,0.31665123137649825,0.0
0.6666666666667425,0.0031585181285780084,0.21774548854941242,0.0
0.6666666666667425,0.005362900572481411,0.36835196058156583,0.0
0.6666666666667425,0.0034414687109297886,0.23707706555652466,0.0
0.6666666666667425,0.0073698756333486866,0.5054712858645711,1.0
0.6666666666667425,0.0062512337961439755,0.4290441209527321,1.0
0.6666666666667425,0.004244258735276699,0.2919247956697268,0.0
0.6666666666667425,0.0030927156675659667,0.21324977296636308,0.0
0.6666666666667425,0.0024346910574455484,0.16829261713586952,0.0
0.6666666666667425,0.0019411725998552346,0.13457475026299937,0.0
0.6666666666667425,0.004244258735276699,0.2919247956697268,0.0
0.6666666666667425,0.0030927156675659667,0.21324977296636308,0.0
0.6666666666667425,0.0014476541422649206,0.12685560660690362,1.0
0.6666666666667425,0.0009541356846746068,0.08533767319744284,1.0
0.6666666666667425,0.005560307955517536,0.3818391073307139,1.0
0.6666666666667425,0.004244258735276699,0.2919247956697268,1.0
0.6666666666667425,0.0024346910574455484,0.16829261713586952,0.0
0.6666666666667425,0.007411002171481213,0.508281108103977,1.0
0.6666666666667425,0.0043676383496742775,0.3003542623879443,1.0
0.6666666666667425,0.006177206027505428,0.4239864409218016,1.0
0.6666666666667425,0.0036273606632888067,0.24977746207863907,1.0
0.6666666666667425,0.007411002171481213,0.508281108103977,1.0
0.6666666666667425,0.0043676383496742775,0.3003542623879443,1.0
0.6666666666667425,0.007411002171481213,0.508281108103977,1.0
0.6666666666667425,0.0043676383496742775,0.3003542623879443,1.0
0.6666666666667425,0.007411002171481213,0.508281108103977,1.0
0.6666666666667425,0.0043676383496742775,0.3003542623879443,1.0
0.6666666666667425,0.006177206027505428,0.4239864409218016,1.0
0.6666666666667425,0.0036273606632888067,0.24977746207863907,1.0
0.6666666666667425,0.006646048562216227,0.45601841445102825,1.0
0.6666666666667425,0.003981048891228532,0.27394193333752936,1.0
0.6666666666667425,0.00967296176877015,0.6628213312712985,1.0
0.6666666666667425,0.0062512337961439755,0.4290441209527321,1.0
0.6666666666667425,0.006530894255445153,0.44815091218069186,0.0
0.6666666666667425,0.004481147594920049,0.30810937176870445,0.0
0.33333333333337123,0.0013014081726656576,0.09086515550680202,0.5
0.6666666666667425,0.0059189313680331635,0.40634075725833285,0.0
0.6666666666667425,0.00405672172139238,0.2791120062580361,0.0
0.6666666666667425,0.001283147989734816,0.09474271019718208,0.0
0.6666666666667425,0.0009870369151806276,0.07348696692052474,0.0
0.6666666666667425,0.006530894255445153,0.44815091218069186,0.0
0.6666666666667425,0.004481147594920049,0.30810937176870445,0.0
0.6666666666667425,0.006547344870698164,0.4492748410764542,1.0
0.6666666666667425,0.005889320260577745,0.4043176852459607,1.0
0.6666666666667425,0.0059189313680331635,0.40634075725833285,0.0
0.6666666666667425,0.00405672172139238,0.2791120062580361,0.0
0.6666666666667425,0.007945647167204053,0.544808797216253,0.0
0.6666666666667425,0.005468184510100677,0.3755451055144448,0.0
0.6666666666667425,0.005066789497927222,0.3481212404578437,0.0
0.6666666666667425,0.004244258735276699,0.2919247956697268,0.0
0.6666666666667425,0.004737777192867013,0.32564266254259694,0.0
0.6666666666667425,0.0030927156675659667,0.21324977296636308,0.0
0.6666666666667425,0.003421727972626176,0.23572835088160984,0.0
0.6666666666667425,0.0029282095150358622,0.2020104840087397,0.0
0.6666666666667425,0.0059189313680331635,0.40634075725833285,0.0
0.6666666666667425,0.00405672172139238,0.2791120062580361,0.0
0.6666666666667425,0.006547344870698164,0.4492748410764542,1.0
0.6666666666667425,0.0058564190300717245,0.402069827454436,1.0
0.6666666666667425,0.21695071395670198,0.02821511099921775,1.0
0.6666666666667425,0.01214055405672172,0.8314106656356494,0.5
0.6666666666667425,0.006093307889715075,0.41825440355341365,0.0
0.6666666666667425,0.004079752582746595,0.2806855067121034,0.0
0.6666666666667425,0.007205369480818582,0.49423199690694775,0.0
0.6666666666667425,0.004948345068105547,0.3400289524083549,0.0
0.6666666666667425,0.005362900572481411,0.36835196058156583,0.0
0.6666666666667425,0.0034414687109297886,0.23707706555652466,0.0
0.6666666666667425,0.006530894255445153,0.44815091218069186,0.0
0.6666666666667425,0.004481147594920049,0.30810937176870445,0.0
0.6666666666667425,0.002599197209975653,0.22373153384824265,0.0
0.6666666666667425,0.0019411725998552346,0.16837354001636443,0.0
0.6666666666667425,0.0059189313680331635,0.40634075725833285,0.0
0.6666666666667425,0.00405672172139238,0.2791120062580361,0.0
0.6666666666667425,0.0044317957491610185,0.30473758508141746,0.0
0.6666666666667425,0.002888728038428637,0.19931305465891008,0.0
0.6666666666667425,0.011318023294071198,0.7752142208475324,1.0
0.6666666666667425,0.004244258735276699,0.2919247956697268,1.0
0.6666666666667425,0.003616963874448904,0.24906713901651725,1.0
0.6666666666667425,0.002489504507468579,0.17203754821654965,1.0
0.6666666666667425,0.00019740738303612552,0.015438287312191483,1.0
0.6666666666667425,0.0030927156675659667,0.22380796101315448,1.0
0.6666666666667425,0.0008883332236625649,0.0626433009342097,1.0
0.6666666666667425,0.0008883332236625649,0.06640171916163896,1.0
0.6666666666667425,0.0064157399486740796,0.44028340991035547,0.0
0.6666666666667425,0.0037178390471803643,0.25595907100533194,0.0
0.6666666666667425,0.005560307955517536,0.3818391073307139,1.0
0.6666666666667425,0.004737777192867013,0.32564266254259694,1.0
0.6666666666667425,0.004887806803974468,0.3358928940719495,0.0
0.6666666666667425,0.0038707639665723492,0.2664071140203387,0.0
0.6666666666667425,0.004079752582746595,0.2806855067121034,0.0
0.6666666666667425,0.0030927156675659667,0.21324977296636308,0.0
0.6666666666667425,0.005395801802987431,0.37059981837309053,0.0
0.6666666666667425,0.004573271040336909,0.31440337358497356,0.0
0.6666666666667425,0.004244258735276699,0.2919247956697268,1.0
0.6666666666667425,0.0030927156675659667,0.21324977296636308,1.0
0.6666666666667425,0.007945647167204053,0.544808797216253,0.0
0.6666666666667425,0.005468184510100677,0.3755451055144448,0.0
0.6666666666667425,0.005642561031782588,0.3874587518095256,1.0
0.6666666666667425,0.004211357504770678,0.28967693787820215,1.0
0.6666666666667425,0.0059189313680331635,0.40634075725833285,0.0
0.6666666666667425,0.00405672172139238,0.2791120062580361,0.0
0.6666666666667425,0.006138185168125287,0.42132048158105334,1.0
0.6666666666667425,0.004568467460683029,0.314075186347411,1.0
0.6666666666667425,0.004079752582746595,0.2806855067121034,0.0
0.6666666666667425,0.003257221820096071,0.22448906192398646,0.0
0.6666666666667425,0.005701947752845956,0.39151613512322764,1.0
0.6666666666667425,0.00447874580509311,0.3079452781499232,1.0
0.6666666666667425,0.010166480226360465,0.6965391981441686,1.0
0.6666666666667425,0.007205369480818582,0.49423199690694775,1.0
0.6666666666667425,0.007827202737382377,0.5367165091667642,1.0
0.6666666666667425,0.004954925314206751,0.34047852396665984,1.0
0.6666666666667425,0.0065802461012041845,0.45152269886797886,0.0
0.6666666666667425,0.005066789497927222,0.3481212404578437,0.0
0.6666666666667425,0.003388826742120155,0.23348049309008517,0.0
0.6666666666667425,0.0024017898269395274,0.16604475934434484,0.0
0.6666666666667425,0.005066789497927222,0.3481212404578437,0.0
0.6666666666667425,0.003388826742120155,0.23348049309008517,0.0
0.6666666666667425,0.002599197209975653,0.18921118174379817,0.5
0.6666666666667425,0.005807067184312693,0.398698040767149,1.0
0.6666666666667425,0.004030400736987563,0.2773137200248164,1.0
0.6666666666667425,0.005066789497927222,0.3481212404578437,1.0
0.6666666666667425,0.0027637033625057573,0.1907711950511163,1.0
0.6666666666667425,0.002345857735079292,0.1622234010987529,1.0
0.6666666666667425,0.0013028887280384285,0.09096630910742064,1.0
0.6666666666667425,0.003981048891228532,0.27394193333752936,1.0
0.6666666666667425,0.003421727972626176,0.23572835088160984,1.0
0.6666666666667425,0.006711851023228268,0.4605141300340776,1.0
0.6666666666667425,0.00427715996578272,0.2941726534612515,1.0
0.6666666666667425,0.00019740738303612552,0.016804984849438487,1.0
0.6666666666667425,0.005395801802987431,0.37059981837309053,1.0
0.6666666666667425,0.004408764887806804,0.30316408462735017,1.0
0.6666666666667425,0.007945647167204053,0.544808797216253,0.0
0.6666666666667425,0.005468184510100677,0.3755451055144448,0.0
0.6666666666667425,0.007205369480818582,0.49423199690694775,0.0
0.6666666666667425,0.005859709153122326,0.40229461323358845,0.0
0.6666666666667425,0.004079752582746595,0.2806855067121034,0.0
0.6666666666667425,0.0027637033625057573,0.1907711950511163,0.0
0.6666666666667425,0.003750740277686385,0.25820692879685664,1.0
0.6666666666667425,0.0030927156675659667,0.21324977296636308,1.0
0.6666666666667425,0.002599197209975653,0.17953190609349293,1.0
0.6666666666667425,0.0023688885964335063,0.16379690155282017,1.0
0.6666666666667425,0.005099690728433243,0.3503690982493684,1.0
0.6666666666667425,0.003421727972626176,0.23572835088160984,1.0
0.6666666666667425,0.00427715996578272,0.2941726534612515,1.0
0.6666666666667425,0.0032243205895900505,0.2222412041324618,1.0
0.6666666666667425,0.001283147989734816,0.09474271019718208,0.0
0.6666666666667425,0.0009870369151806276,0.07348696692052474,0.0
0.6666666666667425,0.006547344870698164,0.4492748410764542,0.0
0.6666666666667425,0.005066789497927222,0.3481212404578437,0.0
0.6666666666667425,0.005362900572481411,0.36835196058156583,0.0
0.6666666666667425,0.0034414687109297886,0.23707706555652466,0.0
0.6666666666667425,0.0014476541422649206,0.12685560660690362,1.0
0.6666666666667425,0.0011186418372047115,0.09917773361986028,1.0
0.6666666666667425,0.005066789497927222,0.3481212404578437,0.0
0.6666666666667425,0.004079752582746595,0.2806855067121034,0.0
0.6666666666667425,0.007863394090939,0.5391891527374413,0.0
0.6666666666667425,0.00572481410804764,0.3930783962883373,0.0
0.6666666666667425,0.004244258735276699,0.2919247956697268,0.0
0.6666666666667425,0.0030927156675659667,0.21324977296636308,0.0
0.6666666666667425,0.007040863328288478,0.48299270794932436,0.0
0.6666666666667425,0.004737777192867013,0.32564266254259694,0.0
0.6666666666667425,0.006331512798578666,0.4345288939640523,0.0
0.6666666666667425,0.004540369809830887,0.3121555157934489,0.0
0.6666666666667425,0.0076988879384088955,0.5279498637798179,0.0
0.6666666666667425,0.005395801802987431,0.37059981837309053,0.0
0.6666666666667425,0.006331512798578666,0.4345288939640523,0.0
0.6666666666667425,0.004540369809830887,0.3121555157934489,0.0
0.6666666666667425,0.004737777192867013,0.32564266254259694,1.0
0.6666666666667425,0.0030927156675659667,0.21324977296636308,1.0
0.6666666666667425,0.003750740277686385,0.25820692879685664,0.0
0.6666666666667425,0.0029282095150358622,0.2020104840087397,0.0
0.6666666666667425,0.0013489504507468578,0.11855201992501146,0.5
0.6666666666667425,0.0019082713693492136,0.1323268924714747,1.0
0.6666666666667425,0.0010528393761926695,0.0782097161405181,0.5
0.6666666666667425,0.005961702967690991,0.40926297238731496,1.0
0.6666666666667425,0.0036224254787129034,0.2494402834099104,1.0
0.6666666666667425,0.004737777192867013,0.32564266254259694,0.0
0.6666666666667425,0.003981048891228532,0.27394193333752936,0.0
0.6666666666667425,0.008850431006119628,0.6066248864831816,1.0
0.6666666666667425,0.005264196880963348,0.3616083872069918,1.0
0.6666666666667425,0.00505688622754491,0.3474446352625948,0.0
0.6666666666667425,0.00437382378100941,0.30077685965275097,0.0
0.6666666666667425,0.0023030861354214646,0.15930118596977083,0.5
0.6666666666667425,0.005287227742317562,0.3631818876610591,0.0
0.6666666666667425,0.0037178390471803643,0.25595907100533194,0.0
0.6666666666667425,0.004079752582746595,0.2806855067121034,0.0
0.6666666666667425,0.0030927156675659667,0.21324977296636308,0.0
0.6666666666667425,0.002566295979469632,0.22096442090687576,0.0
0.6666666666667425,0.0022701849049154435,0.1960536608611993,0.0
0.6666666666667425,0.0024346910574455484,0.16829261713586952,0.0
0.6666666666667425,0.0015299072185299728,0.1064765278689409,0.0
0.6666666666667425,0.007567283016384812,0.5189584326137192,1.0
0.6666666666667425,0.005790616569059682,0.39757411187138664,1.0
0.6666666666667425,0.00572481410804764,0.3930783962883373,1.0
0.6666666666667425,0.004408764887806804,0.30316408462735017,1.0
0.6666666666667425,0.007205369480818582,0.49423199690694775,0.0
0.6666666666667425,0.004948345068105547,0.3400289524083549,0.0
0.6666666666667425,0.004244258735276699,0.2919247956697268,1.0
0.6666666666667425,0.0030927156675659667,0.21324977296636308,1.0
0.6666666666667425,0.006530894255445153,0.44815091218069186,0.0
0.6666666666667425,0.004481147594920049,0.30810937176870445,0.0
0.6666666666667425,0.0076988879384088955,0.5279498637798179,1.0
0.6666666666667425,0.003928538527340922,0.270354352302256,0.5
0.6666666666667425,0.00967296176877015,0.6628213312712985,0.0
0.6666666666667425,0.004079752582746595,0.2806855067121034,0.0
0.6666666666667425,0.006218332565637954,0.42679626316120745,1.0
0.6666666666667425,0.005560307955517536,0.3818391073307139,1.0
0.6666666666667425,0.0049022833453971175,0.3368819515002203,0.0
0.6666666666667425,0.003421727972626176,0.23572835088160984,0.0
0.6666666666667425,0.0038494439692044477,0.2649505021714307,0.0
0.6666666666667425,0.0028377311311443046,0.19582887508204683,0.0
0.6666666666667425,0.005395801802987431,0.37059981837309053,0.0
0.6666666666667425,0.004737777192867013,0.32564266254259694,0.0
0.6666666666667425,0.00572481410804764,0.3930783962883373,1.0
0.6666666666667425,0.0030927156675659667,0.21324977296636308,1.0
0.6666666666667425,0.002994011976047904,0.20650619959178904,1.0
0.6666666666667425,0.0027637033625057573,0.1907711950511163,1.0
0.6666666666667425,0.006382838718168059,0.43803555211883083,0.0
0.6666666666667425,0.005066789497927222,0.3481212404578437,0.0
0.6666666666667425,0.006711851023228268,0.4605141300340776,1.0
0.6666666666667425,0.00572481410804764,0.3930783962883373,1.0
0.6666666666667425,0.008356912548529315,0.5729070196103114,0.0
0.6666666666667425,0.00572481410804764,0.3930783962883373,0.0
0.6666666666667425,0.006711851023228268,0.4605141300340776,1.0
0.6666666666667425,0.00496808580640916,0.3413776670832697,1.0
0.6666666666667425,0.00572481410804764,0.3930783962883373,1.0
0.6666666666667425,0.0030927156675659667,0.21324977296636308,1.0
0.6666666666667425,0.0024346910574455484,0.16829261713586952,0.0
0.6666666666667425,0.0015299072185299728,0.1064765278689409,0.0
0.6666666666667425,0.004013950121734553,0.27618979112905406,0.0
0.6666666666667425,0.00248404290320458,0.17166440382315654,0.0
0.6666666666667425,0.003257221820096071,0.22448906192398646,0.0
0.6666666666667425,0.002105678752385339,0.14581403922062275,0.0
0.6666666666667425,0.005560307955517536,0.3818391073307139,0.0
0.6666666666667425,0.0038329933539514374,0.26382657327566833,0.0
0.6666666666667425,0.005428703033493452,0.37284767616461517,0.0
0.6666666666667425,0.003652036586168322,0.2514633554222826,0.0
0.6666666666667425,0.006474962163584917,0.44432955393509993,0.0
0.6666666666667425,0.003234190958741857,0.22291556146991917,0.0
0.6666666666667425,0.0013818516812528787,0.10182795795606787,0.0
0.6666666666667425,0.0009541356846746068,0.0711244683816323,0.0
0.6666666666667425,0.006284135026649996,0.4312919787442568,0.0
0.6666666666667425,0.0030598144370599456,0.2110019151748384,0.0
0.6666666666667425,0.005066789497927222,0.3481212404578437,0.0
0.6666666666667425,0.003421727972626176,0.23572835088160984,0.0
0.6666666666667425,0.0059189313680331635,0.40634075725833285,0.0
0.6666666666667425,0.00405672172139238,0.2791120062580361,0.0
0.6666666666667425,0.0007896295321445021,0.05589972755963567,1.0
0.6666666666667425,0.0023688885964335063,0.16379690155282017,1.0
0.6666666666667425,0.0013818516812528787,0.09636116780707986,1.0
0.6666666666667425,0.005395801802987431,0.37059981837309053,0.0
0.6666666666667425,0.004079752582746595,0.2806855067121034,0.0
0.6666666666667425,0.004737777192867013,0.32564266254259694,0.0
0.6666666666667425,0.0029282095150358622,0.2020104840087397,0.0
0.6666666666667425,0.0023688885964335063,0.16379690155282017,1.0
0.6666666666667425,0.0011844442982167531,0.08287402105793179,1.0
0.6666666666667425,0.011173257879844705,0.7653236465648238,0.0
0.6666666666667425,0.007383036125551095,0.506370428981181,0.0
0.6666666666667425,0.004573271040336909,0.31440337358497356,0.0
0.6666666666667425,0.0035862341251562805,0.24696763983923323,0.0
0.6666666666667425,0.0023688885964335063,0.16379690155282017,1.0
0.6666666666667425,0.0013818516812528787,0.09636116780707986,1.0
0.6666666666667425,0.005591564124498256,0.38397457223266235,1.0
0.6666666666667425,0.004081397644271895,0.28079789960167967,1.0
0.6666666666667425,0.006567085609001776,0.45062355575136903,0.0
0.6666666666667425,0.003280252681450286,0.22606256237805372,0.0
0.6666666666667425,0.007587023754688425,0.520307147288634,1.0
0.6666666666667425,0.0027373823781009408,0.18897290881789655,1.0
0.6666666666667425,0.002566295979469632,0.17728404830196823,1.0
0.6666666666667425,0.0015792590642890042,0.10984831455622793,1.0
0.6666666666667425,0.0024346910574455484,0.16829261713586952,1.0
0.6666666666667425,0.006382838718168059,0.43803555211883083,1.0
0.6666666666667425,0.002961110745541883,0.1542255230765081,1.0
0.6666666666667425,0.005231295650457326,0.3593605294154671,0.5
0.6666666666667425,0.0006909258406264393,0.06319627395092477,0.5
0.6666666666667425,0.0059189313680331635,0.40634075725833285,0.0
0.6666666666667425,0.00405672172139238,0.2791120062580361,0.0
0.6666666666667425,0.005362900572481411,0.36835196058156583,0.0
0.6666666666667425,0.0034414687109297886,0.23707706555652466,0.0
0.33333333333337123,0.012963084819372243,0.0006226566082523349,0.5
0.33333333333337123,0.0030927156675659667,0.15716572106782237,0.5
0.6666666666667425,0.007205369480818582,0.49423199690694775,0.0
0.6666666666667425,0.005859709153122326,0.40229461323358845,0.0
0.6666666666667425,0.0059189313680331635,0.40634075725833285,0.0
0.6666666666667425,0.00405672172139238,0.2791120062580361,0.0
0.6666666666667425,0.007205369480818582,0.49423199690694775,0.0
0.6666666666667425,0.004948345068105547,0.3400289524083549,0.0
0.6666666666667425,0.0059189313680331635,0.40634075725833285,0.0
0.6666666666667425,0.00405672172139238,0.2791120062580361,0.0
0.6666666666667425,0.003355925511614134,0.2312326352985605,0.0
0.6666666666667425,6.580246101204186e-05,0.006446856146092774,1.0
0.6666666666667425,0.0049022833453971175,0.3368819515002203,1.0
0.6666666666667425,0.0010528393761926695,0.07388258989183309,1.0
0.6666666666667425,0.002599197209975653,0.17953190609349293,0.0
0.6666666666667425,0.0019411725998552346,0.13457475026299937,0.0
0.6666666666667425,0.0049022833453971175,0.3368819515002203,1.0
0.6666666666667425,0.0010528393761926695,0.07388258989183309,1.0
0.6666666666667425,0.0027637033625057573,0.23757159427066007,0.0
0.6666666666667425,0.0022701849049154435,0.1960536608611993,0.0
0.6666666666667425,0.004856221622688688,0.3337349505920858,1.0
0.6666666666667425,0.003316444035006909,0.22853520594873086,1.0
0.6666666666667425,0.005889320260577745,0.4043176852459607,1.0
0.6666666666667425,0.0014476541422649206,0.10085688339012921,1.0
0.6666666666667425,0.0059189313680331635,0.40634075725833285,0.0
0.6666666666667425,0.00405672172139238,0.2791120062580361,0.0
0.6666666666667425,0.0049022833453971175,0.3368819515002203,1.0
0.6666666666667425,0.0010528393761926695,0.07388258989183309,1.0
0.6666666666667425,0.005329999341975389,0.36610410279004113,1.0
0.6666666666667425,0.004079752582746595,0.2806855067121034,1.0
0.6666666666667425,0.0038626044614068567,0.26584964528804056,0.0
0.6666666666667425,0.002701191024544318,0.1865002652472194,0.0
0.6666666666667425,0.003750740277686385,0.25820692879685664,1.0
0.6666666666667425,0.0016121602947950253,0.1120961723477526,1.0
0.6666666666667425,0.0059189313680331635,0.40634075725833285,0.0
0.6666666666667425,0.00405672172139238,0.2791120062580361,0.0
0.6666666666667425,0.006093307889715075,0.41825440355341365,0.0
0.6666666666667425,0.004079752582746595,0.2806855067121034,0.0
0.6666666666667425,0.005362900572481411,0.36835196058156583,0.0
0.6666666666667425,0.0034414687109297886,0.23707706555652466,0.0
0.6666666666667425,0.004737777192867013,0.32564266254259694,0.0
0.6666666666667425,0.003750740277686385,0.25820692879685664,0.0
0.6666666666667425,0.004375863657300783,0.30091622683582553,0.0
0.6666666666667425,0.003816542738698427,0.262702644379906,0.0
0.6666666666667425,0.0059189313680331635,0.40634075725833285,0.0
0.6666666666667425,0.00405672172139238,0.2791120062580361,0.0
0.6666666666667425,0.004395604395604396,0.3022649415107403,0.0
0.6666666666667425,0.0026222280713298677,0.1811054065475602,0.0
0.6666666666667425,0.005889320260577745,0.4043176852459607,1.0
0.6666666666667425,0.0014476541422649206,0.10085688339012921,1.0
0.6666666666667425,0.0059189313680331635,0.40634075725833285,0.0
0.6666666666667425,0.00405672172139238,0.2791120062580361,0.0
0.6666666666667425,0.007205369480818582,0.49423199690694775,0.0
0.6666666666667425,0.004948345068105547,0.3400289524083549,0.0
0.6666666666667425,0.006382838718168059,0.43803555211883083,1.0
0.6666666666667425,0.005560307955517536,0.3818391073307139,1.0
0.6666666666667425,0.0059189313680331635,0.40634075725833285,0.0
0.6666666666667425,0.00405672172139238,0.2791120062580361,0.0
0.6666666666667425,0.004688425347107982,0.32227087585530995,1.0
0.6666666666667425,0.003033493452655129,0.20920362894161865,1.0
0.6666666666667425,0.0035862341251562805,0.24696763983923323,1.0
0.6666666666667425,0.0029282095150358622,0.2020104840087397,1.0
0.6666666666667425,0.007205369480818582,0.49423199690694775,1.0
0.6666666666667425,0.0019740738303612552,0.13682260805452404,1.0
0.6666666666667425,0.005889320260577745,0.4043176852459607,1.0
0.6666666666667425,0.0014476541422649206,0.10085688339012921,1.0
0.6666666666667425,0.001283147989734816,0.09474271019718208,0.0
0.6666666666667425,0.0009870369151806276,0.07348696692052474,0.0
0.6666666666667425,0.004211357504770678,0.28967693787820215,0.0
0.6666666666667425,0.003026913206553925,0.2087540573833137,0.0
0.6666666666667425,0.003257221820096071,0.22448906192398646,0.0
0.6666666666667425,0.0018424689083371719,0.12783117688842535,0.0
0.6666666666667425,0.001677962755807067,0.11659188793080194,1.0
0.6666666666667425,0.006711851023228268,0.3510681820225326,0.5
0.6666666666667425,0.0045469500559320915,0.31260508735175385,1.0
0.6666666666667425,0.003598078568138448,0.2477768686441821,1.0
0.6666666666667425,0.003750740277686385,0.17542057419279428,0.0
0.6666666666667425,0.09850628413502664,0.07422875999172789,1.0
0.6666666666667425,0.002105678752385339,0.15378494294936926,0.0
0.6666666666667425,0.0011186418372047115,0.08293246536051144,0.0
0.6666666666667425,0.005395801802987431,0.37059981837309053,1.0
0.6666666666667425,0.004737777192867013,0.32564266254259694,1.0
0.6666666666667425,0.00572481410804764,0.3930783962883373,1.0
0.6666666666667425,0.005066789497927222,0.3481212404578437,1.0
0.6666666666667425,0.003355925511614134,0.2312326352985605,0.5
0.6666666666667425,0.006382838718168059,0.43803555211883083,1.0
0.6666666666667425,0.004737777192867013,0.32564266254259694,1.0
0.6666666666667425,0.005198394419951306,0.27164012695900813,0.5
0.6666666666667425,0.006011054813450023,0.41263475907460195,1.0
0.6666666666667425,0.0050797854839771004,0.34900914428549595,1.0
0.6666666666667425,0.003616963874448904,0.24906713901651725,1.0
0.6666666666667425,0.002489504507468579,0.17203754821654965,1.0
0.6666666666667425,0.00967296176877015,0.6628213312712985,0.0
0.6666666666667425,0.007205369480818582,0.49423199690694775,0.0
0.6666666666667425,0.006331512798578666,0.4345288939640523,1.0
0.6666666666667425,0.004540369809830887,0.3121555157934489,1.0
0.6666666666667425,0.006102355728104231,0.41887256444608295,1.0
0.6666666666667425,0.004458939264328486,0.3065920677594253,1.0
0.6666666666667425,0.0013818516812528787,0.10182795795606787,0.0
0.6666666666667425,0.0009541356846746068,0.0711244683816323,0.0
0.6666666666667425,0.0021714812133973808,0.15850994002715413,1.0
0.6666666666667425,0.004963742843982364,0.34108094985478843,1.0
0.6666666666667425,0.006382838718168059,0.43803555211883083,1.0
0.6666666666667425,0.006331512798578666,0.4345288939640523,0.0
0.6666666666667425,0.004540369809830887,0.3121555157934489,0.0
0.6666666666667425,0.0019740738303612552,0.14433944450938258,1.0
0.6666666666667425,0.003750740277686385,0.0,1.0
0.6666666666667425,0.0027637033625057573,0.1907711950511163,1.0
0.6666666666667425,0.003750740277686385,0.27187390416932666,0.0
0.6666666666667425,0.0024346910574455484,0.17740318476491904,0.0
0.6666666666667425,0.006382838718168059,0.43803555211883083,1.0
0.6666666666667425,0.00572481410804764,0.3930783962883373,1.0
0.6666666666667425,0.003355925511614134,0.2312326352985605,1.0
0.6666666666667425,0.002599197209975653,0.17953190609349293,1.0
0.6666666666667425,0.006711851023228268,0.4605141300340776,1.0
0.6666666666667425,0.00572481410804764,0.3930783962883373,1.0
0.6666666666667425,0.005231295650457326,0.3593605294154671,1.0
0.6666666666667425,0.004145555043758636,0.28518122229515275,1.0
0.6666666666667425,0.004079752582746595,0.2806855067121034,1.0
0.6666666666667425,0.003421727972626176,0.23572835088160984,1.0
0.6666666666667425,0.0019411725998552346,0.08972998732208207,0.5
0.33333333333337123,0.0016450615253010461,0.08293696107609448,0.5
0.6666666666667425,0.004244258735276699,0.2919247956697268,1.0
0.6666666666667425,0.005685332631440415,0.39038096693850766,1.0
0.6666666666667425,0.004148845166809238,0.2854060080743052,1.0
0.6666666666667425,0.00046061722708429296,0.0334211496443889,0.5
0.6666666666667425,0.004408764887806804,0.30316408462735017,0.0
0.6666666666667425,0.003421727972626176,0.23572835088160984,0.0
0.6666666666667425,0.005066789497927222,0.3481212404578437,1.0
0.6666666666667425,0.002599197209975653,0.17953190609349293,1.0
0.6666666666667425,0.008027900243469105,0.5504284416950647,1.0
0.6666666666667425,0.0018753701388431925,0.13007903467995002,1.0
0.6666666666667425,0.005961702967690991,0.40926297238731496,1.0
0.6666666666667425,0.0036224254787129034,0.2494402834099104,1.0
0.6666666666667425,0.00013160492202408372,0.010942571729142127,0.0
0.6666666666667425,0.006382838718168059,0.43803555211883083,1.0
0.6666666666667425,0.004573271040336909,0.31440337358497356,1.0
0.6666666666667425,0.007369809830887674,0.5054667901489881,0.0
0.6666666666667425,0.004887313285516878,0.3358591762050766,0.0
0.6666666666667425,0.006876357175758373,0.471753418991701,0.0
0.6666666666667425,0.005033888267421201,0.34587338266631906,0.0
0.6666666666667425,0.007369809830887674,0.5054667901489881,0.0
0.6666666666667425,0.004887313285516878,0.3358591762050766,0.0
0.6666666666667425,0.0014476541422649206,0.10085688339012921,1.0
0.6666666666667425,0.005823517799565703,0.3998219696629113,1.0
0.6666666666667425,0.0030844903599394615,0.2126878085184819,1.0
0.6666666666667425,0.0020530367835757055,0.14221746675418329,1.0
0.6666666666667425,0.007596894123840231,0.5209815046260914,1.0
0.6666666666667425,0.005040468513522405,0.346322954224624,1.0
0.6666666666667425,0.007804994406790814,0.535199205157485,1.0
0.6666666666667425,0.005717411331183786,0.3925726282852442,1.0
0.6666666666667425,0.005560307955517536,0.3818391073307139,1.0
0.6666666666667425,0.004737777192867013,0.32564266254259694,1.0
0.6666666666667425,0.006711851023228268,0.4605141300340776,1.0
0.6666666666667425,0.00572481410804764,0.3930783962883373,1.0
0.6666666666667425,0.004671974731854971,0.3211469469595476,1.0
0.6666666666667425,0.004013950121734553,0.27618979112905406,1.0
0.6666666666667425,0.00605382641310785,0.41555697420358406,1.0
0.6666666666667425,0.004244258735276699,0.2919247956697268,1.0
0.6666666666667425,0.004079752582746595,0.2806855067121034,1.0
0.6666666666667425,0.003421727972626176,0.23572835088160984,1.0
0.6666666666667425,0.006102355728104231,0.41887256444608295,1.0
0.6666666666667425,0.004458939264328486,0.3065920677594253,1.0
0.6666666666667425,0.005066789497927222,0.3481212404578437,1.0
0.6666666666667425,0.002599197209975653,0.17953190609349293,1.0
0.6666666666667425,0.0069750608672764355,0.478496992366275,0.0
0.6666666666667425,0.004583141409488714,0.31507773092243097,0.0
0.6666666666667425,0.006231493057840363,0.4276954062778173,1.0
0.6666666666667425,0.004122524182404421,0.2836077218410855,1.0
0.6666666666667425,0.003257221820096071,0.22448906192398646,1.0
0.6666666666667425,0.006102355728104231,0.41887256444608295,1.0
0.6666666666667425,0.004458939264328486,0.3065920677594253,1.0
0.6666666666667425,0.006613147331710205,0.45377055665950355,1.0
0.6666666666667425,0.004836480884385075,0.332386235917171,1.0
0.6666666666667425,0.006102355728104231,0.41887256444608295,1.0
0.6666666666667425,0.004458939264328486,0.3065920677594253,1.0
0.6666666666667425,0.003421727972626176,0.23572835088160984,0.0
0.6666666666667425,0.0030598144370599456,0.2110019151748384,0.0
0.6666666666667425,0.006102355728104231,0.41887256444608295,1.0
0.6666666666667425,0.004458939264328486,0.3065920677594253,1.0
0.6666666666667425,0.006102355728104231,0.41887256444608295,1.0
0.6666666666667425,0.004458939264328486,0.3065920677594253,1.0
0.6666666666667425,0.006102355728104231,0.41887256444608295,1.0
0.6666666666667425,0.004458939264328486,0.3065920677594253,1.0
0.6666666666667425,0.006382838718168059,0.43803555211883083,1.0
0.6666666666667425,0.004244258735276699,0.2919247956697268,1.0
0.6666666666667425,0.006613147331710205,0.45377055665950355,1.0
0.6666666666667425,0.004836480884385075,0.332386235917171,1.0
0.6666666666667425,0.006102355728104231,0.41887256444608295,1.0
0.6666666666667425,0.004458939264328486,0.3065920677594253,1.0
0.6666666666667425,0.006102355728104231,0.41887256444608295,1.0
0.6666666666667425,0.004458939264328486,0.3065920677594253,1.0
0.6666666666667425,0.006102355728104231,0.41887256444608295,1.0
0.6666666666667425,0.004458939264328486,0.3065920677594253,1.0
0.6666666666667425,0.006241363426992169,0.4283697636152747,0.0
0.6666666666667425,0.004096203197999605,0.28180943560786575,0.0
0.6666666666667425,0.004079752582746595,0.2806855067121034,1.0
0.6666666666667425,0.002566295979469632,0.17728404830196823,1.0
0.6666666666667425,0.0030927156675659667,0.21324977296636308,1.0
0.6666666666667425,0.0017766664473251297,0.12333546130537598,1.0
0.6666666666667425,0.0019411725998552346,0.16837354001636443,1.0
0.6666666666667425,0.0016121602947950253,0.14069566702932107,1.0
0.6666666666667425,0.004451536487464631,0.3060862997563323,0.0
0.6666666666667425,0.0031618082516286106,0.2179702743285649,0.0
0.6666666666667425,0.0013818516812528787,0.10182795795606787,0.0
0.6666666666667425,0.0009541356846746068,0.0711244683816323,0.0
0.6666666666667425,0.004737777192867013,0.32564266254259694,1.0
0.6666666666667425,0.002533394748963611,0.21819506010771736,1.0
0.6666666666667425,0.05902480752780153,0.039921954377478266,0.5
0.6666666666667425,0.004540369809830887,0.3121555157934489,1.0
0.6666666666667425,0.003520431664144239,0.24247192425618389,1.0
0.6666666666667425,0.0007896295321445021,0.059316471402753174,1.0
0.6666666666667425,0.006231493057840363,0.4276954062778173,1.0
0.6666666666667425,0.004122524182404421,0.2836077218410855,1.0
0.6666666666667425,0.006231493057840363,0.4276954062778173,1.0
0.6666666666667425,0.004122524182404421,0.2836077218410855,1.0
0.6666666666667425,0.006231493057840363,0.4276954062778173,1.0
0.6666666666667425,0.004122524182404421,0.2836077218410855,1.0
0.6666666666667425,0.00605382641310785,0.41555697420358406,1.0
0.6666666666667425,0.004244258735276699,0.2919247956697268,1.0
0.6666666666667425,0.004244258735276699,0.2919247956697268,1.0
0.6666666666667425,0.0024346910574455484,0.16829261713586952,1.0
0.6666666666667425,0.020629071527275118,0.006559249035669009,1.0
0.6666666666667425,0.005066789497927222,0.3481212404578437,1.0
0.6666666666667425,0.002599197209975653,0.17953190609349293,1.0
0.6666666666667425,0.005685332631440415,0.39038096693850766,1.0
0.6666666666667425,0.004148845166809238,0.2854060080743052,1.0
0.6666666666667425,0.0017766664473251297,0.12333546130537598,1.0
0.6666666666667425,0.0017766664473251297,0.130168948991611,0.5
0.6666666666667425,0.0014476541422649206,0.10085688339012921,1.0
0.6666666666667425,0.004408764887806804,0.30316408462735017,1.0
0.6666666666667425,0.003257221820096071,0.22448906192398646,1.0
0.6666666666667425,0.0019411725998552346,0.16837354001636443,1.0
0.6666666666667425,0.0016121602947950253,0.14069566702932107,1.0
0.6666666666667425,0.00605382641310785,0.41555697420358406,1.0
0.6666666666667425,0.004408764887806804,0.30316408462735017,1.0
0.6666666666667425,0.0030927156675659667,0.21324977296636308,1.0
0.6666666666667425,0.0017766664473251297,0.12333546130537598,1.0
0.6666666666667425,0.00572481410804764,0.3930783962883373,1.0
0.6666666666667425,0.005231295650457326,0.3593605294154671,1.0
0.6666666666667425,0.003355925511614134,0.2312326352985605,0.0
0.33333333333337123,0.00046061722708429296,0.0334211496443889,0.5
0.6666666666667425,0.00605382641310785,0.41555697420358406,1.0
0.6666666666667425,0.004244258735276699,0.2919247956697268,1.0
0.6666666666667425,0.005705073369744028,0.3917296816134225,0.0
0.6666666666667425,0.004869382114891097,0.3346340937086957,0.0
0.6666666666667425,0.006182141212081331,0.4243236195905303,0.0
0.6666666666667425,0.00405672172139238,0.2791120062580361,0.0
0.6666666666667425,0.0071277225768243725,0.4889270525189495,0.0
0.6666666666667425,0.005795880765940646,0.3979337691180306,0.0
0.6666666666667425,0.004737777192867013,0.32564266254259694,0.0
0.6666666666667425,0.0030927156675659667,0.21324977296636308,0.0
0.6666666666667425,0.0038329933539514374,0.26382657327566833,1.0
0.6666666666667425,0.0030927156675659667,0.21324977296636308,1.0
0.6666666666667425,0.009590708692505098,0.6572016867924868,1.0
0.6666666666667425,0.008356912548529315,0.5729070196103114,1.0
0.33333333333337123,0.0002961110745541883,0.022181860686765514,1.0
0.6666666666667425,0.006152530104625913,0.4223005475781581,1.0
0.6666666666667425,0.00286240705402382,0.19751476842569032,0.0
0.6666666666667425,0.002204382443903402,0.1525576125951968,0.0
0.6666666666667425,0.0030927156675659667,0.21324977296636308,1.0
0.6666666666667425,0.0017766664473251297,0.12333546130537598,1.0
0.6666666666667425,0.0011285122063565177,0.005995036729996312,1.0
0.6666666666667425,0.004309863788905704,0.296407024106027,1.0
0.6666666666667425,0.0031443705994604197,0.2167789096990568,1.0
0.6666666666667425,0.008027900243469105,0.5504284416950647,1.0
0.6666666666667425,0.0018753701388431925,0.13007903467995002,1.0
0.6666666666667425,0.004211357504770678,0.28967693787820215,0.0
0.6666666666667425,0.003026913206553925,0.2087540573833137,0.0
0.6666666666667425,0.006102355728104231,0.41887256444608295,1.0
0.6666666666667425,0.004458939264328486,0.3065920677594253,1.0
0.6666666666667425,0.0016121602947950253,0.11835870415494035,0.5
0.6666666666667425,0.00427715996578272,0.2941726534612515,1.0
0.6666666666667425,0.0034875304336382178,0.24022406646465919,1.0
0.6666666666667425,0.0054616042639994734,0.37509553395613987,1.0
0.6666666666667425,0.004408764887806804,0.30316408462735017,1.0
0.6666666666667425,0.006876357175758373,0.471753418991701,0.0
0.6666666666667425,0.005198394419951306,0.35711267162394245,0.0
0.6666666666667425,0.00967296176877015,0.6628213312712985,0.0
0.6666666666667425,0.004079752582746595,0.2806855067121034,0.0
0.6666666666667425,0.008027900243469105,0.5504284416950647,1.0
0.6666666666667425,0.0018753701388431925,0.13007903467995002,1.0
0.6666666666667425,0.00572481410804764,0.3930783962883373,1.0
0.6666666666667425,0.004737777192867013,0.32564266254259694,1.0
0.33333333333337123,0.0008883332236625649,0.09049425897120045,0.5
0.6666666666667425,0.008027900243469105,0.5504284416950647,1.0
0.6666666666667425,0.0018753701388431925,0.13007903467995002,1.0
0.6666666666667425,0.006102355728104231,0.41887256444608295,1.0
0.6666666666667425,0.004458939264328486,0.3065920677594253,1.0
0.6666666666667425,0.0030104625913009143,0.20763012848755139,1.0
0.6666666666667425,0.006803974468645127,0.4668081318503467,1.0
0.6666666666667425,0.004500888333223662,0.3094580864436193,1.0
0.6666666666667425,0.002105678752385339,0.15378494294936926,0.5
0.6666666666667425,0.0014476541422649206,0.10085688339012921,0.5
0.6666666666667425,0.016253207869974334,0.002758121510200778,1.0
0.6666666666667425,0.00479699940777785,0.3296888065673414,0.0
0.6666666666667425,0.0040876488780680394,0.28122499258206934,0.0
0.6666666666667425,0.005231295650457326,0.3593605294154671,1.0
0.6666666666667425,0.004416990195433308,0.3037260490752314,1.0
0.6666666666667425,0.004244258735276699,0.2919247956697268,0.0
0.6666666666667425,0.0035862341251562805,0.24696763983923323,0.0
0.6666666666667425,0.005705073369744028,0.3917296816134225,1.0
0.6666666666667425,0.004869382114891097,0.3346340937086957,1.0
0.6666666666667425,0.006102355728104231,0.41887256444608295,1.0
0.6666666666667425,0.004458939264328486,0.3065920677594253,1.0
0.6666666666667425,0.006102355728104231,0.41887256444608295,1.0
0.6666666666667425,0.004458939264328486,0.3065920677594253,1.0
0.6666666666667425,0.006102355728104231,0.41887256444608295,1.0
0.6666666666667425,0.004458939264328486,0.3065920677594253,1.0
0.6666666666667425,0.0022701849049154435,0.15705332817824613,0.0
0.6666666666667425,0.0024346910574455484,0.17740318476491904,1.0
0.6666666666667425,0.002105678752385339,0.15378494294936926,1.0
0.6666666666667425,0.0024346910574455484,0.2098914734258252,1.0
0.6666666666667425,0.002105678752385339,0.18221360043878185,1.0
0.6666666666667425,0.0024346910574455484,0.17740318476491904,1.0
0.6666666666667425,0.002105678752385339,0.15378494294936926,1.0
0.6666666666667425,0.006102355728104231,0.41887256444608295,1.0
0.6666666666667425,0.004458939264328486,0.3065920677594253,1.0
0.6666666666667425,0.006102355728104231,0.41887256444608295,1.0
0.6666666666667425,0.004458939264328486,0.3065920677594253,1.0
0.6666666666667425,0.002545765611633875,0.21923581826519328,1.0
0.6666666666667425,0.0019413042047772586,0.16838477930532203,1.0
0.6666666666667425,0.006102355728104231,0.41887256444608295,1.0
0.6666666666667425,0.004458939264328486,0.3065920677594253,1.0
0.6666666666667425,0.0025978153582944,0.22361464524308336,1.0
0.6666666666667425,0.0020011186418372046,0.1734177329005458,1.0
0.6666666666667425,0.006102355728104231,0.41887256444608295,1.0
0.6666666666667425,0.004458939264328486,0.3065920677594253,1.0
0.6666666666667425,0.006102355728104231,0.41887256444608295,0.0
0.6666666666667425,0.004458939264328486,0.3065920677594253,0.0
0.6666666666667425,0.0035862341251562805,0.24696763983923323,0.0
0.6666666666667425,0.0007896295321445021,0.059316471402753174,0.5
0.6666666666667425,0.002467592287951569,0.17054047492739421,1.0
0.6666666666667425,0.0019740738303612552,0.13682260805452404,1.0
0.6666666666667425,0.001316049220240837,0.0918654522240305,1.0
0.6666666666667425,0.0024346910574455484,0.16829261713586952,1.0
0.6666666666667425,0.006382838718168059,0.43803555211883083,1.0
0.6666666666667425,0.00572481410804764,0.3930783962883373,1.0
0.6666666666667425,0.006382838718168059,0.43803555211883083,1.0
0.6666666666667425,0.0065177337632427446,0.447251769064082,0.0
0.6666666666667425,0.004280450088833322,0.29439743924040396,0.0
0.6666666666667425,0.008027900243469105,0.5504284416950647,0.0
0.6666666666667425,0.0018753701388431925,0.13007903467995002,0.0
0.6666666666667425,0.002961110745541883,0.2541787676344444,0.0
0.6666666666667425,0.0027637033625057573,0.23757159427066007,0.0
0.33333333333337123,0.003750740277686385,0.031337385471645524,0.5
0.6666666666667425,0.006102355728104231,0.41887256444608295,1.0
0.6666666666667425,0.004458939264328486,0.3065920677594253,1.0
0.6666666666667425,0.006102355728104231,0.41887256444608295,1.0
0.6666666666667425,0.004458939264328486,0.3065920677594253,1.0
0.6666666666667425,0.006102355728104231,0.41887256444608295,1.0
0.6666666666667425,0.004458939264328486,0.3065920677594253,1.0
0.6666666666667425,0.0029282095150358622,0.2020104840087397,1.0
0.6666666666667425,0.002105678752385339,0.14581403922062275,1.0
0.6666666666667425,0.0022701849049154435,0.15705332817824613,1.0
0.6666666666667425,4.935184575903138e-05,0.005322927250330435,0.5
0.6666666666667425,0.003520431664144239,0.24247192425618389,0.0
0.6666666666667425,0.005395801802987431,0.37059981837309053,1.0
0.6666666666667425,0.004079752582746595,0.2806855067121034,1.0
0.6666666666667425,0.003520431664144239,0.24247192425618389,1.0
0.6666666666667425,0.004408764887806804,0.30316408462735017,1.0
0.33333333333337123,0.0014476541422649206,0.10085688339012921,1.0
0.6666666666667425,0.0023359873659274857,0.10842766843198433,1.0
0.6666666666667425,0.005560307955517536,0.3818391073307139,0.0
0.6666666666667425,0.004408764887806804,0.30316408462735017,0.0
0.6666666666667425,0.0007402776863854707,0.055773847523310285,0.5
0.6666666666667425,0.008027900243469105,0.5504284416950647,0.0
0.6666666666667425,0.0018753701388431925,0.13007903467995002,0.0
0.6666666666667425,0.005066789497927222,0.3481212404578437,0.0
0.6666666666667425,0.00372770941633217,0.25663342834278935,0.0
0.6666666666667425,0.004573271040336909,0.31440337358497356,0.5
0.6666666666667425,0.003257221820096071,0.22448906192398646,0.0
0.6666666666667425,0.0027637033625057573,0.1907711950511163,0.0
0.6666666666667425,0.004612752516944134,0.3171008029348032,1.0
0.6666666666667425,0.003891228531947094,0.267805281566667,1.0
0.6666666666667425,0.007205369480818582,0.49423199690694775,0.0
0.6666666666667425,0.005066789497927222,0.3481212404578437,0.0
0.6666666666667425,0.0015134566032769625,0.11127345639605457,1.0
0.6666666666667425,0.005915641244982562,0.4061159714791804,1.0
0.6666666666667425,0.004323221688491149,0.297319654369386,1.0
0.6666666666667425,0.007863394090939,0.5391891527374413,0.0
0.6666666666667425,0.00572481410804764,0.3930783962883373,0.0
0.6666666666667425,0.006497993024939132,0.44590305438916716,0.0
0.6666666666667425,0.004803579653879055,0.33013837812564634,0.0
0.6666666666667425,0.008027900243469105,0.5504284416950647,0.0
0.6666666666667425,0.0018753701388431925,0.13007903467995002,0.0
0.6666666666667425,0.005922221491083766,0.4065655430374853,1.0
0.6666666666667425,0.0046982957162597875,0.32294523319276736,1.0
0.6666666666667425,0.2465618214121208,0.20287815711626822,0.5
0.6666666666667425,0.0032243205895900505,0.2763201668809625,0.5
0.6666666666667425,0.00250049351845759,0.17278833271891889,0.0
0.6666666666667425,0.003421727972626176,0.23572835088160984,1.0
0.6666666666667425,0.005494505494505494,0.3773433917476645,0.5
0.6666666666667425,0.006497993024939132,0.44590305438916716,0.0
0.6666666666667425,0.004803579653879055,0.33013837812564634,0.0
0.6666666666667425,0.005922221491083766,0.4065655430374853,1.0
0.6666666666667425,0.0046982957162597875,0.32294523319276736,1.0
0.6666666666667425,0.0008685924853589523,0.002558062166755082,1.0
0.6666666666667425,0.00500098703691518,0.34362552487479436,1.0
0.6666666666667425,0.004211357504770678,0.28967693787820215,1.0
0.6666666666667425,0.005395801802987431,0.37059981837309053,1.0
0.6666666666667425,0.003750740277686385,0.25820692879685664,1.0
0.6666666666667425,0.006382838718168059,0.43803555211883083,1.0
0.6666666666667425,0.004737777192867013,0.32564266254259694,1.0
0.6666666666667425,0.006915838652365598,0.47445084834153056,0.0
0.6666666666667425,0.004543659932881489,0.3123803015726014,0.0
0.6666666666667425,0.003421727972626176,0.24825566235377686,0.0
0.6666666666667425,0.002599197209975653,0.18921118174379817,0.0
0.6666666666667425,0.008027900243469105,0.5504284416950647,0.0
0.6666666666667425,0.0018753701388431925,0.13007903467995002,0.0
0.6666666666667425,0.004244258735276699,0.2919247956697268,1.0
0.6666666666667425,0.002599197209975653,0.17953190609349293,1.0
0.6666666666667425,0.004244258735276699,0.2919247956697268,1.0
0.6666666666667425,0.002599197209975653,0.17953190609349293,1.0
0.6666666666667425,0.0065802461012041845,0.45152269886797886,1.0
0.6666666666667425,0.005563598078568138,0.3820638931098664,1.0
0.6666666666667425,0.006042310982430742,0.4147702239765504,0.0
0.6666666666667425,0.005231164045535303,0.35935153798430103,0.0
0.6666666666667425,0.004706192011581233,0.3234847190627333,1.0
0.6666666666667425,0.0035500427715996576,0.24449499626855606,1.0
0.6666666666667425,0.004869382114891097,0.3346340937086957,1.0
0.6666666666667425,0.0039481476607225105,0.2716940755460047,1.0
0.6666666666667425,0.006382838718168059,0.43803555211883083,1.0
0.6666666666667425,0.004737777192867013,0.32564266254259694,1.0
0.6666666666667425,0.006241363426992169,0.4283697636152747,0.0
0.6666666666667425,0.004096203197999605,0.28180943560786575,0.0
0.6666666666667425,0.005395801802987431,0.37059981837309053,1.0
0.6666666666667425,0.004244258735276699,0.2919247956697268,1.0
0.6666666666667425,0.0024346910574455484,0.2098914734258252,0.0
0.6666666666667425,0.0017766664473251297,0.1545357274517385,0.0
0.6666666666667425,0.003652036586168322,0.2514633554222826,1.0
0.6666666666667425,0.0030746199907876553,0.2120134511810245,1.0
0.6666666666667425,0.006382838718168059,0.43803555211883083,1.0
0.6666666666667425,0.004244258735276699,0.2919247956697268,1.0
0.6666666666667425,0.006182141212081331,0.4243236195905303,0.0
0.6666666666667425,0.00405672172139238,0.2791120062580361,0.0
0.6666666666667425,0.001283147989734816,0.11301779404227771,1.0
0.6666666666667425,0.002105678752385339,0.18221360043878185,0.0
0.6666666666667425,0.0014476541422649206,0.12685560660690362,0.0
0.6666666666667425,0.005560307955517536,0.3818391073307139,1.0
0.6666666666667425,0.004079752582746595,0.2806855067121034,1.0
0.6666666666667425,0.00599131407514641,0.41128604439968713,0.0
0.6666666666667425,0.00440415871553596,0.30284938453653676,0.0
0.6666666666667425,0.007985128643811278,0.5475062265660826,0.0
0.6666666666667425,0.005300388234519971,0.36408103077766896,0.0
0.6666666666667425,0.014608146344673289,0.0013284839547910848,1.0
0.6666666666667425,0.0038626044614068567,0.26584964528804056,0.0
0.6666666666667425,0.002701191024544318,0.1865002652472194,0.0
0.6666666666667425,0.0013818516812528787,0.10182795795606787,1.0
0.6666666666667425,0.007863394090939,0.5391891527374413,0.0
0.6666666666667425,0.006547344870698164,0.4492748410764542,0.0
0.6666666666667425,0.004451536487464631,0.3060862997563323,0.0
0.6666666666667425,0.0031618082516286106,0.2179702743285649,0.0
0.6666666666667425,0.004451536487464631,0.3060862997563323,0.0
0.6666666666667425,0.0031618082516286106,0.2179702743285649,0.0
0.6666666666667425,0.0014476541422649206,0.10085688339012921,1.0
0.6666666666667425,0.0024346910574455484,0.17740318476491904,1.0
0.6666666666667425,0.0014476541422649206,0.12685560660690362,0.5
0.6666666666667425,0.008027900243469105,0.5504284416950647,0.0
0.6666666666667425,0.0018753701388431925,0.13007903467995002,0.0
0.6666666666667425,0.006037375797854839,0.4144330453078217,1.0
0.6666666666667425,0.004412055010857406,0.30338887040650264,1.0
0.6666666666667425,0.00564585115483319,0.3876835375886781,1.0
0.6666666666667425,0.004122524182404421,0.2836077218410855,1.0
0.6666666666667425,0.0005922221491083766,0.04241258081048761,0.0
0.6666666666667425,0.0005922221491083766,0.04241258081048761,0.0
0.6666666666667425,0.008027900243469105,0.5504284416950647,0.0
0.6666666666667425,0.0018753701388431925,0.13007903467995002,0.0
0.6666666666667425,0.0064782522866355195,0.4445543397142524,1.0
0.6666666666667425,0.004122524182404421,0.2836077218410855,1.0
0.6666666666667425,0.004573271040336909,0.31440337358497356,1.0
0.6666666666667425,0.0035862341251562805,0.24696763983923323,1.0
0.6666666666667425,0.0035862341251562805,0.24696763983923323,0.5
0.6666666666667425,0.006182141212081331,0.4243236195905303,0.0
0.6666666666667425,0.00405672172139238,0.2791120062580361,0.0
0.6666666666667425,0.00572481410804764,0.3930783962883373,1.0
0.6666666666667425,0.004408764887806804,0.30316408462735017,1.0
0.6666666666667425,0.006915838652365598,0.47445084834153056,0.0
0.6666666666667425,0.004543659932881489,0.3123803015726014,0.0
0.6666666666667425,0.006909258406264393,0.4740012767832257,0.0
0.6666666666667425,0.004540369809830887,0.3121555157934489,0.0
0.6666666666667425,0.004737777192867013,0.32564266254259694,1.0
0.33333333333337123,0.029413700072382705,0.015822670994542203,1.0
0.6666666666667425,0.13798776074225175,0.1085355656059775,1.0
0.6666666666667425,0.0014476541422649206,0.10085688339012921,0.5
0.33333333333337123,0.008027900243469105,0.5504284416950647,0.5
0.6666666666667425,0.0024346910574455484,0.17740318476491904,0.0
0.6666666666667425,0.0033230242811081133,0.28462375356285463,1.0
0.6666666666667425,0.0013818516812528787,0.09636116780707986,1.0
0.6666666666667425,0.008373363163782324,0.5740309485060738,0.0
0.6666666666667425,0.005563598078568138,0.3820638931098664,0.0
0.6666666666667425,0.006711851023228268,0.4605141300340776,1.0
0.6666666666667425,0.0030927156675659667,0.21324977296636308,1.0
0.6666666666667425,0.0016121602947950253,0.1120961723477526,1.0
0.6666666666667425,0.004079752582746595,0.2806855067121034,1.0
0.6666666666667425,0.0022175429361058104,0.16181653883848693,1.0
0.6666666666667425,0.00143120352701191,0.10537058183551076,0.5
0.6666666666667425,0.07876554583141408,0.057075357184603076,1.0
0.6666666666667425,0.006603244061327893,0.45309395146425463,0.0
0.6666666666667425,0.003063104560110548,0.21122670095399088,0.0
0.6666666666667425,0.006382838718168059,0.43803555211883083,0.0
0.6666666666667425,0.0015792590642890042,0.10984831455622793,0.0
0.6666666666667425,0.008027900243469105,0.5504284416950647,0.0
0.6666666666667425,0.0018753701388431925,0.13007903467995002,0.0
0.6666666666667425,0.008027900243469105,0.5504284416950647,0.0
0.6666666666667425,0.0018753701388431925,0.13007903467995002,0.0
0.6666666666667425,0.008027900243469105,0.5504284416950647,0.0
0.6666666666667425,0.0018753701388431925,0.13007903467995002,0.0
0.6666666666667425,0.004079752582746595,0.2806855067121034,0.5
0.6666666666667425,0.0030927156675659667,0.21324977296636308,0.0
0.6666666666667425,0.0024346910574455484,0.16829261713586952,0.0
0.6666666666667425,0.005066789497927222,0.3481212404578437,0.0
0.6666666666667425,0.0030927156675659667,0.21324977296636308,0.0
0.6666666666667425,0.007083634927946305,0.4859149230783064,1.0
0.6666666666667425,0.004695005593209185,0.3227204474136149,1.0
0.6666666666667425,0.0007896295321445021,0.05589972755963567,1.0
0.6666666666667425,0.0006909258406264393,0.0522312236438674,0.5
0.6666666666667425,0.002237283674409423,0.1932843000620409,0.0
0.6666666666667425,0.0014476541422649206,0.12685560660690362,0.0
0.6666666666667425,0.001710863986313088,0.12544395191382612,1.0
0.6666666666667425,0.00800355333289465,0.5487650269293364,0.0
0.6666666666667425,0.005902480752780153,0.40521682836257056,0.0
0.6666666666667425,0.005395801802987431,0.37059981837309053,1.0
0.6666666666667425,0.004079752582746595,0.2806855067121034,1.0
0.6666666666667425,0.0019411725998552346,0.16837354001636443,0.5
0.6666666666667425,0.004042738698427321,0.27815666669663813,1.0
0.6666666666667425,0.002885437915378035,0.1990882688797576,1.0
0.6666666666667425,0.00572481410804764,0.3930783962883373,1.0
0.6666666666667425,0.0030927156675659667,0.21324977296636308,1.0
0.6666666666667425,0.004285714285714285,0.2947570964870479,1.0
0.6666666666667425,0.0033980390866618407,0.23410989327171208,1.0
0.6666666666667425,0.005066789497927222,0.3481212404578437,1.0
0.6666666666667425,0.0028295058235177995,0.19526691063416565,1.0
0.6666666666667425,0.006382838718168059,0.43803555211883083,1.0
0.6666666666667425,0.005066789497927222,0.3481212404578437,1.0
0.6666666666667425,0.003421727972626176,0.2929273402447468,0.0
0.6666666666667425,0.002599197209975653,0.22373153384824265,0.0
0.6666666666667425,0.003652036586168322,0.2514633554222826,1.0
0.6666666666667425,0.0030746199907876553,0.2120134511810245,1.0
0.6666666666667425,0.004046851352240573,0.27843764892057876,1.0
0.6666666666667425,0.002632098440481674,0.1817797638850176,1.0
0.0,0.032703823122984796,0.018794338994937827,1.0
0.0,0.032703823122984796,0.018794338994937827,1.0
0.6666666666667425,0.005066789497927222,0.3481212404578437,0.0
0.6666666666667425,0.00372770941633217,0.25663342834278935,0.0
0.6666666666667425,0.0030927156675659667,0.21324977296636308,1.0
0.6666666666667425,0.0006251233796143975,0.044660438602012284,0.5
0.6666666666667425,0.0027637033625057573,0.1351524497154212,0.5
0.6666666666667425,0.006382838718168059,0.43803555211883083,1.0
0.6666666666667425,0.00572481410804764,0.3930783962883373,1.0
0.6666666666667425,0.004836480884385075,0.332386235917171,1.0
0.6666666666667425,0.006711851023228268,0.4605141300340776,1.0
0.6666666666667425,0.0030927156675659667,0.21324977296636308,1.0
0.6666666666667425,0.004740244785154965,0.3258112518769613,1.0
0.6666666666667425,0.0034521616108442454,0.23780761933877018,1.0
0.6666666666667425,0.0005527406725011515,0.039715151460658,1.0
0.6666666666667425,0.005066789497927222,0.3481212404578437,1.0
0.6666666666667425,0.0028295058235177995,0.19526691063416565,1.0
0.6666666666667425,0.0064782522866355195,0.4445543397142524,1.0
0.6666666666667425,0.004122524182404421,0.2836077218410855,1.0
0.0,0.00046061722708429296,0.03973538218078172,1.0
0.6666666666667425,0.0002961110745541883,0.022181860686765514,0.0
0.6666666666667425,0.005560307955517536,0.3818391073307139,1.0
0.6666666666667425,0.004244258735276699,0.2919247956697268,1.0
0.6666666666667425,0.006152530104625913,0.28915093915498535,1.0
0.6666666666667425,0.002533394748963611,0.17503619051044356,0.0
0.6666666666667425,0.0022701849049154435,0.1960536608611993,1.0
0.6666666666667425,0.0016121602947950253,0.14069566702932107,1.0
0.6666666666667425,0.005922221491083766,0.4065655430374853,0.0
0.6666666666667425,0.0046982957162597875,0.32294523319276736,0.0
0.6666666666667425,0.0035171415410936366,0.24224713847703142,0.0
0.6666666666667425,0.002774231756267684,0.1914905095444042,0.0
0.6666666666667425,0.0076988879384088955,0.5279498637798179,0.0
0.6666666666667425,0.005066789497927222,0.3481212404578437,0.0
0.6666666666667425,0.00967296176877015,0.6628213312712985,1.0
0.6666666666667425,0.006382838718168059,0.43803555211883083,1.0
0.6666666666667425,0.0018589195235901822,0.1360718235521548,0.5
0.6666666666667425,0.006382838718168059,0.43803555211883083,1.0
0.6666666666667425,0.0029282095150358622,0.251409406835286,0.0
0.6666666666667425,0.0022701849049154435,0.1960536608611993,0.0
0.6666666666667425,0.003750740277686385,0.25820692879685664,0.0
0.6666666666667425,0.0035171415410936366,0.24224713847703142,1.0
0.6666666666667425,0.002774231756267684,0.1914905095444042,1.0
0.6666666666667425,0.004573271040336909,0.31440337358497356,1.0
0.6666666666667425,0.0032703823122984797,0.22538820504059634,1.0
0.0,0.0012239257748239783,0.09921145148673315,0.0
0.6666666666667425,0.0027637033625057573,0.23757159427066007,0.0
0.6666666666667425,0.0022701849049154435,0.1960536608611993,0.0
0.6666666666667425,0.0068862275449101795,0.4724277763291584,1.0
0.6666666666667425,0.005007567283016385,0.3440750964330993,1.0
0.6666666666667425,0.0066822399157728495,0.45849105802170537,1.0
0.6666666666667425,0.004889122853194709,0.3359828083836105,1.0
0.6666666666667425,0.003616963874448904,0.24906713901651725,0.0
0.6666666666667425,0.002489504507468579,0.17203754821654965,0.0
0.6666666666667425,0.005560307955517536,0.3818391073307139,1.0
0.6666666666667425,0.0049022833453971175,0.3368819515002203,1.0
0.6666666666667425,0.0024346910574455484,0.17740318476491904,1.0
0.6666666666667425,0.005198394419951306,0.35711267162394245,0.0
0.6666666666667425,0.004145555043758636,0.28518122229515275,0.0
0.6666666666667425,0.005395801802987431,0.37059981837309053,1.0
0.6666666666667425,0.0038494439692044477,0.2649505021714307,1.0
0.6666666666667425,0.006042310982430742,0.4147702239765504,0.0
0.6666666666667425,0.005231164045535303,0.35935153798430103,0.0
0.6666666666667425,0.0014476541422649206,0.10655070717606122,0.0
0.6666666666667425,0.0014476541422649206,0.10655070717606122,0.0
0.6666666666667425,0.004737777192867013,0.24746666426895172,1.0
0.6666666666667425,0.005244456142659735,0.36025967253207697,1.0
0.6666666666667425,0.004156083437520563,0.2859005367884407,1.0
0.6666666666667425,0.006671547015858393,0.45776050423945985,1.0
0.6666666666667425,0.004665394485753767,0.32069737540124266,1.0
0.6666666666667425,0.004309863788905704,0.296407024106027,1.0
0.6666666666667425,0.0031443705994604197,0.2167789096990568,1.0
0.6666666666667425,0.004042738698427321,0.27815666669663813,1.0
0.6666666666667425,0.002885437915378035,0.1990882688797576,1.0
0.6666666666667425,0.19720997565308943,0.15999577402735193,0.5
0.6666666666667425,0.0007402776863854707,0.06734806729187084,1.0
0.6666666666667425,0.0058432585378693155,0.4011706843378261,1.0
0.6666666666667425,0.0031190366519707833,0.2150480591995828,1.0
0.6666666666667425,0.0011186418372047115,0.09917773361986028,1.0
0.6666666666667425,0.0007896295321445021,0.07149986063281692,1.0
0.6666666666667425,0.0011186418372047115,0.08293246536051144,1.0
0.6666666666667425,0.0007896295321445021,0.059316471402753174,1.0
0.6666666666667425,0.0024346910574455484,0.17740318476491904,1.0
0.6666666666667425,0.002105678752385339,0.15378494294936926,1.0
0.6666666666667425,0.0024346910574455484,0.2098914734258252,1.0
0.6666666666667425,0.002105678752385339,0.18221360043878185,1.0
0.6666666666667425,0.0024346910574455484,0.17740318476491904,1.0
0.6666666666667425,0.002105678752385339,0.15378494294936926,1.0
0.6666666666667425,0.006042310982430742,0.4147702239765504,0.0
0.6666666666667425,0.005231164045535303,0.35935153798430103,0.0
0.6666666666667425,0.0011186418372047115,0.08293246536051144,1.0
0.6666666666667425,0.0007896295321445021,0.059316471402753174,1.0
0.6666666666667425,0.0022701849049154435,0.1960536608611993,1.0
0.6666666666667425,0.0017766664473251297,0.1545357274517385,1.0
0.6666666666667425,0.0068862275449101795,0.4724277763291584,0.0
0.6666666666667425,0.004421925380009212,0.30406322774396005,0.0
0.6666666666667425,0.0017766664473251297,0.130168948991611,1.0
0.6666666666667425,0.001283147989734816,0.09474271019718208,1.0
0.6666666666667425,0.008356912548529315,0.5729070196103114,1.0
0.6666666666667425,0.00572481410804764,0.3930783962883373,1.0
0.6666666666667425,0.0016121602947950253,0.14069566702932107,0.0
0.6666666666667425,0.0009541356846746068,0.08533767319744284,0.0
0.6666666666667425,0.0017766664473251297,0.130168948991611,1.0
0.6666666666667425,0.001283147989734816,0.09474271019718208,1.0
0.6666666666667425,0.0017766664473251297,0.1545357274517385,1.0
0.6666666666667425,0.001283147989734816,0.11301779404227771,1.0
0.33333333333337123,0.0012239257748239783,0.10324860408031147,0.5
0.6666666666667425,0.0017766664473251297,0.12333546130537598,1.0
0.6666666666667425,0.002530104625913009,0.1748114047312911,0.0
0.6666666666667425,0.0019049812462986113,0.13210210669232222,0.0
0.6666666666667425,0.005066789497927222,0.3481212404578437,1.0
0.6666666666667425,0.003497400802790024,0.2408984238021166,1.0
0.6666666666667425,0.007731789168914916,0.5301977215713426,1.0
0.6666666666667425,0.005033888267421201,0.34587338266631906,1.0
0.6666666666667425,0.00572481410804764,0.3930783962883373,0.0
0.6666666666667425,0.0024346910574455484,0.16829261713586952,0.0
0.6666666666667425,0.001710863986313088,0.11883974572232664,0.0
0.6666666666667425,0.001710863986313088,0.11883974572232664,0.0
0.6666666666667425,0.00427715996578272,0.2941726534612515,0.0
0.6666666666667425,0.003382246496018951,0.23303092153178023,0.0
0.6666666666667425,0.0077646903994209385,0.5324455793628673,1.0
0.6666666666667425,0.006382838718168059,0.43803555211883083,1.0
0.6666666666667425,0.0014476541422649206,0.12685560660690362,0.0
0.6666666666667425,0.0007896295321445021,0.07149986063281692,0.0
0.6666666666667425,0.0017766664473251297,0.1545357274517385,0.0
0.6666666666667425,0.0011186418372047115,0.09917773361986028,0.0
0.6666666666667425,0.005238533921168651,0.35985505812960256,1.0
0.6666666666667425,0.0037560044745673484,0.2585665860435006,1.0
0.6666666666667425,0.003888596433506613,0.26762545294334505,1.0
0.6666666666667425,0.002774231756267684,0.1914905095444042,1.0
0.6666666666667425,0.005788642495229321,0.39743924040389517,0.0
0.6666666666667425,0.004156083437520563,0.2859005367884407,0.0
0.6666666666667425,0.00704448246364414,0.4832399723063921,0.0
0.6666666666667425,0.005069421596367704,0.3483010690811657,0.0
0.6666666666667425,0.00572481410804764,0.3930783962883373,0.0
0.6666666666667425,0.003750740277686385,0.25820692879685664,0.0
0.6666666666667425,0.003964598275975521,0.27281800444176707,0.0
0.6666666666667425,0.003298677370533658,0.22732136274130754,0.0
0.6666666666667425,0.0036191353556623016,0.24921549763075793,0.0
0.6666666666667425,0.0030598144370599456,0.2110019151748384,0.0
0.6666666666667425,0.0049022833453971175,0.3368819515002203,1.0
0.6666666666667425,0.0037704810159899975,0.25955564347177146,1.0
0.6666666666667425,0.004079752582746595,0.2806855067121034,0.0
0.6666666666667425,0.0027637033625057573,0.1907711950511163,0.0
0.6666666666667425,0.005395801802987431,0.37059981837309053,1.0
0.6666666666667425,0.004737777192867013,0.32564266254259694,1.0
0.6666666666667425,0.0031618082516286106,0.2179702743285649,1.0
0.6666666666667425,0.0025959070869250507,0.17930712031434046,1.0
0.6666666666667425,0.004297558728696453,0.2955663252919968,1.0
0.6666666666667425,0.0030716588800421135,0.2118111439797873,1.0
0.6666666666667425,0.0027637033625057573,0.23757159427066007,0.0
0.6666666666667425,0.0024346910574455484,0.2098914734258252,0.0
0.6666666666667425,0.004606172270842929,0.31665123137649825,1.0
0.6666666666667425,0.0038494439692044477,0.2649505021714307,1.0
0.6666666666667425,0.0011186418372047115,0.09917773361986028,1.0
0.6666666666667425,0.0009541356846746068,0.08533767319744284,1.0
0.6666666666667425,0.004079752582746595,0.2806855067121034,1.0
0.6666666666667425,0.003421727972626176,0.23572835088160984,1.0
0.6666666666667425,0.005395801802987431,0.37059981837309053,1.0
0.6666666666667425,0.004244258735276699,0.2919247956697268,1.0
0.6666666666667425,0.005110942949266302,0.35113786561406984,1.0
0.6666666666667425,0.00431470026979009,0.2967374592013811,1.0
0.6666666666667425,0.0052970981114693685,0.3638562449985165,1.0
0.6666666666667425,0.0038494439692044477,0.2649505021714307,1.0
0.6666666666667425,0.0017766664473251297,0.1545357274517385,0.0
0.6666666666667425,0.0014476541422649206,0.12685560660690362,0.0
0.6666666666667425,0.0067612028689873,0.4638859167213646,1.0
0.6666666666667425,0.004362703165098374,0.30001708371921565,1.0
0.6666666666667425,0.0061327893663223,0.4209518329032433,1.0
0.6666666666667425,0.002786734223859972,0.19234469550518357,1.0
0.6666666666667425,0.004079752582746595,0.2806855067121034,1.0
0.6666666666667425,0.001819438046982957,0.12625767643435806,1.0
0.6666666666667425,0.004079752582746595,0.2806855067121034,1.0
0.6666666666667425,0.001819438046982957,0.12625767643435806,1.0
0.6666666666667425,0.005066789497927222,0.3481212404578437,0.0
0.6666666666667425,0.003520431664144239,0.24247192425618389,0.0
0.6666666666667425,0.004737777192867013,0.32564266254259694,0.0
0.6666666666667425,0.0029463051918141737,0.20324680579407825,0.0
0.6666666666667425,0.0052970981114693685,0.3638562449985165,1.0
0.6666666666667425,0.003602684740409291,0.24809156873499558,1.0
0.6666666666667425,0.0035171415410936366,0.24224713847703142,1.0
0.6666666666667425,0.002774231756267684,0.1914905095444042,1.0
0.6666666666667425,0.0035171415410936366,0.24224713847703142,1.0
0.6666666666667425,0.002774231756267684,0.1914905095444042,1.0
0.6666666666667425,0.005244456142659735,0.36025967253207697,1.0
0.6666666666667425,0.004156083437520563,0.2859005367884407,1.0
0.6666666666667425,0.007827202737382377,0.5367165091667642,1.0
0.6666666666667425,0.004954925314206751,0.34047852396665984,1.0
0.6666666666667425,0.004296900704086333,0.2955213681361663,1.0
0.6666666666667425,0.0033980390866618407,0.23410989327171208,1.0
0.6666666666667425,0.004042738698427321,0.27815666669663813,1.0
0.6666666666667425,0.002885437915378035,0.1990882688797576,1.0
0.6666666666667425,0.007172468250312561,0.49198413911542305,1.0
0.6666666666667425,0.005325886688162137,0.36582312056610056,1.0
0.6666666666667425,0.005560307955517536,0.3818391073307139,1.0
0.6666666666667425,0.004244258735276699,0.2919247956697268,1.0
0.6666666666667425,0.0066822399157728495,0.45849105802170537,1.0
0.6666666666667425,0.004889122853194709,0.3359828083836105,1.0
0.6666666666667425,0.00572481410804764,0.3930783962883373,1.0
0.6666666666667425,0.005066789497927222,0.3481212404578437,1.0
0.6666666666667425,0.00655721523984997,0.4499491984139116,0.0
0.6666666666667425,0.004421925380009212,0.30406322774396005,0.0
0.6666666666667425,0.005593209186023557,0.38408696512223856,1.0
0.6666666666667425,0.004540369809830887,0.3121555157934489,1.0
0.6666666666667425,0.006386128841218661,0.4382603378979833,1.0
0.6666666666667425,0.005066789497927222,0.3481212404578437,1.0
0.6666666666667425,0.0021221293676383494,0.1469379681163851,0.0
0.6666666666667425,0.0015792590642890042,0.10984831455622793,0.0
0.6666666666667425,0.00655721523984997,0.4499491984139116,0.0
0.6666666666667425,0.004421925380009212,0.30406322774396005,0.0
0.6666666666667425,0.00655721523984997,0.4499491984139116,0.0
0.6666666666667425,0.005879449891425938,0.40364332790850327,0.0
0.6666666666667425,0.005563598078568138,0.3820638931098664,1.0
0.6666666666667425,0.004416990195433308,0.3037260490752314,1.0
0.6666666666667425,0.0036240705402382045,0.2495526762994866,1.0
0.6666666666667425,0.0030614594985852468,0.21111430806441464,1.0
0.6666666666667425,0.004573271040336909,0.31440337358497356,1.0
0.6666666666667425,0.004079752582746595,0.2806855067121034,1.0
0.6666666666667425,0.0035171415410936366,0.24224713847703142,1.0
0.6666666666667425,0.002774231756267684,0.1914905095444042,1.0
0.6666666666667425,0.002599197209975653,0.17953190609349293,0.0
0.6666666666667425,0.0022701849049154435,0.15705332817824613,0.0
0.6666666666667425,0.006843455945252352,0.4695055612001763,1.0
0.6666666666667425,0.006139369612423504,0.4214014044615482,1.0
0.6666666666667425,0.008567480423767848,0.5872933094760694,1.0
0.6666666666667425,0.006814502862407054,0.4675274463436346,1.0
0.6666666666667425,0.0049022833453971175,0.3368819515002203,1.0
0.6666666666667425,0.0035862341251562805,0.24696763983923323,1.0
0.6666666666667425,0.004451536487464631,0.3060862997563323,0.0
0.6666666666667425,0.0031618082516286106,0.2179702743285649,0.0
0.6666666666667425,0.003616963874448904,0.24906713901651725,1.0
0.6666666666667425,0.002489504507468579,0.17203754821654965,1.0
0.6666666666667425,0.006603244061327893,0.45309395146425463,0.0
0.6666666666667425,0.003063104560110548,0.21122670095399088,0.0
0.6666666666667425,0.004079752582746595,0.2806855067121034,1.0
0.6666666666667425,0.0034381785878791864,0.2368522797773722,1.0
0.6666666666667425,0.0014476541422649206,0.12685560660690362,0.0
0.6666666666667425,0.0009541356846746068,0.08533767319744284,0.0
0.6666666666667425,0.0024346910574455484,0.16829261713586952,1.0
0.6666666666667425,0.0017766664473251297,0.12333546130537598,1.0
0.6666666666667425,0.006138185168125287,0.42132048158105334,1.0
0.6666666666667425,0.004568467460683029,0.314075186347411,1.0
0.6666666666667425,0.0073698756333486866,0.5054712858645711,1.0
0.6666666666667425,0.004737777192867013,0.32564266254259694,1.0
0.6666666666667425,0.004746331512798578,0.32622710556839335,1.0
0.6666666666667425,0.0033980390866618407,0.23410989327171208,1.0
0.6666666666667425,0.005395801802987431,0.37059981837309053,1.0
0.6666666666667425,0.004737777192867013,0.32564266254259694,1.0
0.6666666666667425,0.005066789497927222,0.3481212404578437,1.0
0.6666666666667425,0.004079752582746595,0.2806855067121034,1.0
0.6666666666667425,0.0020069750608672763,0.13907046584604874,0.0
0.6666666666667425,0.0015134566032769625,0.10535259897317857,0.0
0.6666666666667425,0.004869382114891097,0.3346340937086957,1.0
0.6666666666667425,0.0039481476607225105,0.2716940755460047,1.0
0.6666666666667425,0.004046851352240573,0.27843764892057876,0.0
0.6666666666667425,0.0030598144370599456,0.2110019151748384,0.0
0.6666666666667425,0.006711851023228268,0.4605141300340776,1.0
0.6666666666667425,0.004408764887806804,0.30316408462735017,1.0
0.6666666666667425,0.006711851023228268,0.4605141300340776,1.0
0.6666666666667425,0.004408764887806804,0.30316408462735017,1.0
0.6666666666667425,0.006711851023228268,0.4605141300340776,1.0
0.6666666666667425,0.004408764887806804,0.30316408462735017,1.0
0.6666666666667425,0.0030927156675659667,0.21324977296636308,1.0
0.6666666666667425,0.002072777521879318,0.14356618142909808,1.0
0.6666666666667425,0.006711851023228268,0.4605141300340776,1.0
0.6666666666667425,0.004408764887806804,0.30316408462735017,1.0
0.6666666666667425,0.004740244785154965,0.3258112518769613,1.0
0.6666666666667425,0.0034521616108442454,0.23780761933877018,1.0
0.6666666666667425,0.0030927156675659667,0.21324977296636308,1.0
0.6666666666667425,0.0006251233796143975,0.044660438602012284,1.0
0.6666666666667425,0.003964598275975521,0.27281800444176707,1.0
0.6666666666667425,0.003298677370533658,0.22732136274130754,1.0
0.6666666666667425,0.00704448246364414,0.4832399723063921,1.0
0.6666666666667425,0.005069421596367704,0.3483010690811657,1.0
0.6666666666667425,0.003257221820096071,0.22448906192398646,1.0
0.6666666666667425,0.0030927156675659667,0.21324977296636308,1.0
0.6666666666667425,0.005395801802987431,0.37059981837309053,1.0
0.6666666666667425,0.004244258735276699,0.2919247956697268,1.0
0.6666666666667425,0.0073698756333486866,0.5054712858645711,1.0
0.6666666666667425,0.004408764887806804,0.30316408462735017,1.0
0.6666666666667425,0.004244258735276699,0.2919247956697268,1.0
0.6666666666667425,0.0014476541422649206,0.10085688339012921,1.0
0.6666666666667425,0.007040863328288478,0.48299270794932436,1.0
0.6666666666667425,0.004408764887806804,0.30316408462735017,1.0
0.6666666666667425,0.004408764887806804,0.37596320706366837,0.0
0.6666666666667425,0.002105678752385339,0.18221360043878185,0.0
0.6666666666667425,0.007040863328288478,0.48299270794932436,1.0
0.6666666666667425,0.003750740277686385,0.25820692879685664,1.0
0.6666666666667425,0.006382838718168059,0.43803555211883083,1.0
0.6666666666667425,0.003750740277686385,0.25820692879685664,1.0
0.6666666666667425,0.003750740277686385,0.25820692879685664,1.0
0.6666666666667425,0.0019411725998552346,0.13457475026299937,1.0
0.6666666666667425,0.010462591300914653,0.7167699182678908,1.0
0.6666666666667425,0.006909258406264393,0.4740012767832257,1.0
0.6666666666667425,0.006711851023228268,0.4605141300340776,1.0
0.6666666666667425,0.0030927156675659667,0.21324977296636308,1.0
0.6666666666667425,0.005892610383628347,0.40454247102511315,1.0
0.6666666666667425,0.003253602684740409,0.22424179756691875,1.0
0.6666666666667425,0.003257221820096071,0.22448906192398646,1.0
0.6666666666667425,0.0024346910574455484,0.16829261713586952,1.0
0.6666666666667425,0.0030927156675659667,0.16113094221207191,1.0
0.0,0.00496808580640916,0.2516971326326012,0.5
0.6666666666667425,0.008027900243469105,0.4201358605249198,0.5
0.6666666666667425,0.003750740277686385,0.25820692879685664,1.0
0.6666666666667425,0.045864315325393167,0.028487101791992233,1.0
0.6666666666667425,0.07876554583141408,0.057075357184603076,1.0
0.6666666666667425,0.0015463578337829834,0.11363595493494699,0.5
0.6666666666667425,0.0014476541422649206,0.10655070717606122,0.5
0.6666666666667425,0.045864315325393167,0.028487101791992233,1.0
0.6666666666667425,0.0022701849049154435,0.15705332817824613,1.0
0.6666666666667425,0.00496808580640916,0.3413776670832697,1.0
0.6666666666667425,0.0027637033625057573,0.14386514651537086,0.5
0.6666666666667425,0.0019411725998552346,0.13457475026299937,1.0
0.6666666666667425,0.0019411725998552346,0.14197694597049013,1.0
0.33333333333337123,0.003388826742120155,0.23348049309008517,0.5
0.6666666666667425,0.0026979009014937157,0.14041243694758895,1.0
0.6666666666667425,0.00013160492202408372,0.010942571729142127,1.0
0.6666666666667425,0.00046061722708429296,0.0334211496443889,1.0
0.33333333333337123,0.0026649996709876946,0.21963144123650163,1.0
0.6666666666667425,0.006382838718168059,0.43803555211883083,1.0
0.6666666666667425,0.001990524445614266,0.10328681766276739,1.0
0.6666666666667425,0.0023688885964335063,0.16379690155282017,1.0
0.6666666666667425,0.004244258735276699,0.2919247956697268,1.0
0.6666666666667425,0.0035862341251562805,0.24696763983923323,1.0
0.6666666666667425,0.0037836415081924065,0.17697833964232088,1.0
0.6666666666667425,0.0011186418372047115,0.07837830547488243,1.0
0.6666666666667425,0.0007896295321445021,0.059316471402753174,1.0
0.6666666666667425,0.001677962755807067,0.12308370123272522,1.0
0.0,0.0013818516812528787,0.11151622503753923,1.0
0.6666666666667425,0.002599197209975653,0.18921118174379817,0.5
0.6666666666667425,0.003750740277686385,0.17542057419279428,0.5
0.6666666666667425,0.005231295650457326,0.3593605294154671,1.0
0.6666666666667425,0.004836480884385075,0.332386235917171,0.5
0.6666666666667425,0.0030927156675659667,0.21324977296636308,1.0
0.6666666666667425,0.0030927156675659667,0.16113094221207191,1.0
0.6666666666667425,0.004737777192867013,0.06401224632924823,1.0
0.6666666666667425,0.0022701849049154435,0.15705332817824613,1.0
0.0,0.00046061722708429296,0.0334211496443889,0.0
0.6666666666667425,0.0007567283016384813,0.05695397286386074,1.0
0.33333333333337123,0.002105645851154833,0.14581179136283123,0.5
0.6666666666667425,0.001539777587681779,0.11316390479872682,1.0
0.6666666666667425,0.0017437652168191089,0.12780645045271857,0.0
0.6666666666667425,0.004820030269132065,0.33126230702140863,1.0
0.6666666666667425,0.003750740277686385,0.25820692879685664,1.0
0.6666666666667425,0.004244258735276699,0.2919247956697268,1.0
0.6666666666667425,0.013127590971902348,0.8988463993813897,1.0
0.33333333333337123,0.004737777192867013,0.32564266254259694,0.0
0.33333333333337123,0.0076988879384088955,0.5279498637798179,0.0
0.33333333333337123,0.004244258735276699,0.2919247956697268,1.0
0.33333333333337123,0.0024346910574455484,0.16829261713586952,1.0
0.6666666666667425,0.012305060209251826,0.8426499545932727,1.0
0.6666666666667425,0.0035862341251562805,0.25911056762904955,0.0
0.6666666666667425,0.0056261104165295775,0.38633482291376325,1.0
0.6666666666667425,0.0018424689083371719,0.13489169821160435,1.0
0.6666666666667425,0.0013818516812528787,0.09636116780707986,1.0
0.6666666666667425,0.00046061722708429296,0.0334211496443889,0.0
0.33333333333337123,0.007040863328288478,0.48299270794932436,0.0
0.33333333333337123,0.2794630519181417,0.16236726399741047,0.5
0.33333333333337123,0.23011120615911035,0.13167726156972406,0.5
0.6666666666667425,0.004737777192867013,0.32564266254259694,1.0
0.33333333333337123,0.0027637033625057573,0.1907711950511163,1.0
0.6666666666667425,0.0030927156675659667,0.21324977296636308,1.0
0.33333333333337123,0.0030927156675659667,0.21324977296636308,0.0
0.6666666666667425,0.0030927156675659667,0.21324977296636308,0.5
0.6666666666667425,0.004540369809830887,0.3121555157934489,0.5
0.6666666666667425,0.004671974731854971,0.33800363253819116,1.0
0.33333333333337123,0.0005922221491083766,0.04241258081048761,1.0
0.33333333333337123,0.0010659998683950778,0.07478173300844296,1.0
0.6666666666667425,0.0030927156675659667,0.21324977296636308,0.5
0.33333333333337123,0.0025169441337106004,0.1739122616146812,1.0
0.33333333333337123,0.0011844442982167531,0.10006114173192948,0.5
0.33333333333337123,0.09850628413502664,0.0796595844160515,0.5
0.6666666666667425,0.003750740277686385,0.25820692879685664,1.0
0.6666666666667425,0.0024346910574455484,0.17740318476491904,0.0
0.33333333333337123,0.00046061722708429296,0.0334211496443889,1.0
0.6666666666667425,0.00391524643021649,0.26944621775448,0.0
0.33333333333337123,0.022833453971178523,0.00974221566846795,0.0
0.33333333333337123,0.003750740277686385,0.25820692879685664,0.5
0.33333333333337123,9.080739619661776e-05,0.011738313387341864,0.5
0.33333333333337123,0.0024346910574455484,0.23581152161989627,0.0
0.6666666666667425,0.00046061722708429296,0.035698229587203395,1.0
0.33333333333337123,0.0014476541422649206,0.10085688339012921,1.0
0.33333333333337123,0.006382838718168059,0.43803555211883083,1.0
0.33333333333337123,0.0017766664473251297,0.12333546130537598,0.5
0.33333333333337123,0.006382838718168059,0.43803555211883083,1.0
0.33333333333337123,0.0030927156675659667,0.21324977296636308,0.5
0.33333333333337123,0.0030927156675659667,0.21324977296636308,1.0
0.33333333333337123,0.002105678752385339,0.17446073891581323,0.5
0.0,0.0015134237020464564,0.1217687044246833,1.0
0.33333333333337123,0.0015463578337829834,0.12929003659512486,0.5
0.33333333333337123,0.0017766664473251297,0.1739752016328439,1.0
0.33333333333337123,0.005395801802987431,0.37059981837309053,1.0
0.33333333333337123,0.004737777192867013,0.32564266254259694,1.0
0.33333333333337123,0.0016121602947950253,0.1120961723477526,0.5
0.33333333333337123,0.008027900243469105,0.5504284416950647,0.0
0.33333333333337123,0.0024346910574455484,0.16829261713586952,1.0
0.0,0.002105678752385339,0.14581403922062275,1.0
0.33333333333337123,0.003421727972626176,0.2807439510146831,0.5
0.33333333333337123,0.0015792590642890042,0.13194700450470703,0.5
0.0,0.0017766664473251297,0.14228040677234596,1.0
0.33333333333337123,0.002599197209975653,0.17953190609349293,0.0
0.33333333333337123,0.0073698756333486866,0.5054712858645711,0.5
0.33333333333337123,0.00391524643021649,0.26944621775448,1.0
0.33333333333337123,0.003750740277686385,0.25820692879685664,1.0
0.0,0.014608146344673289,1.0,0.0
0.0,0.0011515430677107323,0.09357157628779773,0.5
0.0,0.0019411725998552346,0.15509769189961967,0.5
0.33333333333337123,0.005050338882674211,0.27443870990945635,0.5
0.33333333333337123,0.004540369809830887,0.3121555157934489,1.0
0.33333333333337123,0.00024346910574455483,0.01858528822032603,1.0
0.33333333333337123,0.0029282095150358622,0.15879317010888624,1.0
0.33333333333337123,0.004737777192867013,0.32564266254259694,1.0
0.0,0.0031914193590840295,0.2199933463409371,1.0
0.33333333333337123,0.004836480884385075,0.332386235917171,1.0
0.33333333333337123,0.0027637033625057573,0.1907711950511163,1.0
0.33333333333337123,0.0027637033625057573,0.1907711950511163,1.0
0.33333333333337123,0.0017766664473251297,0.12333546130537598,1.0
0.33333333333337123,0.0014476541422649206,0.10085688339012921,1.0
0.33333333333337123,0.00019740738303612552,0.015438287312191483,1.0
0.33333333333337123,0.012963084819372243,0.0006226566082523349,0.5
0.33333333333337123,0.008685924853589523,0.5953855975255582,1.0
0.33333333333337123,0.0020398762913732974,0.1103833047106108,0.5
0.33333333333337123,0.0011186418372047115,0.09474720591276514,1.0
0.33333333333337123,0.004079752582746595,0.33388555706411793,1.0
0.33333333333337123,0.003421727972626176,0.05247399228535206,1.0
0.33333333333337123,0.003421727972626176,0.23572835088160984,1.0
0.33333333333337123,0.0017766664473251297,0.1739752016328439,0.5
0.0,0.008027900243469105,0.5504284416950647,0.5
0.33333333333337123,0.0014476541422649206,0.12131688500858681,0.5
0.33333333333337123,0.0024346910574455484,0.16829261713586952,1.0
0.0,0.00013160492202408372,0.010942571729142127,1.0
0.0,0.0043429624267947615,0.29866836904430083,1.0
0.33333333333337123,0.004408764887806804,0.30316408462735017,1.0
0.33333333333337123,0.0020069750608672763,0.1664875873292752,1.0
0.33333333333337123,0.005395801802987431,0.37059981837309053,1.0
0.33333333333337123,0.0024346910574455484,0.16829261713586952,1.0
0.0,0.0013081529249193919,0.09132596635406458,1.0
0.33333333333337123,0.0030927156675659667,0.21324977296636308,1.0
0.33333333333337123,0.001283147989734816,0.10803204546067598,0.5
0.33333333333337123,0.0075343817858787914,0.5167105748221945,1.0
0.33333333333337123,0.004737777192867013,0.32564266254259694,1.0
0.0,0.002105678752385339,0.1679172248846849,0.5
0.33333333333337123,0.007205369480818582,0.49423199690694775,1.0
0.33333333333337123,0.0019411725998552346,0.16117365151011087,1.0
0.0,0.001250246759228795,0.10126149779260366,0.0
0.33333333333337123,0.0022701849049154435,0.18774557846372408,1.0
0.33333333333337123,0.0022701849049154435,0.22035300358758106,1.0
0.33333333333337123,0.0025169441337106004,0.24354190456494965,1.0
0.33333333333337123,0.0024346910574455484,0.20103041801163493,0.5
0.33333333333337123,0.07383036125551094,0.056861810694408224,1.0
0.33333333333337123,0.004737777192867013,0.32564266254259694,1.0
0.33333333333337123,0.0035862341251562805,0.24696763983923323,1.0
0.33333333333337123,0.0075343817858787914,0.40980695397286393,1.0
0.33333333333337123,0.0010349411067973942,0.10427137937545519,0.5
0.0,0.0032901230506020922,0.22673691971551113,1.0
0.0,0.0026979009014937157,0.2421841984588687,0.5
0.33333333333337123,0.361716128183194,0.06996906947678862,0.5
0.33333333333337123,0.004737777192867013,0.32564266254259694,1.0
0.0,0.0002632098440481674,0.024353291313378354,1.0
0.33333333333337123,0.002467592287951569,0.2036873859212171,1.0
0.33333333333337123,0.002105678752385339,0.14581403922062275,1.0
0.0,0.0017766664473251297,0.16145463373405147,1.0
0.33333333333337123,0.003750740277686385,0.18918420745029987,0.5
0.33333333333337123,0.0721852997302099,0.05534001096954602,0.5
0.33333333333337123,0.008883332236625649,0.6088727442747063,0.0
0.0,0.005988023952095808,0.4110612586205347,1.0
0.33333333333337123,0.005066789497927222,0.3481212404578437,1.0
0.0,0.003257221820096071,0.22448906192398646,1.0
0.33333333333337123,0.006382838718168059,0.43803555211883083,1.0
0.33333333333337123,0.005527406725011515,0.3795912495391892,1.0
0.33333333333337123,0.00286240705402382,0.19751476842569032,1.0
0.33333333333337123,0.0688951766796078,0.05230090723540466,1.0
0.33333333333337123,0.00149371586497335,0.12503708965356017,0.5
0.33333333333337123,0.0027637033625057573,0.1907711950511163,1.0
0.0,0.001826018293084161,0.14612649145364467,0.5
0.0,0.014608146344673289,0.002112986324033197,0.0
0.0,0.023491478581298936,0.06379195626567881,0.0
0.33333333333337123,0.005395801802987431,0.37059981837309053,1.0
0.33333333333337123,0.002105678752385339,0.20489223769747433,0.5
0.33333333333337123,0.003355925511614134,0.015669816664718523,0.0
0.33333333333337123,0.0008225307626505232,0.0708322468687341,0.5
0.33333333333337123,0.0015299072185299728,0.15078630065547535,0.5
0.0,0.0027966045930117784,0.19301905284264098,1.0
0.33333333333337123,0.00391524643021649,0.21258215920228024,0.5
0.33333333333337123,0.005231295650457326,0.3593605294154671,1.0
0.33333333333337123,0.0024346910574455484,0.16829261713586952,1.0
0.33333333333337123,0.004079752582746595,0.22154661607488066,1.0
0.33333333333337123,0.05244456142659735,0.0371008928491148,0.5
0.0,0.0011844442982167531,0.08287402105793179,0.5
0.0,0.0035862341251562805,0.24696763983923323,0.0
0.33333333333337123,0.0024346910574455484,0.13189979949108502,1.0
0.0,0.008356912548529315,0.5729070196103114,0.0
0.33333333333337123,0.003421727972626176,0.23572835088160984,0.0
0.33333333333337123,0.00572481410804764,0.3930783962883373,1.0
0.33333333333337123,0.006382838718168059,0.43803555211883083,1.0
0.0,0.002599197209975653,0.23353444167708176,0.5
0.33333333333337123,0.006382838718168059,0.43803555211883083,1.0
0.33333333333337123,0.00822530762650523,0.5639155884442127,1.0
0.33333333333337123,0.003421727972626176,0.23572835088160984,1.0
0.0,0.002105678752385339,0.1679172248846849,0.0
0.33333333333337123,0.0021879318286503915,0.15143368369943444,1.0
0.33333333333337123,0.005889320260577745,0.4043176852459607,0.5
0.33333333333337123,0.0017437652168191089,0.14523184405261785,1.0
0.33333333333337123,0.0030927156675659667,0.21324977296636308,0.0
0.33333333333337123,0.0034875304336382178,0.24022406646465919,1.0
0.0,0.004737777192867013,0.32564266254259694,0.5
0.33333333333337123,0.00572481410804764,0.03380553332673962,0.5
0.33333333333337123,0.0016121602947950253,0.1120961723477526,1.0
0.33333333333337123,0.001710863986313088,0.11883974572232664,0.5
0.33333333333337123,0.0030927156675659667,0.21324977296636308,1.0
0.33333333333337123,0.0019648614858195695,0.16308657849069838,0.5
0.33333333333337123,0.002599197209975653,0.17953190609349293,1.0
0.33333333333337123,0.0019411725998552346,0.16117365151011087,0.0
0.33333333333337123,0.003257221820096071,0.22448906192398646,1.0
0.0,0.0021714812133973808,0.15030975480367212,1.0
0.33333333333337123,0.0016121602947950253,0.1346039724142892,0.5
0.33333333333337123,0.008027900243469105,0.05143997770125071,1.0
0.33333333333337123,0.003480127656774363,0.23971829846156614,0.0
0.33333333333337123,0.0028673422385997235,0.19785194709441903,0.0
0.33333333333337123,0.005066789497927222,0.3481212404578437,0.5
0.33333333333337123,0.0005132591958939264,0.04585629894710341,1.0
0.33333333333337123,0.16101862209646642,0.13741829036927808,0.0
0.33333333333337123,0.04092913074949003,0.026461781921828503,1.0
0.33333333333337123,0.0015792590642890042,0.13194700450470703,0.5
0.0,0.00605382641310785,0.41555697420358406,1.0
0.33333333333337123,0.003750740277686385,0.3073136301105047,0.0
0.33333333333337123,0.03928406922418898,0.024942230054757816,1.0
0.33333333333337123,0.0027637033625057573,0.14982871323628583,1.0
0.0,0.361716128183194,0.0687911919940297,0.5
0.33333333333337123,0.004244258735276699,0.2919247956697268,0.0
0.33333333333337123,0.0004935184575903138,0.04426256777291242,0.5
0.33333333333337123,0.13140751464104758,0.11005961318863124,0.5
0.33333333333337123,0.05902470882411001,0.04318134817518905,1.0
0.33333333333337123,0.00010765282621570048,0.009306131256912164,1.0
0.33333333333337123,0.00463907350134895,0.31889908916802295,0.5
0.33333333333337123,0.0037671908929393953,0.20451234973070664,0.5
0.33333333333337123,0.005527406725011515,0.3795912495391892,1.0
0.0,0.004244258735276699,0.2919247956697268,1.0
0.33333333333337123,0.0005212870961373955,0.037566199411960405,0.5
0.0,0.00391524643021649,0.26944621775448,0.5
0.0,0.001283147989734816,0.10382630353273331,0.0
0.0,0.09850628413502664,0.07945952507260581,0.0
0.33333333333337123,0.0017437652168191089,0.14523184405261785,1.0
0.33333333333337123,0.0014476541422649206,0.10085688339012921,1.0
0.0,0.0009541356846746068,0.07818948542039436,0.0
0.0,0.0026649996709876946,0.18402762167654227,1.0
0.33333333333337123,0.0005264196880963348,0.04691953568249459,0.0
0.33333333333337123,0.0023280910706060406,0.19242112267009542,0.5
0.33333333333337123,0.054813450023030855,0.03929030633805983,0.0
0.33333333333337123,0.013621109429492661,0.0012295782119639987,1.0
0.33333333333337123,0.002467592287951569,0.17054047492739421,0.5
0.33333333333337123,0.9999999999999999,0.07846372407096038,1.0
0.33333333333337123,0.0027637033625057573,0.1907711950511163,1.0
0.33333333333337123,0.0015134566032769625,0.1266330686855427,0.5
0.33333333333337123,0.006218332565637954,0.42679626316120745,1.0
0.33333333333337123,0.000855431993156544,0.07348921477831627,1.0
0.0,0.002599197209975653,0.17953190609349293,1.0
0.33333333333337123,0.013489504507468579,0.9235728350881611,1.0
0.33333333333337123,0.007205369480818582,0.49423199690694775,1.0
0.33333333333337123,0.0011482529446601303,0.11491948173390759,0.5
0.33333333333337123,0.08205566888201618,0.06445957002976165,0.0
0.33333333333337123,0.002599197209975653,0.2512700396522115,0.5
0.33333333333337123,0.00572481410804764,0.09320742332557073,1.0
0.0,6.580246101204186e-05,0.006446856146092774,0.5
0.0,0.146213068368757,0.08217493728476762,1.0
0.0,0.0030927156675659667,0.2448254313639102,1.0
0.33333333333337123,0.0022701849049154435,0.18774557846372408,1.0
0.0,0.013719813121010725,0.0012925182301266897,0.5
0.0,0.0016450615253010461,0.11434403013927727,1.0
0.33333333333337123,0.00572481410804764,0.05277295737162484,0.5
0.33333333333337123,0.0022701849049154435,0.18774557846372408,0.5
0.0,0.014608146344673289,0.002112986324033197,1.0
0.0,0.0011844442982167531,0.09613413417013586,0.5
0.0,0.003026913206553925,0.2087540573833137,0.0
0.33333333333337123,0.0013818516812528787,0.1368720609259376,0.5
0.33333333333337123,0.0013818516812528787,0.1160029491894225,0.5
0.33333333333337123,0.0004935184575903138,0.04426256777291242,0.5
0.33333333333337123,0.003750740277686385,0.25820692879685664,0.0
0.33333333333337123,0.00046061722708429296,0.0334211496443889,0.0
0.0,0.010495492531420673,0.7190177760594154,1.0
0.33333333333337123,0.006382838718168059,0.43803555211883083,1.0
0.0,0.00967296176877015,0.09163167501371194,0.5
0.33333333333337123,0.005066789497927222,0.3481212404578437,1.0
0.33333333333337123,0.0014476541422649206,0.10085688339012921,1.0
0.33333333333337123,0.0009212344541685859,0.07880315059748061,1.0
0.33333333333337123,0.0020925182601829306,0.017463607182355217,0.0
0.33333333333337123,0.005231295650457326,0.3593605294154671,0.0
0.33333333333337123,0.014114627887082976,0.0016858933436435068,0.0
0.0,0.0010199381456866487,0.08331684904286216,0.5
0.33333333333337123,0.005889320260577745,0.4043176852459607,1.0
0.0,0.0016121602947950253,0.12946312164507226,0.5
0.33333333333337123,0.0023280910706060406,0.19242112267009542,0.5
0.0,0.000427715996578272,0.03717282429844358,0.5
0.0,0.003421727972626176,0.23572835088160984,1.0
0.33333333333337123,0.004408764887806804,0.30316408462735017,1.0
0.0,0.003750740277686385,0.25820692879685664,0.5
0.33333333333337123,0.003421727972626176,0.18568654072668747,1.0
0.33333333333337123,0.001283147989734816,0.12759739967810677,0.5
0.33333333333337123,0.00019740738303612552,0.015438287312191483,0.5
0.33333333333337123,0.0019411725998552346,0.16117365151011087,0.5
0.33333333333337123,0.002237283674409423,0.15480547038672146,0.5
0.33333333333337123,0.004803579653879055,0.33013837812564634,1.0
0.33333333333337123,0.00039481476607225105,0.028925434061339548,0.0
0.0,0.0017766664473251297,0.12333546130537598,1.0
0.33333333333337123,0.004079752582746595,0.2806855067121034,0.5
0.33333333333337123,0.0031585181285780084,0.030964241078252425,0.0
0.33333333333337123,0.0014476541422649206,0.12131688500858681,1.0
0.33333333333337123,0.00463907350134895,0.37905625938480636,1.0
0.0,0.004079752582746595,0.3217336378431355,1.0
0.0,0.0009212344541685859,0.07562692753805624,1.0
0.33333333333337123,0.001105481345002303,0.09368396917737397,1.0
0.33333333333337123,0.043725735342501806,0.029044570524290356,1.0
0.0,0.0024346910574455484,0.19355179513923232,0.0
0.0,0.0016121602947950253,0.12946312164507226,0.5
0.33333333333337123,0.0035862341251562805,0.24696763983923323,0.5
0.33333333333337123,0.0075343817858787914,0.5167105748221945,1.0
0.33333333333337123,0.04750937685069421,0.032542237247902756,1.0
0.33333333333337123,0.00019740738303612552,0.015438287312191483,1.0
0.33333333333337123,0.0022701849049154435,0.15705332817824613,0.0
0.33333333333337123,0.0018424689083371719,0.12783117688842535,0.0
0.33333333333337123,0.002204382443903402,0.1525576125951968,0.0
0.33333333333337123,0.0010659998683950778,0.09049650682899198,1.0
0.0,0.006060406659209054,0.416006545761889,1.0
0.0,0.0036849378166743433,0.2537112132138073,1.0
0.0,0.004354477857471869,0.29945511927133445,1.0
0.0,0.004106073567151411,0.28248379294532316,1.0
0.0,0.0011186418372047115,0.09100677054766808,1.0
0.33333333333337123,0.005329999341975389,0.36610410279004113,0.0
0.33333333333337123,0.005066789497927222,0.2560916946150319,1.0
0.33333333333337123,0.013719813121010725,0.9393078396288338,0.5
0.33333333333337123,0.0005922221491083766,0.052233471501658926,0.5
0.33333333333337123,0.005231295650457326,0.3593605294154671,1.0
0.0,0.013357899585444494,0.9145814039220623,1.0
0.33333333333337123,0.004770678423373034,0.32789052033412164,1.0
0.0,0.003257221820096071,0.22448906192398646,1.0
0.0,0.0030927156675659667,0.21324977296636308,1.0
0.33333333333337123,0.23011120615911035,0.20125745164857892,0.5
